basket_id,customer_id,zone_code,ts_local,items,amount_aed,daypart,sample
B0000000,C00653,DXB-MOE,2025-09-07T08:00,2,56.0,morning,1
B0000001,C00979,DXB-MAR,2025-09-07T08:00,2,58.0,morning,1
B0000002,C01333,DXB-MAR,2025-09-07T08:00,2,44.0,morning,1
B0000003,C00543,DXB-DEI,2025-09-07T08:00,2,64.0,morning,1
B0000004,C00570,DXB-DEI,2025-09-07T09:00,1,18.0,morning,1
B0000005,C00922,DXB-MOE,2025-09-07T10:00,2,36.0,morning,1
B0000006,C00495,DXB-MOE,2025-09-07T10:00,1,24.0,morning,1
B0000007,C01024,DXB-DEI,2025-09-07T10:00,4,88.0,morning,1
B0000008,C00495,DXB-DTN,2025-09-07T11:00,3,74.0,midday,1
B0000009,C00780,DXB-DTN,2025-09-07T11:00,2,58.0,midday,1
B0000010,C00759,DXB-DTN,2025-09-07T11:00,2,42.0,midday,1
B0000011,C00215,DXB-MOE,2025-09-07T11:00,1,24.0,midday,1
B0000012,C00495,DXB-DEI,2025-09-07T12:00,1,32.0,midday,1
B0000013,C01712,DXB-DTN,2025-09-07T14:00,1,24.0,midday,1
B0000014,C01473,DXB-DEI,2025-09-07T15:00,2,48.0,midday,1
B0000015,C00493,DXB-MAR,2025-09-07T16:00,3,68.0,midday,1
B0000016,C00928,DXB-DTN,2025-09-07T17:00,2,52.0,evening,1
B0000017,C01238,DXB-MOE,2025-09-07T18:00,2,50.0,evening,1
B0000018,C02248,DXB-MOE,2025-09-07T20:00,2,44.0,evening,1
B0000019,C01856,DXB-MAR,2025-09-07T21:00,1,26.0,evening,1
B0000020,C01047,DXB-MAR,2025-09-07T23:00,1,26.0,evening,1
B0000021,C00745,DXB-DEI,2025-09-08T06:00,4,100.0,morning,1
B0000022,C00979,DXB-DTN,2025-09-08T08:00,2,44.0,morning,1
B0000023,C00429,DXB-DTN,2025-09-08T09:00,2,58.0,morning,1
B0000024,C00193,DXB-DTN,2025-09-08T09:00,2,50.0,morning,1
B0000025,C00842,DXB-MOE,2025-09-08T09:00,3,80.0,morning,1
B0000026,C02136,DXB-DEI,2025-09-08T09:00,1,26.0,morning,1
B0000027,C00778,DXB-MOE,2025-09-08T10:00,2,44.0,morning,1
B0000028,C01337,DXB-DEI,2025-09-08T10:00,1,32.0,morning,1
B0000029,C00916,DXB-MOE,2025-09-08T14:00,2,50.0,midday,1
B0000030,C00435,DXB-MOE,2025-09-08T15:00,1,24.0,midday,1
B0000031,C02129,DXB-MOE,2025-09-08T17:00,2,64.0,evening,1
B0000032,C02372,DXB-MOE,2025-09-08T17:00,1,24.0,evening,1
B0000033,C02086,DXB-MAR,2025-09-08T18:00,2,56.0,evening,1
B0000034,C00313,DXB-MOE,2025-09-08T19:00,1,32.0,evening,1
B0000035,C02151,DXB-DEI,2025-09-08T19:00,1,26.0,evening,1
B0000036,C01788,DXB-MOE,2025-09-08T20:00,1,26.0,evening,1
B0000037,C00278,DXB-MAR,2025-09-08T21:00,2,50.0,evening,1
B0000038,C00187,DXB-DTN,2025-09-09T07:00,1,24.0,morning,1
B0000039,C00262,DXB-MAR,2025-09-09T07:00,3,90.0,morning,1
B0000040,C02010,DXB-DEI,2025-09-09T07:00,2,50.0,morning,1
B0000041,C01191,DXB-DEI,2025-09-09T08:00,1,32.0,morning,1
B0000042,C00108,DXB-DTN,2025-09-09T09:00,1,24.0,morning,1
B0000043,C01050,DXB-MAR,2025-09-09T09:00,1,32.0,morning,1
B0000044,C00277,DXB-DEI,2025-09-09T09:00,1,26.0,morning,1
B0000045,C00142,DXB-DEI,2025-09-09T09:00,3,62.0,morning,1
B0000046,C01346,DXB-DTN,2025-09-09T16:00,2,64.0,midday,1
B0000047,C00415,DXB-MOE,2025-09-09T16:00,2,50.0,midday,1
B0000048,C00822,DXB-DTN,2025-09-09T17:00,1,18.0,evening,1
B0000049,C00572,DXB-MOE,2025-09-09T18:00,1,18.0,evening,1
B0000050,C01657,DXB-MOE,2025-09-09T19:00,3,82.0,evening,1
B0000051,C01865,DXB-MAR,2025-09-09T19:00,1,24.0,evening,1
B0000052,C01606,DXB-DTN,2025-09-09T20:00,1,18.0,evening,1
B0000053,C01109,DXB-MAR,2025-09-09T22:00,1,32.0,evening,1
B0000054,C00495,DXB-MAR,2025-09-10T08:00,1,32.0,morning,1
B0000055,C00862,DXB-DTN,2025-09-10T09:00,2,36.0,morning,1
B0000056,C00216,DXB-DTN,2025-09-10T09:00,3,68.0,morning,1
B0000057,C00358,DXB-DEI,2025-09-10T16:00,1,26.0,midday,1
B0000058,C01337,DXB-DEI,2025-09-10T16:00,1,26.0,midday,1
B0000059,C00802,DXB-DTN,2025-09-10T17:00,1,24.0,evening,1
B0000060,C00697,DXB-MAR,2025-09-10T17:00,2,58.0,evening,1
B0000061,C00647,DXB-DTN,2025-09-10T18:00,3,62.0,evening,1
B0000062,C02076,DXB-DTN,2025-09-10T18:00,1,26.0,evening,1
B0000063,C00495,DXB-MOE,2025-09-10T18:00,1,26.0,evening,1
B0000064,C01456,DXB-MAR,2025-09-10T18:00,1,26.0,evening,1
B0000065,C02269,DXB-DEI,2025-09-10T18:00,3,82.0,evening,1
B0000066,C00624,DXB-DTN,2025-09-10T19:00,1,26.0,evening,1
B0000067,C02210,DXB-MAR,2025-09-10T19:00,1,26.0,evening,1
B0000068,C01042,DXB-DTN,2025-09-10T20:00,2,42.0,evening,1
B0000069,C00041,DXB-MAR,2025-09-10T20:00,1,18.0,evening,1
B0000070,C01612,DXB-DTN,2025-09-10T22:00,2,42.0,evening,1
B0000071,C01040,DXB-MAR,2025-09-10T22:00,1,24.0,evening,1
B0000072,C01569,DXB-MAR,2025-09-10T23:00,3,74.0,evening,1
B0000073,C00037,DXB-MAR,2025-09-11T07:00,1,26.0,morning,1
B0000074,C00368,DXB-DEI,2025-09-11T07:00,1,24.0,morning,1
B0000075,C00805,DXB-DEI,2025-09-11T07:00,1,24.0,morning,1
B0000076,C00406,DXB-DTN,2025-09-11T08:00,2,58.0,morning,1
B0000077,C01587,DXB-MOE,2025-09-11T08:00,2,52.0,morning,1
B0000078,C01669,DXB-MAR,2025-09-11T08:00,1,18.0,morning,1
B0000079,C00987,DXB-DTN,2025-09-11T09:00,2,50.0,morning,1
B0000080,C02001,DXB-DTN,2025-09-11T09:00,1,32.0,morning,1
B0000081,C01623,DXB-MOE,2025-09-11T09:00,1,32.0,morning,1
B0000082,C01246,DXB-DTN,2025-09-11T11:00,3,66.0,midday,1
B0000083,C02269,DXB-MOE,2025-09-11T11:00,1,18.0,midday,1
B0000084,C00406,DXB-MAR,2025-09-11T11:00,1,18.0,midday,1
B0000085,C00391,DXB-MOE,2025-09-11T13:00,1,32.0,midday,1
B0000086,C00662,DXB-MOE,2025-09-11T13:00,3,76.0,midday,1
B0000087,C00656,DXB-MOE,2025-09-11T16:00,2,42.0,midday,1
B0000088,C01448,DXB-MAR,2025-09-11T17:00,2,50.0,evening,1
B0000089,C01862,DXB-DEI,2025-09-11T18:00,1,26.0,evening,1
B0000090,C01305,DXB-DEI,2025-09-11T19:00,1,18.0,evening,1
B0000091,C01075,DXB-MAR,2025-09-11T20:00,1,18.0,evening,1
B0000092,C02208,DXB-DTN,2025-09-11T21:00,1,24.0,evening,1
B0000093,C01851,DXB-MOE,2025-09-11T21:00,1,32.0,evening,1
B0000094,C01863,DXB-DTN,2025-09-11T22:00,1,18.0,evening,1
B0000095,C01235,DXB-MAR,2025-09-11T22:00,1,18.0,evening,1
B0000096,C00062,DXB-DEI,2025-09-12T06:00,1,24.0,morning,1
B0000097,C01718,DXB-DEI,2025-09-12T07:00,2,56.0,morning,1
B0000098,C01714,DXB-DEI,2025-09-12T07:00,1,26.0,morning,1
B0000099,C01700,DXB-DEI,2025-09-12T08:00,1,32.0,morning,1
B0000100,C00117,DXB-MOE,2025-09-12T09:00,2,64.0,morning,1
B0000101,C00956,DXB-MAR,2025-09-12T09:00,3,76.0,morning,1
B0000102,C01272,DXB-MAR,2025-09-12T10:00,1,18.0,morning,1
B0000103,C02198,DXB-DTN,2025-09-12T11:00,1,18.0,midday,1
B0000104,C01500,DXB-MAR,2025-09-12T11:00,2,44.0,midday,1
B0000105,C00928,DXB-MOE,2025-09-12T12:00,1,18.0,midday,1
B0000106,C00842,DXB-MOE,2025-09-12T14:00,1,18.0,midday,1
B0000107,C00092,DXB-MAR,2025-09-12T14:00,3,70.0,midday,1
B0000108,C02156,DXB-DTN,2025-09-12T15:00,2,44.0,midday,1
B0000109,C01292,DXB-MOE,2025-09-12T16:00,1,32.0,midday,1
B0000110,C02132,DXB-DTN,2025-09-12T17:00,1,18.0,evening,1
B0000111,C00528,DXB-MAR,2025-09-12T17:00,1,24.0,evening,1
B0000112,C01619,DXB-DTN,2025-09-12T18:00,1,24.0,evening,1
B0000113,C00092,DXB-MAR,2025-09-12T18:00,3,82.0,evening,1
B0000114,C02170,DXB-DEI,2025-09-12T18:00,1,18.0,evening,1
B0000115,C00949,DXB-DTN,2025-09-12T19:00,1,32.0,evening,1
B0000116,C00662,DXB-MAR,2025-09-12T20:00,1,26.0,evening,1
B0000117,C00921,DXB-MAR,2025-09-12T20:00,1,26.0,evening,1
B0000118,C00189,DXB-MOE,2025-09-12T22:00,2,42.0,evening,1
B0000119,C01817,DXB-MAR,2025-09-12T22:00,2,50.0,evening,1
B0000120,C01889,DXB-DEI,2025-09-13T07:00,1,26.0,morning,1
B0000121,C01363,DXB-DEI,2025-09-13T07:00,1,26.0,morning,1
B0000122,C01939,DXB-DTN,2025-09-13T08:00,1,24.0,morning,1
B0000123,C02288,DXB-DTN,2025-09-13T08:00,1,32.0,morning,1
B0000124,C00347,DXB-MAR,2025-09-13T08:00,1,26.0,morning,1
B0000125,C00133,DXB-DEI,2025-09-13T08:00,1,32.0,morning,1
B0000126,C01233,DXB-MAR,2025-09-13T09:00,1,26.0,morning,1
B0000127,C01631,DXB-MAR,2025-09-13T10:00,3,68.0,morning,1
B0000128,C00778,DXB-MOE,2025-09-13T12:00,3,84.0,midday,1
B0000129,C01338,DXB-DTN,2025-09-13T14:00,1,18.0,midday,1
B0000130,C00570,DXB-MOE,2025-09-13T14:00,2,44.0,midday,1
B0000131,C00432,DXB-MOE,2025-09-13T16:00,3,68.0,midday,1
B0000132,C01583,DXB-MAR,2025-09-13T16:00,1,18.0,midday,1
B0000133,C01802,DXB-DTN,2025-09-13T17:00,1,32.0,evening,1
B0000134,C02066,DXB-DTN,2025-09-13T17:00,1,26.0,evening,1
B0000135,C00928,DXB-DTN,2025-09-13T18:00,1,24.0,evening,1
B0000136,C02009,DXB-DTN,2025-09-13T20:00,1,18.0,evening,1
B0000137,C01105,DXB-MOE,2025-09-13T20:00,1,24.0,evening,1
B0000138,C02099,DXB-MOE,2025-09-13T20:00,1,18.0,evening,1
B0000139,C01967,DXB-MOE,2025-09-13T20:00,1,32.0,evening,1
B0000140,C02193,DXB-DTN,2025-09-13T22:00,3,66.0,evening,1
B0000141,C02310,DXB-MAR,2025-09-13T23:00,3,54.0,evening,1
B0000142,C01896,DXB-DEI,2025-09-14T06:00,2,36.0,morning,1
B0000143,C00008,DXB-MAR,2025-09-14T07:00,2,50.0,morning,1
B0000144,C00678,DXB-MOE,2025-09-14T08:00,2,58.0,morning,1
B0000145,C01745,DXB-DEI,2025-09-14T08:00,1,26.0,morning,1
B0000146,C01262,DXB-DEI,2025-09-14T08:00,2,56.0,morning,1
B0000147,C00739,DXB-DTN,2025-09-14T09:00,1,18.0,morning,1
B0000148,C00423,DXB-MOE,2025-09-14T09:00,1,24.0,morning,1
B0000149,C00444,DXB-MOE,2025-09-14T09:00,1,24.0,morning,1
B0000150,C00779,DXB-MAR,2025-09-14T09:00,1,24.0,morning,1
B0000151,C02004,DXB-DEI,2025-09-14T09:00,3,74.0,morning,1
B0000152,C01780,DXB-DTN,2025-09-14T10:00,2,58.0,morning,1
B0000153,C00309,DXB-MOE,2025-09-14T10:00,3,76.0,morning,1
B0000154,C01653,DXB-MOE,2025-09-14T10:00,1,18.0,morning,1
B0000155,C02007,DXB-DTN,2025-09-14T11:00,2,50.0,midday,1
B0000156,C01496,DXB-DTN,2025-09-14T11:00,2,42.0,midday,1
B0000157,C01895,DXB-MOE,2025-09-14T11:00,1,32.0,midday,1
B0000158,C02056,DXB-MOE,2025-09-14T14:00,1,26.0,midday,1
B0000159,C01584,DXB-MOE,2025-09-14T14:00,1,32.0,midday,1
B0000160,C02362,DXB-MAR,2025-09-14T16:00,2,42.0,midday,1
B0000161,C01332,DXB-MOE,2025-09-14T18:00,2,50.0,evening,1
B0000162,C01233,DXB-DEI,2025-09-14T18:00,1,18.0,evening,1
B0000163,C00921,DXB-DEI,2025-09-14T18:00,1,32.0,evening,1
B0000164,C02023,DXB-DTN,2025-09-14T19:00,3,76.0,evening,1
B0000165,C01986,DXB-DTN,2025-09-14T19:00,1,18.0,evening,1
B0000166,C00629,DXB-MOE,2025-09-14T19:00,1,18.0,evening,1
B0000167,C00117,DXB-MAR,2025-09-14T19:00,2,44.0,evening,1
B0000168,C01337,DXB-DEI,2025-09-14T19:00,1,18.0,evening,1
B0000169,C01868,DXB-DEI,2025-09-14T19:00,1,24.0,evening,1
B0000170,C01688,DXB-MAR,2025-09-14T20:00,1,24.0,evening,1
B0000171,C01127,DXB-MAR,2025-09-14T21:00,2,50.0,evening,1
B0000172,C01463,DXB-MAR,2025-09-14T21:00,1,24.0,evening,1
B0000173,C01404,DXB-DTN,2025-09-15T07:00,1,18.0,morning,1
B0000174,C01593,DXB-MAR,2025-09-15T07:00,2,50.0,morning,1
B0000175,C00290,DXB-DTN,2025-09-15T08:00,3,76.0,morning,1
B0000176,C01094,DXB-DTN,2025-09-15T09:00,1,18.0,morning,1
B0000177,C01967,DXB-MAR,2025-09-15T09:00,3,82.0,morning,1
B0000178,C00108,DXB-DEI,2025-09-15T09:00,1,18.0,morning,1
B0000179,C01252,DXB-DTN,2025-09-15T10:00,4,94.0,morning,1
B0000180,C00275,DXB-MOE,2025-09-15T10:00,1,32.0,morning,1
B0000181,C01337,DXB-MOE,2025-09-15T10:00,2,44.0,morning,1
B0000182,C02036,DXB-MOE,2025-09-15T12:00,2,36.0,midday,1
B0000183,C01479,DXB-MOE,2025-09-15T14:00,2,42.0,midday,1
B0000184,C00922,DXB-DTN,2025-09-15T15:00,2,44.0,midday,1
B0000185,C01007,DXB-MAR,2025-09-15T15:00,2,42.0,midday,1
B0000186,C01337,DXB-MOE,2025-09-15T16:00,1,26.0,midday,1
B0000187,C02136,DXB-MOE,2025-09-15T17:00,1,26.0,evening,1
B0000188,C00860,DXB-MOE,2025-09-15T18:00,1,24.0,evening,1
B0000189,C00413,DXB-MOE,2025-09-15T18:00,4,96.0,evening,1
B0000190,C01020,DXB-MAR,2025-09-15T18:00,3,54.0,evening,1
B0000191,C01780,DXB-MOE,2025-09-15T19:00,1,18.0,evening,1
B0000192,C02244,DXB-MAR,2025-09-15T19:00,1,32.0,evening,1
B0000193,C00401,DXB-MOE,2025-09-15T20:00,1,26.0,evening,1
B0000194,C02095,DXB-MOE,2025-09-15T21:00,2,64.0,evening,1
B0000195,C00506,DXB-MOE,2025-09-16T09:00,2,48.0,morning,1
B0000196,C00495,DXB-MOE,2025-09-16T09:00,1,24.0,morning,1
B0000197,C00103,DXB-MAR,2025-09-16T09:00,1,32.0,morning,1
B0000198,C00289,DXB-DTN,2025-09-16T10:00,1,24.0,morning,1
B0000199,C00561,DXB-DTN,2025-09-16T11:00,1,32.0,midday,1
B0000200,C01742,DXB-MOE,2025-09-16T11:00,1,18.0,midday,1
B0000201,C00108,DXB-MOE,2025-09-16T11:00,2,44.0,midday,1
B0000202,C00536,DXB-DTN,2025-09-16T12:00,1,26.0,midday,1
B0000203,C01146,DXB-DTN,2025-09-16T13:00,1,24.0,midday,1
B0000204,C01852,DXB-DTN,2025-09-16T14:00,1,32.0,midday,1
B0000205,C00184,DXB-DTN,2025-09-16T14:00,1,24.0,midday,1
B0000206,C01225,DXB-MOE,2025-09-16T14:00,3,66.0,midday,1
B0000207,C00592,DXB-DEI,2025-09-16T14:00,1,18.0,midday,1
B0000208,C01458,DXB-MOE,2025-09-16T15:00,4,108.0,midday,1
B0000209,C00495,DXB-MOE,2025-09-16T15:00,1,24.0,midday,1
B0000210,C01496,DXB-MOE,2025-09-16T16:00,1,32.0,midday,1
B0000211,C02083,DXB-MOE,2025-09-16T20:00,1,24.0,evening,1
B0000212,C00391,DXB-MOE,2025-09-16T20:00,3,84.0,evening,1
B0000213,C00802,DXB-MAR,2025-09-16T20:00,2,50.0,evening,1
B0000214,C02098,DXB-MOE,2025-09-16T21:00,1,32.0,evening,1
B0000215,C01431,DXB-MOE,2025-09-16T21:00,1,24.0,evening,1
B0000216,C01846,DXB-DTN,2025-09-16T22:00,2,58.0,evening,1
B0000217,C00032,DXB-MOE,2025-09-16T22:00,1,26.0,evening,1
B0000218,C02244,DXB-MOE,2025-09-16T22:00,1,18.0,evening,1
B0000219,C00884,DXB-MOE,2025-09-16T22:00,2,56.0,evening,1
B0000220,C00819,DXB-DEI,2025-09-17T07:00,2,56.0,morning,1
B0000221,C00335,DXB-DTN,2025-09-17T08:00,1,24.0,morning,1
B0000222,C01075,DXB-DEI,2025-09-17T08:00,1,26.0,morning,1
B0000223,C01220,DXB-DTN,2025-09-17T09:00,2,36.0,morning,1
B0000224,C00269,DXB-DTN,2025-09-17T10:00,2,58.0,morning,1
B0000225,C01898,DXB-MOE,2025-09-17T10:00,1,32.0,morning,1
B0000226,C01206,DXB-MOE,2025-09-17T10:00,1,32.0,morning,1
B0000227,C02202,DXB-MAR,2025-09-17T10:00,1,32.0,morning,1
B0000228,C01250,DXB-DEI,2025-09-17T10:00,2,44.0,morning,1
B0000229,C01368,DXB-DTN,2025-09-17T11:00,2,52.0,midday,1
B0000230,C01779,DXB-MOE,2025-09-17T11:00,1,32.0,midday,1
B0000231,C01729,DXB-MOE,2025-09-17T14:00,2,56.0,midday,1
B0000232,C00264,DXB-MOE,2025-09-17T14:00,1,32.0,midday,1
B0000233,C00763,DXB-DEI,2025-09-17T15:00,1,18.0,midday,1
B0000234,C01545,DXB-MAR,2025-09-17T17:00,2,64.0,evening,1
B0000235,C01337,DXB-DTN,2025-09-17T18:00,1,32.0,evening,1
B0000236,C00108,DXB-MAR,2025-09-17T18:00,1,32.0,evening,1
B0000237,C01152,DXB-MOE,2025-09-17T19:00,2,64.0,evening,1
B0000238,C01181,DXB-DTN,2025-09-17T20:00,1,24.0,evening,1
B0000239,C00731,DXB-MOE,2025-09-17T20:00,1,26.0,evening,1
B0000240,C01824,DXB-MAR,2025-09-17T23:00,1,24.0,evening,1
B0000241,C01007,DXB-MOE,2025-09-18T08:00,1,18.0,morning,1
B0000242,C02351,DXB-DEI,2025-09-18T09:00,2,56.0,morning,1
B0000243,C01360,DXB-MOE,2025-09-18T10:00,3,80.0,morning,1
B0000244,C01720,DXB-MOE,2025-09-18T10:00,1,32.0,morning,1
B0000245,C00856,DXB-MAR,2025-09-18T10:00,1,24.0,morning,1
B0000246,C01824,DXB-MOE,2025-09-18T11:00,3,68.0,midday,1
B0000247,C00549,DXB-MOE,2025-09-18T12:00,3,82.0,midday,1
B0000248,C00626,DXB-DEI,2025-09-18T15:00,1,26.0,midday,1
B0000249,C00739,DXB-MOE,2025-09-18T18:00,1,32.0,evening,1
B0000250,C00101,DXB-MOE,2025-09-18T18:00,2,64.0,evening,1
B0000251,C01189,DXB-MAR,2025-09-18T18:00,1,18.0,evening,1
B0000252,C01405,DXB-MOE,2025-09-18T19:00,1,32.0,evening,1
B0000253,C00126,DXB-MAR,2025-09-18T19:00,1,26.0,evening,1
B0000254,C00155,DXB-DTN,2025-09-18T20:00,3,66.0,evening,1
B0000255,C00417,DXB-DEI,2025-09-18T20:00,2,50.0,evening,1
B0000256,C01700,DXB-DEI,2025-09-18T21:00,2,58.0,evening,1
B0000257,C00165,DXB-MAR,2025-09-19T07:00,1,26.0,morning,1
B0000258,C01994,DXB-MOE,2025-09-19T09:00,2,56.0,morning,1
B0000259,C01415,DXB-MAR,2025-09-19T09:00,3,74.0,morning,1
B0000260,C01016,DXB-MAR,2025-09-19T09:00,2,44.0,morning,1
B0000261,C00595,DXB-DTN,2025-09-19T10:00,2,50.0,morning,1
B0000262,C02110,DXB-DEI,2025-09-19T10:00,1,32.0,morning,1
B0000263,C01226,DXB-MOE,2025-09-19T11:00,2,52.0,midday,1
B0000264,C01767,DXB-MOE,2025-09-19T13:00,1,32.0,midday,1
B0000265,C01861,DXB-MAR,2025-09-19T15:00,1,24.0,midday,1
B0000266,C00789,DXB-MOE,2025-09-19T16:00,2,50.0,midday,1
B0000267,C00305,DXB-DEI,2025-09-19T17:00,1,24.0,evening,1
B0000268,C00222,DXB-MAR,2025-09-19T18:00,1,26.0,evening,1
B0000269,C01947,DXB-DEI,2025-09-19T18:00,2,44.0,evening,1
B0000270,C00207,DXB-MOE,2025-09-19T19:00,2,56.0,evening,1
B0000271,C00341,DXB-MAR,2025-09-19T19:00,1,32.0,evening,1
B0000272,C01802,DXB-MOE,2025-09-19T20:00,2,50.0,evening,1
B0000273,C01759,DXB-MAR,2025-09-19T20:00,1,26.0,evening,1
B0000274,C01050,DXB-MAR,2025-09-19T20:00,2,56.0,evening,1
B0000275,C01735,DXB-MAR,2025-09-19T21:00,3,74.0,evening,1
B0000276,C01862,DXB-MAR,2025-09-19T22:00,1,18.0,evening,1
B0000277,C02372,DXB-MAR,2025-09-20T07:00,2,44.0,morning,1
B0000278,C01882,DXB-DEI,2025-09-20T07:00,1,24.0,morning,1
B0000279,C00474,DXB-DTN,2025-09-20T08:00,1,24.0,morning,1
B0000280,C00092,DXB-DEI,2025-09-20T08:00,1,18.0,morning,1
B0000281,C00570,DXB-DTN,2025-09-20T10:00,2,50.0,morning,1
B0000282,C00495,DXB-MOE,2025-09-20T11:00,1,24.0,midday,1
B0000283,C00172,DXB-MOE,2025-09-20T13:00,2,48.0,midday,1
B0000284,C01355,DXB-DEI,2025-09-20T14:00,2,56.0,midday,1
B0000285,C00806,DXB-DTN,2025-09-20T15:00,2,56.0,midday,1
B0000286,C02373,DXB-DTN,2025-09-20T15:00,2,44.0,midday,1
B0000287,C02012,DXB-MOE,2025-09-20T15:00,2,42.0,midday,1
B0000288,C01422,DXB-DEI,2025-09-20T15:00,3,62.0,midday,1
B0000289,C01528,DXB-DTN,2025-09-20T16:00,1,18.0,midday,1
B0000290,C01990,DXB-DEI,2025-09-20T16:00,5,116.0,midday,1
B0000291,C02292,DXB-MOE,2025-09-20T17:00,2,64.0,evening,1
B0000292,C00135,DXB-DTN,2025-09-20T18:00,3,70.0,evening,1
B0000293,C01337,DXB-MOE,2025-09-20T18:00,1,24.0,evening,1
B0000294,C02158,DXB-MAR,2025-09-20T18:00,1,32.0,evening,1
B0000295,C00059,DXB-MOE,2025-09-20T19:00,1,18.0,evening,1
B0000296,C02103,DXB-MOE,2025-09-20T20:00,3,76.0,evening,1
B0000297,C01422,DXB-MAR,2025-09-20T21:00,1,18.0,evening,1
B0000298,C00092,DXB-MAR,2025-09-21T08:00,1,32.0,morning,1
B0000299,C02338,DXB-MOE,2025-09-21T10:00,3,60.0,morning,1
B0000300,C00455,DXB-DEI,2025-09-21T15:00,2,52.0,midday,1
B0000301,C00787,DXB-DTN,2025-09-21T16:00,2,56.0,midday,1
B0000302,C02295,DXB-MOE,2025-09-21T16:00,2,48.0,midday,1
B0000303,C01722,DXB-DEI,2025-09-21T16:00,3,66.0,midday,1
B0000304,C01737,DXB-DEI,2025-09-21T16:00,1,32.0,midday,1
B0000305,C01337,DXB-MOE,2025-09-21T17:00,3,70.0,evening,1
B0000306,C02200,DXB-MOE,2025-09-21T17:00,1,26.0,evening,1
B0000307,C00032,DXB-DTN,2025-09-21T19:00,1,18.0,evening,1
B0000308,C01919,DXB-DTN,2025-09-21T19:00,1,18.0,evening,1
B0000309,C02137,DXB-DTN,2025-09-21T19:00,1,32.0,evening,1
B0000310,C00209,DXB-MOE,2025-09-21T20:00,1,24.0,evening,1
B0000311,C00094,DXB-DEI,2025-09-21T20:00,1,26.0,evening,1
B0000312,C00359,DXB-MOE,2025-09-21T21:00,1,32.0,evening,1
B0000313,C00379,DXB-MAR,2025-09-21T21:00,2,50.0,evening,1
B0000314,C01075,DXB-MAR,2025-09-21T21:00,2,50.0,evening,1
B0000315,C01967,DXB-DTN,2025-09-21T22:00,1,24.0,evening,1
B0000316,C01986,DXB-MAR,2025-09-21T22:00,1,18.0,evening,1
B0000317,C00147,DXB-DTN,2025-09-22T07:00,2,50.0,morning,1
B0000318,C01569,DXB-DTN,2025-09-22T07:00,1,18.0,morning,1
B0000319,C01618,DXB-MAR,2025-09-22T07:00,1,26.0,morning,1
B0000320,C01132,DXB-DEI,2025-09-22T07:00,2,48.0,morning,1
B0000321,C02249,DXB-DTN,2025-09-22T09:00,1,32.0,morning,1
B0000322,C01176,DXB-DTN,2025-09-22T09:00,1,24.0,morning,1
B0000323,C01227,DXB-MAR,2025-09-22T10:00,1,18.0,morning,1
B0000324,C01444,DXB-MOE,2025-09-22T11:00,1,24.0,midday,1
B0000325,C00192,DXB-MOE,2025-09-22T12:00,2,50.0,midday,1
B0000326,C00841,DXB-MOE,2025-09-22T15:00,1,26.0,midday,1
B0000327,C00808,DXB-MOE,2025-09-22T15:00,1,18.0,midday,1
B0000328,C00961,DXB-DEI,2025-09-22T17:00,1,18.0,evening,1
B0000329,C02295,DXB-DEI,2025-09-22T20:00,1,24.0,evening,1
B0000330,C01986,DXB-DEI,2025-09-22T21:00,1,32.0,evening,1
B0000331,C01939,DXB-MAR,2025-09-22T23:00,2,58.0,evening,1
B0000332,C01745,DXB-DEI,2025-09-23T07:00,2,44.0,morning,1
B0000333,C01907,DXB-DTN,2025-09-23T08:00,2,58.0,morning,1
B0000334,C01662,DXB-MAR,2025-09-23T08:00,1,24.0,morning,1
B0000335,C00318,DXB-MAR,2025-09-23T10:00,2,56.0,morning,1
B0000336,C01233,DXB-DEI,2025-09-23T10:00,2,42.0,morning,1
B0000337,C02086,DXB-DTN,2025-09-23T11:00,2,42.0,midday,1
B0000338,C01591,DXB-DTN,2025-09-23T12:00,2,50.0,midday,1
B0000339,C01772,DXB-MOE,2025-09-23T13:00,1,26.0,midday,1
B0000340,C00133,DXB-MOE,2025-09-23T13:00,1,24.0,midday,1
B0000341,C02309,DXB-MOE,2025-09-23T15:00,4,80.0,midday,1
B0000342,C00616,DXB-MAR,2025-09-23T16:00,1,32.0,midday,1
B0000343,C01684,DXB-MAR,2025-09-23T17:00,1,32.0,evening,1
B0000344,C02023,DXB-MOE,2025-09-23T18:00,1,32.0,evening,1
B0000345,C02060,DXB-MAR,2025-09-23T18:00,3,82.0,evening,1
B0000346,C00495,DXB-DEI,2025-09-23T18:00,1,24.0,evening,1
B0000347,C02060,DXB-MAR,2025-09-23T19:00,2,64.0,evening,1
B0000348,C01640,DXB-DTN,2025-09-23T20:00,3,74.0,evening,1
B0000349,C00165,DXB-DTN,2025-09-24T08:00,3,68.0,morning,1
B0000350,C00540,DXB-DTN,2025-09-24T09:00,1,24.0,morning,1
B0000351,C01759,DXB-MAR,2025-09-24T10:00,2,50.0,morning,1
B0000352,C00624,DXB-DEI,2025-09-24T11:00,1,26.0,midday,1
B0000353,C00674,DXB-MOE,2025-09-24T12:00,1,24.0,midday,1
B0000354,C01337,DXB-MOE,2025-09-24T14:00,1,26.0,midday,1
B0000355,C00116,DXB-MOE,2025-09-24T14:00,1,26.0,midday,1
B0000356,C01286,DXB-MOE,2025-09-24T14:00,1,18.0,midday,1
B0000357,C00020,DXB-MAR,2025-09-24T15:00,3,84.0,midday,1
B0000358,C01164,DXB-DTN,2025-09-24T16:00,2,52.0,midday,1
B0000359,C00488,DXB-MOE,2025-09-24T16:00,1,26.0,midday,1
B0000360,C00686,DXB-DEI,2025-09-24T16:00,3,80.0,midday,1
B0000361,C01862,DXB-MOE,2025-09-24T17:00,1,26.0,evening,1
B0000362,C02362,DXB-MOE,2025-09-24T18:00,1,26.0,evening,1
B0000363,C01862,DXB-DTN,2025-09-24T19:00,2,44.0,evening,1
B0000364,C01862,DXB-MOE,2025-09-24T20:00,2,58.0,evening,1
B0000365,C01434,DXB-DTN,2025-09-24T21:00,2,52.0,evening,1
B0000366,C01032,DXB-MOE,2025-09-24T21:00,1,24.0,evening,1
B0000367,C01337,DXB-MOE,2025-09-24T21:00,2,52.0,evening,1
B0000368,C01054,DXB-MAR,2025-09-24T21:00,1,32.0,evening,1
B0000369,C01292,DXB-MAR,2025-09-25T07:00,4,100.0,morning,1
B0000370,C01213,DXB-DEI,2025-09-25T07:00,1,18.0,morning,1
B0000371,C02080,DXB-DEI,2025-09-25T08:00,1,26.0,morning,1
B0000372,C00667,DXB-DTN,2025-09-25T09:00,1,24.0,morning,1
B0000373,C00332,DXB-MOE,2025-09-25T09:00,3,96.0,morning,1
B0000374,C00468,DXB-MAR,2025-09-25T09:00,1,26.0,morning,1
B0000375,C01159,DXB-DEI,2025-09-25T09:00,2,50.0,morning,1
B0000376,C01422,DXB-DTN,2025-09-25T11:00,1,24.0,midday,1
B0000377,C01424,DXB-MOE,2025-09-25T11:00,2,52.0,midday,1
B0000378,C02051,DXB-MOE,2025-09-25T11:00,1,32.0,midday,1
B0000379,C00546,DXB-MOE,2025-09-25T13:00,1,24.0,midday,1
B0000380,C02148,DXB-DTN,2025-09-25T15:00,1,18.0,midday,1
B0000381,C01862,DXB-MAR,2025-09-25T15:00,2,64.0,midday,1
B0000382,C01565,DXB-MOE,2025-09-25T16:00,2,44.0,midday,1
B0000383,C01573,DXB-MAR,2025-09-25T16:00,1,26.0,midday,1
B0000384,C02085,DXB-DEI,2025-09-25T16:00,1,18.0,midday,1
B0000385,C02066,DXB-MAR,2025-09-25T17:00,1,24.0,evening,1
B0000386,C00701,DXB-MAR,2025-09-25T18:00,2,64.0,evening,1
B0000387,C01318,DXB-MAR,2025-09-25T18:00,1,24.0,evening,1
B0000388,C02249,DXB-DEI,2025-09-25T18:00,1,26.0,evening,1
B0000389,C01057,DXB-DTN,2025-09-25T20:00,4,100.0,evening,1
B0000390,C01997,DXB-DTN,2025-09-25T21:00,1,24.0,evening,1
B0000391,C01942,DXB-MAR,2025-09-25T21:00,2,36.0,evening,1
B0000392,C01338,DXB-DTN,2025-09-25T22:00,1,18.0,evening,1
B0000393,C01725,DXB-MAR,2025-09-25T22:00,1,24.0,evening,1
B0000394,C00701,DXB-MAR,2025-09-26T08:00,2,64.0,morning,1
B0000395,C00448,DXB-DEI,2025-09-26T08:00,3,76.0,morning,1
B0000396,C02386,DXB-DEI,2025-09-26T08:00,2,64.0,morning,1
B0000397,C00217,DXB-MOE,2025-09-26T09:00,1,24.0,morning,1
B0000398,C00540,DXB-DEI,2025-09-26T09:00,3,68.0,morning,1
B0000399,C01788,DXB-DEI,2025-09-26T09:00,2,42.0,morning,1
B0000400,C01013,DXB-DEI,2025-09-26T10:00,2,44.0,morning,1
B0000401,C00304,DXB-MOE,2025-09-26T11:00,2,58.0,midday,1
B0000402,C00411,DXB-MOE,2025-09-26T15:00,3,88.0,midday,1
B0000403,C01862,DXB-DTN,2025-09-26T17:00,1,24.0,evening,1
B0000404,C01723,DXB-MOE,2025-09-26T17:00,1,24.0,evening,1
B0000405,C02124,DXB-MAR,2025-09-26T17:00,1,26.0,evening,1
B0000406,C01752,DXB-DEI,2025-09-26T17:00,5,138.0,evening,1
B0000407,C01612,DXB-DTN,2025-09-26T18:00,1,18.0,evening,1
B0000408,C00184,DXB-MOE,2025-09-26T18:00,3,70.0,evening,1
B0000409,C00930,DXB-MOE,2025-09-26T19:00,1,26.0,evening,1
B0000410,C00607,DXB-MAR,2025-09-26T19:00,1,24.0,evening,1
B0000411,C01127,DXB-DTN,2025-09-26T21:00,1,26.0,evening,1
B0000412,C00959,DXB-MOE,2025-09-26T21:00,3,76.0,evening,1
B0000413,C00495,DXB-MAR,2025-09-26T21:00,1,18.0,evening,1
B0000414,C01337,DXB-MAR,2025-09-26T21:00,1,24.0,evening,1
B0000415,C01505,DXB-MAR,2025-09-26T21:00,1,24.0,evening,1
B0000416,C01491,DXB-DEI,2025-09-26T21:00,3,76.0,evening,1
B0000417,C00183,DXB-DEI,2025-09-26T21:00,3,82.0,evening,1
B0000418,C00618,DXB-DTN,2025-09-26T22:00,1,18.0,evening,1
B0000419,C00914,DXB-DTN,2025-09-26T22:00,2,52.0,evening,1
B0000420,C01792,DXB-DTN,2025-09-26T22:00,3,68.0,evening,1
B0000421,C01584,DXB-DEI,2025-09-27T06:00,2,56.0,morning,1
B0000422,C01189,DXB-DEI,2025-09-27T08:00,3,74.0,morning,1
B0000423,C02338,DXB-MOE,2025-09-27T09:00,2,42.0,morning,1
B0000424,C00318,DXB-DTN,2025-09-27T10:00,1,26.0,morning,1
B0000425,C00670,DXB-DEI,2025-09-27T10:00,1,26.0,morning,1
B0000426,C01683,DXB-MOE,2025-09-27T11:00,1,18.0,midday,1
B0000427,C00681,DXB-DTN,2025-09-27T12:00,1,24.0,midday,1
B0000428,C02330,DXB-MAR,2025-09-27T12:00,1,26.0,midday,1
B0000429,C01291,DXB-DTN,2025-09-27T13:00,1,18.0,midday,1
B0000430,C01646,DXB-MOE,2025-09-27T14:00,2,44.0,midday,1
B0000431,C00156,DXB-MOE,2025-09-27T14:00,1,18.0,midday,1
B0000432,C00068,DXB-DEI,2025-09-27T14:00,2,50.0,midday,1
B0000433,C02028,DXB-DEI,2025-09-27T15:00,2,56.0,midday,1
B0000434,C00236,DXB-MOE,2025-09-27T16:00,2,48.0,midday,1
B0000435,C01109,DXB-MAR,2025-09-27T18:00,3,82.0,evening,1
B0000436,C00495,DXB-MAR,2025-09-27T18:00,1,26.0,evening,1
B0000437,C01220,DXB-DTN,2025-09-27T19:00,2,36.0,evening,1
B0000438,C01431,DXB-MOE,2025-09-27T20:00,1,26.0,evening,1
B0000439,C01215,DXB-DTN,2025-09-27T21:00,2,50.0,evening,1
B0000440,C01984,DXB-DTN,2025-09-27T21:00,1,26.0,evening,1
B0000441,C00503,DXB-DEI,2025-09-27T21:00,3,84.0,evening,1
B0000442,C01626,DXB-MAR,2025-09-27T22:00,1,32.0,evening,1
B0000443,C00477,DXB-MAR,2025-09-27T22:00,2,42.0,evening,1
B0000444,C00701,DXB-DEI,2025-09-28T07:00,1,26.0,morning,1
B0000445,C00883,DXB-DTN,2025-09-28T09:00,2,48.0,morning,1
B0000446,C01933,DXB-MOE,2025-09-28T10:00,1,24.0,morning,1
B0000447,C02357,DXB-MOE,2025-09-28T10:00,1,26.0,morning,1
B0000448,C01491,DXB-DTN,2025-09-28T11:00,2,64.0,midday,1
B0000449,C00703,DXB-MAR,2025-09-28T11:00,2,44.0,midday,1
B0000450,C01861,DXB-DTN,2025-09-28T12:00,1,26.0,midday,1
B0000451,C00288,DXB-MAR,2025-09-28T14:00,3,88.0,midday,1
B0000452,C01751,DXB-MOE,2025-09-28T15:00,1,24.0,midday,1
B0000453,C00416,DXB-MOE,2025-09-28T15:00,2,42.0,midday,1
B0000454,C01862,DXB-DTN,2025-09-28T16:00,1,32.0,midday,1
B0000455,C01983,DXB-MAR,2025-09-28T17:00,1,18.0,evening,1
B0000456,C00659,DXB-DTN,2025-09-28T18:00,2,58.0,evening,1
B0000457,C00802,DXB-MOE,2025-09-28T18:00,3,66.0,evening,1
B0000458,C01864,DXB-MOE,2025-09-28T19:00,2,48.0,evening,1
B0000459,C00400,DXB-DTN,2025-09-28T22:00,2,50.0,evening,1
B0000460,C01034,DXB-MAR,2025-09-28T22:00,1,18.0,evening,1
B0000461,C01340,DXB-DEI,2025-09-29T06:00,2,50.0,morning,1
B0000462,C01861,DXB-MAR,2025-09-29T07:00,1,18.0,morning,1
B0000463,C00135,DXB-MAR,2025-09-29T08:00,1,32.0,morning,1
B0000464,C00979,DXB-DTN,2025-09-29T09:00,3,68.0,morning,1
B0000465,C00085,DXB-DEI,2025-09-29T10:00,3,74.0,morning,1
B0000466,C01672,DXB-MOE,2025-09-29T11:00,1,26.0,midday,1
B0000467,C00314,DXB-MOE,2025-09-29T11:00,2,56.0,midday,1
B0000468,C02131,DXB-DTN,2025-09-29T12:00,2,58.0,midday,1
B0000469,C01225,DXB-MOE,2025-09-29T12:00,1,24.0,midday,1
B0000470,C01812,DXB-MOE,2025-09-29T17:00,1,18.0,evening,1
B0000471,C02138,DXB-MOE,2025-09-29T18:00,2,56.0,evening,1
B0000472,C00858,DXB-MAR,2025-09-29T19:00,3,88.0,evening,1
B0000473,C00409,DXB-MAR,2025-09-29T19:00,2,50.0,evening,1
B0000474,C01106,DXB-MOE,2025-09-30T08:00,1,24.0,morning,1
B0000475,C00624,DXB-MAR,2025-09-30T08:00,3,62.0,morning,1
B0000476,C01861,DXB-MAR,2025-09-30T08:00,1,32.0,morning,1
B0000477,C02388,DXB-DEI,2025-09-30T08:00,3,66.0,morning,1
B0000478,C01990,DXB-MOE,2025-09-30T10:00,3,60.0,morning,1
B0000479,C02004,DXB-MOE,2025-09-30T10:00,2,36.0,morning,1
B0000480,C00250,DXB-MOE,2025-09-30T12:00,1,18.0,midday,1
B0000481,C02338,DXB-MOE,2025-09-30T13:00,1,24.0,midday,1
B0000482,C00495,DXB-MOE,2025-09-30T15:00,3,70.0,midday,1
B0000483,C00870,DXB-DEI,2025-09-30T15:00,1,18.0,midday,1
B0000484,C00135,DXB-DEI,2025-09-30T16:00,2,50.0,midday,1
B0000485,C02148,DXB-MOE,2025-09-30T17:00,1,32.0,evening,1
B0000486,C00800,DXB-DTN,2025-09-30T18:00,3,68.0,evening,1
B0000487,C00549,DXB-DTN,2025-09-30T18:00,2,64.0,evening,1
B0000488,C02398,DXB-MOE,2025-09-30T18:00,3,82.0,evening,1
B0000489,C01994,DXB-DTN,2025-09-30T19:00,1,26.0,evening,1
B0000490,C01577,DXB-DTN,2025-09-30T20:00,2,58.0,evening,1
B0000491,C00264,DXB-DTN,2025-09-30T20:00,1,26.0,evening,1
B0000492,C00095,DXB-MOE,2025-09-30T20:00,1,18.0,evening,1
B0000493,C00729,DXB-DEI,2025-09-30T20:00,2,48.0,evening,1
B0000494,C01966,DXB-DTN,2025-09-30T22:00,1,24.0,evening,1
B0000495,C01694,DXB-MOE,2025-09-30T22:00,1,32.0,evening,1
B0000496,C01226,DXB-DEI,2025-10-01T07:00,3,76.0,morning,1
B0000497,C00108,DXB-DTN,2025-10-01T08:00,2,42.0,morning,1
B0000498,C00328,DXB-DEI,2025-10-01T08:00,2,44.0,morning,1
B0000499,C02242,DXB-DEI,2025-10-01T08:00,3,74.0,morning,1
B0000500,C00266,DXB-DEI,2025-10-01T09:00,2,64.0,morning,1
B0000501,C02090,DXB-MOE,2025-10-01T11:00,1,26.0,midday,1
B0000502,C00226,DXB-MAR,2025-10-01T12:00,2,50.0,midday,1
B0000503,C02123,DXB-MOE,2025-10-01T13:00,2,58.0,midday,1
B0000504,C01259,DXB-DTN,2025-10-01T14:00,1,24.0,midday,1
B0000505,C02158,DXB-MOE,2025-10-01T14:00,3,74.0,midday,1
B0000506,C01207,DXB-MOE,2025-10-01T15:00,2,56.0,midday,1
B0000507,C02250,DXB-DTN,2025-10-01T18:00,1,18.0,evening,1
B0000508,C00928,DXB-MAR,2025-10-01T19:00,2,36.0,evening,1
B0000509,C01579,DXB-DEI,2025-10-01T19:00,1,26.0,evening,1
B0000510,C00211,DXB-DEI,2025-10-01T19:00,1,18.0,evening,1
B0000511,C02042,DXB-DTN,2025-10-01T20:00,1,18.0,evening,1
B0000512,C00495,DXB-DTN,2025-10-01T20:00,2,56.0,evening,1
B0000513,C02282,DXB-MOE,2025-10-01T20:00,1,18.0,evening,1
B0000514,C00165,DXB-MAR,2025-10-01T21:00,1,18.0,evening,1
B0000515,C00872,DXB-MOE,2025-10-01T22:00,2,64.0,evening,1
B0000516,C02076,DXB-MAR,2025-10-01T23:00,2,50.0,evening,1
B0000517,C01245,DXB-DEI,2025-10-02T06:00,1,18.0,morning,1
B0000518,C01826,DXB-DEI,2025-10-02T06:00,1,24.0,morning,1
B0000519,C00058,DXB-MAR,2025-10-02T08:00,3,74.0,morning,1
B0000520,C02397,DXB-DEI,2025-10-02T08:00,1,24.0,morning,1
B0000521,C00433,DXB-DEI,2025-10-02T08:00,1,18.0,morning,1
B0000522,C02263,DXB-DEI,2025-10-02T08:00,1,24.0,morning,1
B0000523,C00940,DXB-DEI,2025-10-02T09:00,3,80.0,morning,1
B0000524,C02390,DXB-MOE,2025-10-02T10:00,1,26.0,morning,1
B0000525,C00624,DXB-MOE,2025-10-02T10:00,3,82.0,morning,1
B0000526,C01453,DXB-MOE,2025-10-02T11:00,1,18.0,midday,1
B0000527,C01472,DXB-MOE,2025-10-02T12:00,1,18.0,midday,1
B0000528,C00194,DXB-MAR,2025-10-02T16:00,3,84.0,midday,1
B0000529,C01114,DXB-DEI,2025-10-02T16:00,1,24.0,midday,1
B0000530,C00605,DXB-MOE,2025-10-02T17:00,1,26.0,evening,1
B0000531,C01032,DXB-MAR,2025-10-02T18:00,1,24.0,evening,1
B0000532,C00068,DXB-DTN,2025-10-02T19:00,1,32.0,evening,1
B0000533,C02379,DXB-DTN,2025-10-02T19:00,1,18.0,evening,1
B0000534,C00728,DXB-MAR,2025-10-02T19:00,1,26.0,evening,1
B0000535,C00795,DXB-DTN,2025-10-02T21:00,3,84.0,evening,1
B0000536,C01435,DXB-MAR,2025-10-02T21:00,2,50.0,evening,1
B0000537,C01132,DXB-MOE,2025-10-02T22:00,3,82.0,evening,1
B0000538,C01119,DXB-MAR,2025-10-02T22:00,2,50.0,evening,1
B0000539,C00729,DXB-DTN,2025-10-03T07:00,2,50.0,morning,1
B0000540,C01980,DXB-DEI,2025-10-03T07:00,1,18.0,morning,1
B0000541,C00524,DXB-MOE,2025-10-03T08:00,2,50.0,morning,1
B0000542,C00425,DXB-DTN,2025-10-03T09:00,2,42.0,morning,1
B0000543,C02285,DXB-DEI,2025-10-03T09:00,2,48.0,morning,1
B0000544,C01337,DXB-MOE,2025-10-03T11:00,1,24.0,midday,1
B0000545,C00119,DXB-MAR,2025-10-03T12:00,2,56.0,midday,1
B0000546,C01182,DXB-MOE,2025-10-03T13:00,2,56.0,midday,1
B0000547,C00739,DXB-DTN,2025-10-03T14:00,3,76.0,midday,1
B0000548,C01349,DXB-MOE,2025-10-03T16:00,2,48.0,midday,1
B0000549,C00983,DXB-MAR,2025-10-03T17:00,1,26.0,evening,1
B0000550,C02084,DXB-DEI,2025-10-03T17:00,2,56.0,evening,1
B0000551,C00406,DXB-MOE,2025-10-03T18:00,3,70.0,evening,1
B0000552,C01424,DXB-MAR,2025-10-03T19:00,1,32.0,evening,1
B0000553,C01752,DXB-MAR,2025-10-03T19:00,3,82.0,evening,1
B0000554,C01185,DXB-DTN,2025-10-03T20:00,1,18.0,evening,1
B0000555,C00153,DXB-MOE,2025-10-03T20:00,1,24.0,evening,1
B0000556,C00493,DXB-DEI,2025-10-03T20:00,1,24.0,evening,1
B0000557,C01209,DXB-MOE,2025-10-03T21:00,1,32.0,evening,1
B0000558,C00871,DXB-DTN,2025-10-03T22:00,1,32.0,evening,1
B0000559,C00447,DXB-MAR,2025-10-03T22:00,2,42.0,evening,1
B0000560,C01761,DXB-MAR,2025-10-03T23:00,1,26.0,evening,1
B0000561,C01587,DXB-DTN,2025-10-04T08:00,1,32.0,morning,1
B0000562,C01824,DXB-MAR,2025-10-04T09:00,3,78.0,morning,1
B0000563,C00447,DXB-DEI,2025-10-04T09:00,1,18.0,morning,1
B0000564,C01318,DXB-DEI,2025-10-04T09:00,1,24.0,morning,1
B0000565,C00542,DXB-DEI,2025-10-04T09:00,2,50.0,morning,1
B0000566,C02222,DXB-DTN,2025-10-04T12:00,3,76.0,midday,1
B0000567,C00928,DXB-MOE,2025-10-04T13:00,2,36.0,midday,1
B0000568,C00171,DXB-MAR,2025-10-04T14:00,1,24.0,midday,1
B0000569,C02338,DXB-MOE,2025-10-04T15:00,3,84.0,midday,1
B0000570,C01095,DXB-DTN,2025-10-04T16:00,1,32.0,midday,1
B0000571,C01829,DXB-DEI,2025-10-04T17:00,2,42.0,evening,1
B0000572,C01049,DXB-DEI,2025-10-04T18:00,2,36.0,evening,1
B0000573,C02175,DXB-MOE,2025-10-04T19:00,1,32.0,evening,1
B0000574,C02248,DXB-MAR,2025-10-04T20:00,1,24.0,evening,1
B0000575,C01738,DXB-DEI,2025-10-04T21:00,1,18.0,evening,1
B0000576,C01383,DXB-MOE,2025-10-04T22:00,1,32.0,evening,1
B0000577,C02194,DXB-DEI,2025-10-05T06:00,1,32.0,morning,1
B0000578,C01425,DXB-MAR,2025-10-05T07:00,1,18.0,morning,1
B0000579,C01735,DXB-DTN,2025-10-05T08:00,1,18.0,morning,1
B0000580,C01700,DXB-DEI,2025-10-05T08:00,3,82.0,morning,1
B0000581,C01215,DXB-DEI,2025-10-05T08:00,3,82.0,morning,1
B0000582,C00149,DXB-DTN,2025-10-05T09:00,1,24.0,morning,1
B0000583,C01889,DXB-DTN,2025-10-05T09:00,1,18.0,morning,1
B0000584,C01337,DXB-MAR,2025-10-05T09:00,3,90.0,morning,1
B0000585,C00850,DXB-DEI,2025-10-05T09:00,3,76.0,morning,1
B0000586,C02039,DXB-DTN,2025-10-05T10:00,2,42.0,morning,1
B0000587,C00439,DXB-DTN,2025-10-05T10:00,1,24.0,morning,1
B0000588,C01669,DXB-DEI,2025-10-05T12:00,2,50.0,midday,1
B0000589,C02285,DXB-MOE,2025-10-05T13:00,2,64.0,midday,1
B0000590,C01284,DXB-MOE,2025-10-05T16:00,3,76.0,midday,1
B0000591,C00656,DXB-DEI,2025-10-05T17:00,1,24.0,evening,1
B0000592,C00653,DXB-DEI,2025-10-05T17:00,2,48.0,evening,1
B0000593,C00067,DXB-DTN,2025-10-05T18:00,2,44.0,evening,1
B0000594,C01424,DXB-DTN,2025-10-05T18:00,1,24.0,evening,1
B0000595,C00021,DXB-MOE,2025-10-05T19:00,2,50.0,evening,1
B0000596,C01181,DXB-DTN,2025-10-05T20:00,2,52.0,evening,1
B0000597,C01700,DXB-DTN,2025-10-05T20:00,1,18.0,evening,1
B0000598,C00020,DXB-DTN,2025-10-05T21:00,1,26.0,evening,1
B0000599,C01094,DXB-MOE,2025-10-05T21:00,2,42.0,evening,1
B0000600,C01946,DXB-MAR,2025-10-05T21:00,1,32.0,evening,1
B0000601,C01716,DXB-MAR,2025-10-05T21:00,2,42.0,evening,1
B0000602,C00608,DXB-MAR,2025-10-05T21:00,1,32.0,evening,1
B0000603,C00010,DXB-MOE,2025-10-05T22:00,4,96.0,evening,1
B0000604,C00800,DXB-MAR,2025-10-05T22:00,2,56.0,evening,1
B0000605,C02330,DXB-MAR,2025-10-06T07:00,1,18.0,morning,1
B0000606,C01907,DXB-DEI,2025-10-06T08:00,2,58.0,morning,1
B0000607,C00135,DXB-MOE,2025-10-06T09:00,3,74.0,morning,1
B0000608,C02282,DXB-MOE,2025-10-06T09:00,3,80.0,morning,1
B0000609,C00379,DXB-MAR,2025-10-06T09:00,3,80.0,morning,1
B0000610,C01573,DXB-MOE,2025-10-06T10:00,2,50.0,morning,1
B0000611,C01846,DXB-MAR,2025-10-06T12:00,1,32.0,midday,1
B0000612,C02345,DXB-DTN,2025-10-06T17:00,1,24.0,evening,1
B0000613,C01034,DXB-DEI,2025-10-06T18:00,2,44.0,evening,1
B0000614,C01820,DXB-DTN,2025-10-06T21:00,1,24.0,evening,1
B0000615,C01226,DXB-DTN,2025-10-06T21:00,1,32.0,evening,1
B0000616,C01396,DXB-MOE,2025-10-06T21:00,3,76.0,evening,1
B0000617,C00409,DXB-MAR,2025-10-06T22:00,2,52.0,evening,1
B0000618,C01336,DXB-DEI,2025-10-07T06:00,2,58.0,morning,1
B0000619,C00059,DXB-DTN,2025-10-07T08:00,2,44.0,morning,1
B0000620,C01518,DXB-MAR,2025-10-07T08:00,3,66.0,morning,1
B0000621,C01862,DXB-DTN,2025-10-07T09:00,1,24.0,morning,1
B0000622,C00444,DXB-DEI,2025-10-07T09:00,1,26.0,morning,1
B0000623,C00135,DXB-DTN,2025-10-07T10:00,4,92.0,morning,1
B0000624,C00488,DXB-MOE,2025-10-07T10:00,2,56.0,morning,1
B0000625,C00771,DXB-MOE,2025-10-07T10:00,1,18.0,morning,1
B0000626,C00032,DXB-MAR,2025-10-07T10:00,3,72.0,morning,1
B0000627,C00363,DXB-MOE,2025-10-07T12:00,1,26.0,midday,1
B0000628,C01233,DXB-MOE,2025-10-07T13:00,4,114.0,midday,1
B0000629,C01119,DXB-MAR,2025-10-07T13:00,1,26.0,midday,1
B0000630,C00399,DXB-MAR,2025-10-07T13:00,2,64.0,midday,1
B0000631,C01176,DXB-DEI,2025-10-07T13:00,1,18.0,midday,1
B0000632,C00441,DXB-DTN,2025-10-07T15:00,2,58.0,midday,1
B0000633,C02105,DXB-MOE,2025-10-07T17:00,1,24.0,evening,1
B0000634,C01483,DXB-DEI,2025-10-07T19:00,2,50.0,evening,1
B0000635,C01109,DXB-DTN,2025-10-07T20:00,2,50.0,evening,1
B0000636,C02216,DXB-MAR,2025-10-07T20:00,3,88.0,evening,1
B0000637,C02282,DXB-MAR,2025-10-07T21:00,2,64.0,evening,1
B0000638,C00731,DXB-MAR,2025-10-07T23:00,2,44.0,evening,1
B0000639,C00624,DXB-DTN,2025-10-08T07:00,3,70.0,morning,1
B0000640,C00199,DXB-DTN,2025-10-08T08:00,2,44.0,morning,1
B0000641,C00932,DXB-MAR,2025-10-08T08:00,1,18.0,morning,1
B0000642,C02309,DXB-DTN,2025-10-08T09:00,3,76.0,morning,1
B0000643,C01119,DXB-MOE,2025-10-08T09:00,1,24.0,morning,1
B0000644,C01038,DXB-MAR,2025-10-08T09:00,1,24.0,morning,1
B0000645,C00824,DXB-MAR,2025-10-08T09:00,4,104.0,morning,1
B0000646,C00092,DXB-MAR,2025-10-08T09:00,3,90.0,morning,1
B0000647,C00060,DXB-DEI,2025-10-08T09:00,1,32.0,morning,1
B0000648,C00497,DXB-DEI,2025-10-08T09:00,2,58.0,morning,1
B0000649,C00742,DXB-DTN,2025-10-08T17:00,2,44.0,evening,1
B0000650,C01317,DXB-MOE,2025-10-08T17:00,1,26.0,evening,1
B0000651,C02338,DXB-MAR,2025-10-08T17:00,3,70.0,evening,1
B0000652,C02241,DXB-MAR,2025-10-08T18:00,2,36.0,evening,1
B0000653,C00655,DXB-DTN,2025-10-08T19:00,3,68.0,evening,1
B0000654,C01505,DXB-MOE,2025-10-08T19:00,1,18.0,evening,1
B0000655,C00883,DXB-MOE,2025-10-08T19:00,1,26.0,evening,1
B0000656,C00720,DXB-MAR,2025-10-08T19:00,1,24.0,evening,1
B0000657,C01824,DXB-MOE,2025-10-08T21:00,2,44.0,evening,1
B0000658,C00066,DXB-MAR,2025-10-08T21:00,1,32.0,evening,1
B0000659,C01730,DXB-MAR,2025-10-08T21:00,1,32.0,evening,1
B0000660,C01900,DXB-MAR,2025-10-08T22:00,1,24.0,evening,1
B0000661,C00463,DXB-DTN,2025-10-09T07:00,1,18.0,morning,1
B0000662,C01075,DXB-DEI,2025-10-09T07:00,1,18.0,morning,1
B0000663,C02397,DXB-DEI,2025-10-09T07:00,2,36.0,morning,1
B0000664,C01617,DXB-DTN,2025-10-09T08:00,1,24.0,morning,1
B0000665,C01432,DXB-DTN,2025-10-09T08:00,1,26.0,morning,1
B0000666,C01094,DXB-MAR,2025-10-09T08:00,1,18.0,morning,1
B0000667,C00863,DXB-DEI,2025-10-09T09:00,3,70.0,morning,1
B0000668,C00786,DXB-DEI,2025-10-09T09:00,1,32.0,morning,1
B0000669,C00071,DXB-DTN,2025-10-09T10:00,1,18.0,morning,1
B0000670,C01147,DXB-DTN,2025-10-09T10:00,1,18.0,morning,1
B0000671,C02359,DXB-MOE,2025-10-09T10:00,1,26.0,morning,1
B0000672,C01862,DXB-DTN,2025-10-09T16:00,1,26.0,midday,1
B0000673,C01861,DXB-MOE,2025-10-09T16:00,1,26.0,midday,1
B0000674,C02372,DXB-MAR,2025-10-09T16:00,2,48.0,midday,1
B0000675,C02374,DXB-MAR,2025-10-09T17:00,1,24.0,evening,1
B0000676,C00567,DXB-MOE,2025-10-09T18:00,2,56.0,evening,1
B0000677,C02194,DXB-DEI,2025-10-09T18:00,1,24.0,evening,1
B0000678,C00165,DXB-MAR,2025-10-09T19:00,3,68.0,evening,1
B0000679,C02242,DXB-DTN,2025-10-09T20:00,1,18.0,evening,1
B0000680,C01761,DXB-MOE,2025-10-09T20:00,2,64.0,evening,1
B0000681,C00409,DXB-MAR,2025-10-09T20:00,3,84.0,evening,1
B0000682,C01950,DXB-MAR,2025-10-09T21:00,2,42.0,evening,1
B0000683,C00698,DXB-MAR,2025-10-09T22:00,1,18.0,evening,1
B0000684,C01684,DXB-MAR,2025-10-09T23:00,2,50.0,evening,1
B0000685,C00686,DXB-MAR,2025-10-09T23:00,1,18.0,evening,1
B0000686,C00809,DXB-DTN,2025-10-10T08:00,4,102.0,morning,1
B0000687,C00821,DXB-MAR,2025-10-10T08:00,1,26.0,morning,1
B0000688,C02362,DXB-DEI,2025-10-10T10:00,3,76.0,morning,1
B0000689,C00226,DXB-DEI,2025-10-10T11:00,1,24.0,midday,1
B0000690,C01059,DXB-DTN,2025-10-10T12:00,1,32.0,midday,1
B0000691,C00020,DXB-DTN,2025-10-10T12:00,2,50.0,midday,1
B0000692,C00207,DXB-DEI,2025-10-10T14:00,2,42.0,midday,1
B0000693,C02020,DXB-MAR,2025-10-10T16:00,1,26.0,midday,1
B0000694,C01452,DXB-DTN,2025-10-10T17:00,1,18.0,evening,1
B0000695,C02216,DXB-DTN,2025-10-10T17:00,1,26.0,evening,1
B0000696,C01189,DXB-DTN,2025-10-10T18:00,1,18.0,evening,1
B0000697,C01337,DXB-MOE,2025-10-10T18:00,1,18.0,evening,1
B0000698,C02098,DXB-MAR,2025-10-10T19:00,1,18.0,evening,1
B0000699,C00423,DXB-DTN,2025-10-10T20:00,1,26.0,evening,1
B0000700,C00499,DXB-MAR,2025-10-10T21:00,1,32.0,evening,1
B0000701,C00607,DXB-MAR,2025-10-10T21:00,2,50.0,evening,1
B0000702,C00288,DXB-MAR,2025-10-10T22:00,2,56.0,evening,1
B0000703,C00450,DXB-DEI,2025-10-11T06:00,2,56.0,morning,1
B0000704,C01869,DXB-DEI,2025-10-11T06:00,2,64.0,morning,1
B0000705,C01786,DXB-DTN,2025-10-11T07:00,1,32.0,morning,1
B0000706,C01370,DXB-MAR,2025-10-11T07:00,2,44.0,morning,1
B0000707,C01829,DXB-DEI,2025-10-11T07:00,3,76.0,morning,1
B0000708,C01034,DXB-MOE,2025-10-11T09:00,2,50.0,morning,1
B0000709,C00486,DXB-DTN,2025-10-11T12:00,2,52.0,midday,1
B0000710,C00594,DXB-MOE,2025-10-11T12:00,2,52.0,midday,1
B0000711,C01490,DXB-MOE,2025-10-11T15:00,2,50.0,midday,1
B0000712,C00314,DXB-MAR,2025-10-11T16:00,1,18.0,midday,1
B0000713,C00913,DXB-MAR,2025-10-11T18:00,1,26.0,evening,1
B0000714,C01817,DXB-DTN,2025-10-11T19:00,3,82.0,evening,1
B0000715,C00358,DXB-MOE,2025-10-11T19:00,2,58.0,evening,1
B0000716,C00495,DXB-MAR,2025-10-11T19:00,1,32.0,evening,1
B0000717,C01337,DXB-DTN,2025-10-11T20:00,1,24.0,evening,1
B0000718,C01851,DXB-DEI,2025-10-11T20:00,2,50.0,evening,1
B0000719,C01763,DXB-DTN,2025-10-11T21:00,2,42.0,evening,1
B0000720,C02191,DXB-MOE,2025-10-11T21:00,2,50.0,evening,1
B0000721,C00495,DXB-DTN,2025-10-12T08:00,1,18.0,morning,1
B0000722,C00338,DXB-MAR,2025-10-12T08:00,1,26.0,morning,1
B0000723,C01631,DXB-DEI,2025-10-12T10:00,1,24.0,morning,1
B0000724,C01783,DXB-DEI,2025-10-12T11:00,2,52.0,midday,1
B0000725,C02269,DXB-DTN,2025-10-12T12:00,1,26.0,midday,1
B0000726,C01423,DXB-MOE,2025-10-12T12:00,3,72.0,midday,1
B0000727,C00523,DXB-DTN,2025-10-12T16:00,2,52.0,midday,1
B0000728,C02029,DXB-MOE,2025-10-12T16:00,1,26.0,midday,1
B0000729,C00163,DXB-MAR,2025-10-12T16:00,1,24.0,midday,1
B0000730,C01289,DXB-MOE,2025-10-12T17:00,1,32.0,evening,1
B0000731,C01572,DXB-MOE,2025-10-12T18:00,4,100.0,evening,1
B0000732,C00904,DXB-DTN,2025-10-12T19:00,1,32.0,evening,1
B0000733,C01448,DXB-DTN,2025-10-12T19:00,2,50.0,evening,1
B0000734,C02147,DXB-MAR,2025-10-12T20:00,2,36.0,evening,1
B0000735,C01096,DXB-MAR,2025-10-12T20:00,2,36.0,evening,1
B0000736,C01424,DXB-MAR,2025-10-12T21:00,1,24.0,evening,1
B0000737,C01550,DXB-MAR,2025-10-12T21:00,1,32.0,evening,1
B0000738,C01420,DXB-DTN,2025-10-12T22:00,3,82.0,evening,1
B0000739,C02104,DXB-MOE,2025-10-12T22:00,2,48.0,evening,1
B0000740,C01527,DXB-MAR,2025-10-12T22:00,3,82.0,evening,1
B0000741,C00795,DXB-MAR,2025-10-12T23:00,2,42.0,evening,1
B0000742,C01211,DXB-MAR,2025-10-12T23:00,1,18.0,evening,1
B0000743,C00995,DXB-DEI,2025-10-13T06:00,1,18.0,morning,1
B0000744,C01780,DXB-DTN,2025-10-13T08:00,2,56.0,morning,1
B0000745,C02010,DXB-MAR,2025-10-13T08:00,1,18.0,morning,1
B0000746,C00733,DXB-MAR,2025-10-13T08:00,1,18.0,morning,1
B0000747,C00928,DXB-MAR,2025-10-13T08:00,1,32.0,morning,1
B0000748,C00444,DXB-DTN,2025-10-13T09:00,2,52.0,morning,1
B0000749,C00486,DXB-DTN,2025-10-13T09:00,2,50.0,morning,1
B0000750,C02268,DXB-DTN,2025-10-13T11:00,2,64.0,midday,1
B0000751,C00264,DXB-DTN,2025-10-13T11:00,1,32.0,midday,1
B0000752,C00565,DXB-DEI,2025-10-13T11:00,1,24.0,midday,1
B0000753,C02362,DXB-MOE,2025-10-13T12:00,1,24.0,midday,1
B0000754,C00534,DXB-MOE,2025-10-13T13:00,2,50.0,midday,1
B0000755,C00868,DXB-MOE,2025-10-13T13:00,1,18.0,midday,1
B0000756,C01444,DXB-MOE,2025-10-13T14:00,2,64.0,midday,1
B0000757,C00134,DXB-DEI,2025-10-13T16:00,1,32.0,midday,1
B0000758,C01667,DXB-MOE,2025-10-13T18:00,2,64.0,evening,1
B0000759,C00085,DXB-MOE,2025-10-13T19:00,1,24.0,evening,1
B0000760,C01029,DXB-DEI,2025-10-13T20:00,1,24.0,evening,1
B0000761,C01438,DXB-DTN,2025-10-13T21:00,1,24.0,evening,1
B0000762,C01619,DXB-DTN,2025-10-13T22:00,2,48.0,evening,1
B0000763,C01799,DXB-DTN,2025-10-14T08:00,2,56.0,morning,1
B0000764,C01580,DXB-DTN,2025-10-14T09:00,2,50.0,morning,1
B0000765,C00309,DXB-MOE,2025-10-14T09:00,4,100.0,morning,1
B0000766,C01823,DXB-MOE,2025-10-14T09:00,1,32.0,morning,1
B0000767,C01939,DXB-DTN,2025-10-14T10:00,3,76.0,morning,1
B0000768,C01986,DXB-MOE,2025-10-14T10:00,1,26.0,morning,1
B0000769,C00068,DXB-MOE,2025-10-14T10:00,1,24.0,morning,1
B0000770,C00660,DXB-MAR,2025-10-14T10:00,2,56.0,morning,1
B0000771,C01233,DXB-MOE,2025-10-14T11:00,1,32.0,midday,1
B0000772,C00731,DXB-MOE,2025-10-14T12:00,1,26.0,midday,1
B0000773,C00698,DXB-MOE,2025-10-14T12:00,3,66.0,midday,1
B0000774,C01250,DXB-DTN,2025-10-14T16:00,1,18.0,midday,1
B0000775,C00607,DXB-DEI,2025-10-14T17:00,2,42.0,evening,1
B0000776,C01094,DXB-MOE,2025-10-14T18:00,3,82.0,evening,1
B0000777,C02332,DXB-MOE,2025-10-14T19:00,1,26.0,evening,1
B0000778,C01783,DXB-DTN,2025-10-14T20:00,2,44.0,evening,1
B0000779,C02332,DXB-MAR,2025-10-14T20:00,1,18.0,evening,1
B0000780,C01865,DXB-MAR,2025-10-14T20:00,1,18.0,evening,1
B0000781,C01684,DXB-DTN,2025-10-14T21:00,1,32.0,evening,1
B0000782,C00117,DXB-DTN,2025-10-15T07:00,1,18.0,morning,1
B0000783,C00378,DXB-MAR,2025-10-15T07:00,3,90.0,morning,1
B0000784,C01735,DXB-DTN,2025-10-15T08:00,2,44.0,morning,1
B0000785,C00398,DXB-DEI,2025-10-15T08:00,2,50.0,morning,1
B0000786,C01422,DXB-DTN,2025-10-15T09:00,1,18.0,morning,1
B0000787,C01990,DXB-DTN,2025-10-15T09:00,3,90.0,morning,1
B0000788,C00502,DXB-MOE,2025-10-15T09:00,1,24.0,morning,1
B0000789,C00950,DXB-MOE,2025-10-15T09:00,1,32.0,morning,1
B0000790,C01376,DXB-DEI,2025-10-15T09:00,1,18.0,morning,1
B0000791,C01042,DXB-MAR,2025-10-15T10:00,3,68.0,morning,1
B0000792,C00265,DXB-MAR,2025-10-15T10:00,1,26.0,morning,1
B0000793,C01865,DXB-MOE,2025-10-15T12:00,2,48.0,midday,1
B0000794,C01029,DXB-MOE,2025-10-15T13:00,2,42.0,midday,1
B0000795,C01710,DXB-DTN,2025-10-15T15:00,2,50.0,midday,1
B0000796,C01412,DXB-DTN,2025-10-15T15:00,2,58.0,midday,1
B0000797,C01337,DXB-DEI,2025-10-15T15:00,1,26.0,midday,1
B0000798,C01900,DXB-DEI,2025-10-15T15:00,2,52.0,midday,1
B0000799,C02353,DXB-MOE,2025-10-15T16:00,2,58.0,midday,1
B0000800,C01876,DXB-MAR,2025-10-15T16:00,2,50.0,midday,1
B0000801,C00109,DXB-DEI,2025-10-15T16:00,1,18.0,midday,1
B0000802,C00092,DXB-DTN,2025-10-15T17:00,1,26.0,evening,1
B0000803,C02088,DXB-DTN,2025-10-15T17:00,2,50.0,evening,1
B0000804,C00441,DXB-MOE,2025-10-15T18:00,2,56.0,evening,1
B0000805,C01637,DXB-MOE,2025-10-15T18:00,4,100.0,evening,1
B0000806,C02009,DXB-MAR,2025-10-15T18:00,3,74.0,evening,1
B0000807,C01412,DXB-MAR,2025-10-15T18:00,1,26.0,evening,1
B0000808,C01472,DXB-DTN,2025-10-15T19:00,2,56.0,evening,1
B0000809,C00023,DXB-DEI,2025-10-15T19:00,1,26.0,evening,1
B0000810,C01030,DXB-DTN,2025-10-15T21:00,2,42.0,evening,1
B0000811,C01423,DXB-DTN,2025-10-15T21:00,2,44.0,evening,1
B0000812,C01420,DXB-MOE,2025-10-15T21:00,2,52.0,evening,1
B0000813,C01722,DXB-MAR,2025-10-15T21:00,2,44.0,evening,1
B0000814,C00495,DXB-DEI,2025-10-15T21:00,2,64.0,evening,1
B0000815,C01570,DXB-MAR,2025-10-15T22:00,1,32.0,evening,1
B0000816,C00344,DXB-MAR,2025-10-15T22:00,1,24.0,evening,1
B0000817,C00896,DXB-DEI,2025-10-16T06:00,1,32.0,morning,1
B0000818,C00915,DXB-DEI,2025-10-16T06:00,1,26.0,morning,1
B0000819,C00092,DXB-MAR,2025-10-16T07:00,4,106.0,morning,1
B0000820,C01223,DXB-DTN,2025-10-16T08:00,1,24.0,morning,1
B0000821,C01573,DXB-DTN,2025-10-16T08:00,4,94.0,morning,1
B0000822,C00722,DXB-MAR,2025-10-16T08:00,1,26.0,morning,1
B0000823,C01889,DXB-DEI,2025-10-16T08:00,2,58.0,morning,1
B0000824,C01181,DXB-DTN,2025-10-16T09:00,3,82.0,morning,1
B0000825,C01337,DXB-MOE,2025-10-16T09:00,2,42.0,morning,1
B0000826,C00959,DXB-MAR,2025-10-16T09:00,2,58.0,morning,1
B0000827,C00665,DXB-MAR,2025-10-16T09:00,4,84.0,morning,1
B0000828,C00523,DXB-DEI,2025-10-16T09:00,2,50.0,morning,1
B0000829,C00413,DXB-DTN,2025-10-16T10:00,1,26.0,morning,1
B0000830,C00514,DXB-MOE,2025-10-16T12:00,1,18.0,midday,1
B0000831,C01406,DXB-DTN,2025-10-16T13:00,1,26.0,midday,1
B0000832,C02241,DXB-DTN,2025-10-16T13:00,2,50.0,midday,1
B0000833,C01495,DXB-MOE,2025-10-16T15:00,3,96.0,midday,1
B0000834,C02177,DXB-MOE,2025-10-16T16:00,1,18.0,midday,1
B0000835,C01544,DXB-MOE,2025-10-16T16:00,1,18.0,midday,1
B0000836,C02338,DXB-DEI,2025-10-16T16:00,3,66.0,midday,1
B0000837,C00032,DXB-MOE,2025-10-16T17:00,4,86.0,evening,1
B0000838,C02054,DXB-MOE,2025-10-16T17:00,1,32.0,evening,1
B0000839,C01184,DXB-MAR,2025-10-16T17:00,2,64.0,evening,1
B0000840,C01623,DXB-MAR,2025-10-16T18:00,2,42.0,evening,1
B0000841,C02000,DXB-DTN,2025-10-16T19:00,1,26.0,evening,1
B0000842,C02221,DXB-MOE,2025-10-16T19:00,2,44.0,evening,1
B0000843,C01612,DXB-MAR,2025-10-16T20:00,1,18.0,evening,1
B0000844,C00054,DXB-MAR,2025-10-16T21:00,2,50.0,evening,1
B0000845,C02156,DXB-MAR,2025-10-17T07:00,2,50.0,morning,1
B0000846,C00510,DXB-DTN,2025-10-17T08:00,1,18.0,morning,1
B0000847,C00540,DXB-MOE,2025-10-17T08:00,1,18.0,morning,1
B0000848,C02131,DXB-DEI,2025-10-17T08:00,3,82.0,morning,1
B0000849,C00533,DXB-DEI,2025-10-17T08:00,1,24.0,morning,1
B0000850,C00773,DXB-DTN,2025-10-17T09:00,2,48.0,morning,1
B0000851,C01948,DXB-DTN,2025-10-17T10:00,1,32.0,morning,1
B0000852,C02204,DXB-MOE,2025-10-17T10:00,2,56.0,morning,1
B0000853,C00782,DXB-DEI,2025-10-17T10:00,2,42.0,morning,1
B0000854,C01340,DXB-DTN,2025-10-17T11:00,2,52.0,midday,1
B0000855,C02241,DXB-DEI,2025-10-17T11:00,4,86.0,midday,1
B0000856,C00771,DXB-MOE,2025-10-17T12:00,1,26.0,midday,1
B0000857,C01967,DXB-MOE,2025-10-17T12:00,2,50.0,midday,1
B0000858,C01032,DXB-MAR,2025-10-17T12:00,3,82.0,midday,1
B0000859,C00644,DXB-DTN,2025-10-17T13:00,4,94.0,midday,1
B0000860,C02058,DXB-MOE,2025-10-17T13:00,2,56.0,midday,1
B0000861,C00116,DXB-DEI,2025-10-17T13:00,2,56.0,midday,1
B0000862,C00813,DXB-DEI,2025-10-17T16:00,2,42.0,midday,1
B0000863,C00517,DXB-MOE,2025-10-17T18:00,2,58.0,evening,1
B0000864,C00898,DXB-MOE,2025-10-17T18:00,1,32.0,evening,1
B0000865,C00669,DXB-MOE,2025-10-17T18:00,3,74.0,evening,1
B0000866,C01900,DXB-MAR,2025-10-17T18:00,1,18.0,evening,1
B0000867,C00239,DXB-DEI,2025-10-17T18:00,1,18.0,evening,1
B0000868,C00007,DXB-DEI,2025-10-17T18:00,2,56.0,evening,1
B0000869,C01688,DXB-DEI,2025-10-17T19:00,1,24.0,evening,1
B0000870,C01732,DXB-MOE,2025-10-17T21:00,1,26.0,evening,1
B0000871,C01862,DXB-MAR,2025-10-17T21:00,2,36.0,evening,1
B0000872,C02309,DXB-DTN,2025-10-17T22:00,1,24.0,evening,1
B0000873,C00248,DXB-MAR,2025-10-17T22:00,1,18.0,evening,1
B0000874,C01080,DXB-DEI,2025-10-18T06:00,2,56.0,morning,1
B0000875,C00357,DXB-DTN,2025-10-18T07:00,3,74.0,morning,1
B0000876,C01363,DXB-DTN,2025-10-18T07:00,1,18.0,morning,1
B0000877,C00720,DXB-DEI,2025-10-18T07:00,3,76.0,morning,1
B0000878,C01994,DXB-DEI,2025-10-18T07:00,1,32.0,morning,1
B0000879,C00560,DXB-DEI,2025-10-18T07:00,1,24.0,morning,1
B0000880,C01524,DXB-MOE,2025-10-18T08:00,2,58.0,morning,1
B0000881,C01905,DXB-MOE,2025-10-18T08:00,2,50.0,morning,1
B0000882,C01573,DXB-DEI,2025-10-18T08:00,1,26.0,morning,1
B0000883,C01477,DXB-DEI,2025-10-18T09:00,2,50.0,morning,1
B0000884,C01677,DXB-DTN,2025-10-18T10:00,2,44.0,morning,1
B0000885,C01759,DXB-MOE,2025-10-18T11:00,2,58.0,midday,1
B0000886,C02221,DXB-DTN,2025-10-18T14:00,1,26.0,midday,1
B0000887,C00495,DXB-DTN,2025-10-18T15:00,1,32.0,midday,1
B0000888,C01232,DXB-DEI,2025-10-18T16:00,4,92.0,midday,1
B0000889,C00866,DXB-DTN,2025-10-18T17:00,2,50.0,evening,1
B0000890,C02249,DXB-DTN,2025-10-18T17:00,2,50.0,evening,1
B0000891,C01562,DXB-MAR,2025-10-18T17:00,1,26.0,evening,1
B0000892,C00054,DXB-DTN,2025-10-18T19:00,3,74.0,evening,1
B0000893,C01031,DXB-MOE,2025-10-18T19:00,3,66.0,evening,1
B0000894,C00871,DXB-DTN,2025-10-18T20:00,1,32.0,evening,1
B0000895,C01692,DXB-MOE,2025-10-18T20:00,2,50.0,evening,1
B0000896,C02285,DXB-DEI,2025-10-18T20:00,1,24.0,evening,1
B0000897,C00108,DXB-DTN,2025-10-18T21:00,2,50.0,evening,1
B0000898,C00450,DXB-MAR,2025-10-18T23:00,1,32.0,evening,1
B0000899,C02183,DXB-DEI,2025-10-19T06:00,1,32.0,morning,1
B0000900,C00811,DXB-DEI,2025-10-19T07:00,1,32.0,morning,1
B0000901,C00240,DXB-MOE,2025-10-19T09:00,1,32.0,morning,1
B0000902,C01849,DXB-DEI,2025-10-19T09:00,3,76.0,morning,1
B0000903,C02332,DXB-DEI,2025-10-19T09:00,2,42.0,morning,1
B0000904,C01293,DXB-MOE,2025-10-19T10:00,1,18.0,morning,1
B0000905,C02249,DXB-DEI,2025-10-19T10:00,2,36.0,morning,1
B0000906,C01338,DXB-MOE,2025-10-19T11:00,2,44.0,midday,1
B0000907,C00245,DXB-DTN,2025-10-19T13:00,1,24.0,midday,1
B0000908,C01189,DXB-MOE,2025-10-19T13:00,2,58.0,midday,1
B0000909,C02219,DXB-MOE,2025-10-19T13:00,3,62.0,midday,1
B0000910,C02110,DXB-DTN,2025-10-19T14:00,2,48.0,midday,1
B0000911,C00495,DXB-DTN,2025-10-19T16:00,2,56.0,midday,1
B0000912,C00466,DXB-MOE,2025-10-19T17:00,2,48.0,evening,1
B0000913,C01813,DXB-MOE,2025-10-19T17:00,1,24.0,evening,1
B0000914,C02326,DXB-MOE,2025-10-19T18:00,1,18.0,evening,1
B0000915,C01190,DXB-MAR,2025-10-19T18:00,2,44.0,evening,1
B0000916,C01496,DXB-MAR,2025-10-19T19:00,1,32.0,evening,1
B0000917,C00930,DXB-DTN,2025-10-19T20:00,1,18.0,evening,1
B0000918,C01181,DXB-MOE,2025-10-19T20:00,1,18.0,evening,1
B0000919,C00772,DXB-MOE,2025-10-19T20:00,2,58.0,evening,1
B0000920,C00379,DXB-DEI,2025-10-19T20:00,1,32.0,evening,1
B0000921,C01704,DXB-MOE,2025-10-19T22:00,1,32.0,evening,1
B0000922,C01416,DXB-MOE,2025-10-19T22:00,1,32.0,evening,1
B0000923,C01761,DXB-DTN,2025-10-20T08:00,2,50.0,morning,1
B0000924,C00697,DXB-DEI,2025-10-20T08:00,1,18.0,morning,1
B0000925,C02305,DXB-DEI,2025-10-20T08:00,1,24.0,morning,1
B0000926,C01177,DXB-DTN,2025-10-20T09:00,1,26.0,morning,1
B0000927,C01725,DXB-DTN,2025-10-20T09:00,1,18.0,morning,1
B0000928,C02018,DXB-MAR,2025-10-20T09:00,3,70.0,morning,1
B0000929,C01253,DXB-MAR,2025-10-20T10:00,2,50.0,morning,1
B0000930,C02182,DXB-DEI,2025-10-20T10:00,1,32.0,morning,1
B0000931,C02039,DXB-MAR,2025-10-20T11:00,2,50.0,midday,1
B0000932,C01094,DXB-MOE,2025-10-20T14:00,3,82.0,midday,1
B0000933,C01544,DXB-MOE,2025-10-20T15:00,3,80.0,midday,1
B0000934,C00201,DXB-DTN,2025-10-20T16:00,4,108.0,midday,1
B0000935,C00848,DXB-MOE,2025-10-20T16:00,1,18.0,midday,1
B0000936,C02110,DXB-DTN,2025-10-20T17:00,1,32.0,evening,1
B0000937,C01590,DXB-MAR,2025-10-20T18:00,2,50.0,evening,1
B0000938,C00072,DXB-DTN,2025-10-20T19:00,2,58.0,evening,1
B0000939,C01867,DXB-DTN,2025-10-20T19:00,1,18.0,evening,1
B0000940,C01347,DXB-MOE,2025-10-20T19:00,2,50.0,evening,1
B0000941,C01237,DXB-MAR,2025-10-20T19:00,1,18.0,evening,1
B0000942,C02051,DXB-MAR,2025-10-20T20:00,1,18.0,evening,1
B0000943,C01908,DXB-DEI,2025-10-20T20:00,2,56.0,evening,1
B0000944,C01669,DXB-MOE,2025-10-20T22:00,1,18.0,evening,1
B0000945,C00659,DXB-MAR,2025-10-20T22:00,2,48.0,evening,1
B0000946,C00119,DXB-DEI,2025-10-21T06:00,2,58.0,morning,1
B0000947,C01105,DXB-MOE,2025-10-21T08:00,2,42.0,morning,1
B0000948,C00512,DXB-DEI,2025-10-21T08:00,2,50.0,morning,1
B0000949,C01496,DXB-MOE,2025-10-21T09:00,1,18.0,morning,1
B0000950,C00786,DXB-MAR,2025-10-21T09:00,2,44.0,morning,1
B0000951,C00275,DXB-MAR,2025-10-21T10:00,1,32.0,morning,1
B0000952,C01521,DXB-MAR,2025-10-21T16:00,3,88.0,midday,1
B0000953,C01983,DXB-DTN,2025-10-21T18:00,1,26.0,evening,1
B0000954,C02260,DXB-DEI,2025-10-21T18:00,3,74.0,evening,1
B0000955,C01820,DXB-MAR,2025-10-21T19:00,1,24.0,evening,1
B0000956,C00210,DXB-MAR,2025-10-21T19:00,2,36.0,evening,1
B0000957,C01337,DXB-MOE,2025-10-21T20:00,1,32.0,evening,1
B0000958,C01619,DXB-MAR,2025-10-21T20:00,1,32.0,evening,1
B0000959,C00605,DXB-MAR,2025-10-21T20:00,3,84.0,evening,1
B0000960,C00068,DXB-MAR,2025-10-21T21:00,3,82.0,evening,1
B0000961,C00330,DXB-MOE,2025-10-21T22:00,2,64.0,evening,1
B0000962,C00253,DXB-MAR,2025-10-21T22:00,1,32.0,evening,1
B0000963,C02010,DXB-MAR,2025-10-21T23:00,1,18.0,evening,1
B0000964,C01337,DXB-DEI,2025-10-22T06:00,1,32.0,morning,1
B0000965,C01025,DXB-DEI,2025-10-22T06:00,3,88.0,morning,1
B0000966,C01074,DXB-DTN,2025-10-22T07:00,2,42.0,morning,1
B0000967,C02136,DXB-DTN,2025-10-22T07:00,2,44.0,morning,1
B0000968,C00943,DXB-DEI,2025-10-22T07:00,1,26.0,morning,1
B0000969,C00158,DXB-MOE,2025-10-22T08:00,4,88.0,morning,1
B0000970,C01273,DXB-MAR,2025-10-22T08:00,1,18.0,morning,1
B0000971,C00488,DXB-DEI,2025-10-22T08:00,1,32.0,morning,1
B0000972,C01663,DXB-MOE,2025-10-22T09:00,2,58.0,morning,1
B0000973,C00495,DXB-MAR,2025-10-22T09:00,1,18.0,morning,1
B0000974,C01507,DXB-MOE,2025-10-22T12:00,1,26.0,midday,1
B0000975,C02037,DXB-MOE,2025-10-22T13:00,2,50.0,midday,1
B0000976,C00245,DXB-MOE,2025-10-22T14:00,4,92.0,midday,1
B0000977,C01340,DXB-MAR,2025-10-22T15:00,2,50.0,midday,1
B0000978,C00262,DXB-DTN,2025-10-22T16:00,3,82.0,midday,1
B0000979,C00444,DXB-DTN,2025-10-22T19:00,1,18.0,evening,1
B0000980,C00608,DXB-MAR,2025-10-22T19:00,3,60.0,evening,1
B0000981,C00899,DXB-MAR,2025-10-22T19:00,2,50.0,evening,1
B0000982,C01312,DXB-DTN,2025-10-22T20:00,1,24.0,evening,1
B0000983,C00158,DXB-MOE,2025-10-22T21:00,1,18.0,evening,1
B0000984,C01149,DXB-MAR,2025-10-22T21:00,4,92.0,evening,1
B0000985,C01411,DXB-MAR,2025-10-22T22:00,2,50.0,evening,1
B0000986,C02276,DXB-MAR,2025-10-22T23:00,1,24.0,evening,1
B0000987,C00318,DXB-MOE,2025-10-23T08:00,2,52.0,morning,1
B0000988,C00742,DXB-DEI,2025-10-23T08:00,2,64.0,morning,1
B0000989,C01923,DXB-DTN,2025-10-23T09:00,2,56.0,morning,1
B0000990,C00240,DXB-DTN,2025-10-23T09:00,1,24.0,morning,1
B0000991,C01496,DXB-DTN,2025-10-23T09:00,3,68.0,morning,1
B0000992,C00624,DXB-DTN,2025-10-23T10:00,1,32.0,morning,1
B0000993,C01729,DXB-MOE,2025-10-23T10:00,1,18.0,morning,1
B0000994,C01630,DXB-DTN,2025-10-23T11:00,1,26.0,midday,1
B0000995,C01126,DXB-DEI,2025-10-23T11:00,3,68.0,midday,1
B0000996,C01606,DXB-MOE,2025-10-23T12:00,3,62.0,midday,1
B0000997,C01281,DXB-MOE,2025-10-23T14:00,1,18.0,midday,1
B0000998,C01502,DXB-DTN,2025-10-23T15:00,3,76.0,midday,1
B0000999,C00281,DXB-MOE,2025-10-23T17:00,2,44.0,evening,1
B0001000,C01432,DXB-MOE,2025-10-23T18:00,4,88.0,evening,1
B0001001,C00328,DXB-MOE,2025-10-23T18:00,1,26.0,evening,1
B0001002,C02379,DXB-MAR,2025-10-23T20:00,1,24.0,evening,1
B0001003,C00217,DXB-MAR,2025-10-23T20:00,1,26.0,evening,1
B0001004,C01651,DXB-MAR,2025-10-23T20:00,2,56.0,evening,1
B0001005,C02248,DXB-MAR,2025-10-23T21:00,1,24.0,evening,1
B0001006,C00165,DXB-MAR,2025-10-23T21:00,3,82.0,evening,1
B0001007,C01013,DXB-MAR,2025-10-23T22:00,1,32.0,evening,1
B0001008,C01364,DXB-MAR,2025-10-23T22:00,2,36.0,evening,1
B0001009,C00020,DXB-MAR,2025-10-23T23:00,2,56.0,evening,1
B0001010,C01569,DXB-MAR,2025-10-23T23:00,2,64.0,evening,1
B0001011,C00621,DXB-DEI,2025-10-24T06:00,2,52.0,morning,1
B0001012,C00850,DXB-MOE,2025-10-24T08:00,3,88.0,morning,1
B0001013,C00259,DXB-MAR,2025-10-24T08:00,1,26.0,morning,1
B0001014,C00277,DXB-DEI,2025-10-24T08:00,1,26.0,morning,1
B0001015,C02332,DXB-DTN,2025-10-24T09:00,1,26.0,morning,1
B0001016,C00803,DXB-MOE,2025-10-24T09:00,1,18.0,morning,1
B0001017,C00853,DXB-DTN,2025-10-24T10:00,1,32.0,morning,1
B0001018,C00719,DXB-MOE,2025-10-24T11:00,2,50.0,midday,1
B0001019,C00655,DXB-MOE,2025-10-24T11:00,2,50.0,midday,1
B0001020,C02069,DXB-MAR,2025-10-24T11:00,1,32.0,midday,1
B0001021,C00400,DXB-MOE,2025-10-24T12:00,1,24.0,midday,1
B0001022,C00226,DXB-MOE,2025-10-24T15:00,2,56.0,midday,1
B0001023,C00444,DXB-DTN,2025-10-24T16:00,1,18.0,midday,1
B0001024,C01503,DXB-DTN,2025-10-24T18:00,2,50.0,evening,1
B0001025,C00986,DXB-MAR,2025-10-24T18:00,1,18.0,evening,1
B0001026,C00216,DXB-DTN,2025-10-24T19:00,1,26.0,evening,1
B0001027,C01299,DXB-MAR,2025-10-24T19:00,2,42.0,evening,1
B0001028,C01994,DXB-DTN,2025-10-24T20:00,3,88.0,evening,1
B0001029,C02138,DXB-MOE,2025-10-24T20:00,3,90.0,evening,1
B0001030,C00103,DXB-DTN,2025-10-24T21:00,1,18.0,evening,1
B0001031,C00585,DXB-MOE,2025-10-24T21:00,1,32.0,evening,1
B0001032,C02333,DXB-MAR,2025-10-24T21:00,2,58.0,evening,1
B0001033,C01056,DXB-MAR,2025-10-24T21:00,1,32.0,evening,1
B0001034,C02263,DXB-MAR,2025-10-24T21:00,1,26.0,evening,1
B0001035,C00257,DXB-MAR,2025-10-24T22:00,3,54.0,evening,1
B0001036,C01431,DXB-MAR,2025-10-24T22:00,1,24.0,evening,1
B0001037,C00850,DXB-DEI,2025-10-25T07:00,3,76.0,morning,1
B0001038,C02013,DXB-DEI,2025-10-25T08:00,1,32.0,morning,1
B0001039,C02330,DXB-DEI,2025-10-25T08:00,2,44.0,morning,1
B0001040,C01960,DXB-MOE,2025-10-25T10:00,2,56.0,morning,1
B0001041,C02347,DXB-MOE,2025-10-25T10:00,1,26.0,morning,1
B0001042,C00540,DXB-DEI,2025-10-25T10:00,1,26.0,morning,1
B0001043,C01490,DXB-DEI,2025-10-25T10:00,2,56.0,morning,1
B0001044,C00077,DXB-DTN,2025-10-25T11:00,1,24.0,midday,1
B0001045,C01896,DXB-DTN,2025-10-25T11:00,2,50.0,midday,1
B0001046,C00759,DXB-DTN,2025-10-25T11:00,1,18.0,midday,1
B0001047,C00265,DXB-MOE,2025-10-25T11:00,4,106.0,midday,1
B0001048,C01609,DXB-DTN,2025-10-25T17:00,1,26.0,evening,1
B0001049,C02061,DXB-MOE,2025-10-25T17:00,1,32.0,evening,1
B0001050,C00032,DXB-MAR,2025-10-25T18:00,3,74.0,evening,1
B0001051,C02397,DXB-MOE,2025-10-25T19:00,1,32.0,evening,1
B0001052,C00833,DXB-MOE,2025-10-25T19:00,2,44.0,evening,1
B0001053,C00495,DXB-MOE,2025-10-25T19:00,1,24.0,evening,1
B0001054,C01340,DXB-MAR,2025-10-25T19:00,1,24.0,evening,1
B0001055,C01073,DXB-MAR,2025-10-25T19:00,1,18.0,evening,1
B0001056,C01527,DXB-MAR,2025-10-25T21:00,2,58.0,evening,1
B0001057,C00002,DXB-DEI,2025-10-26T07:00,1,26.0,morning,1
B0001058,C01601,DXB-DTN,2025-10-26T08:00,1,26.0,morning,1
B0001059,C01496,DXB-MOE,2025-10-26T08:00,1,24.0,morning,1
B0001060,C01565,DXB-DTN,2025-10-26T09:00,1,32.0,morning,1
B0001061,C00406,DXB-MAR,2025-10-26T09:00,2,64.0,morning,1
B0001062,C00624,DXB-DTN,2025-10-26T10:00,2,48.0,morning,1
B0001063,C00074,DXB-MOE,2025-10-26T11:00,1,26.0,midday,1
B0001064,C00401,DXB-MOE,2025-10-26T11:00,1,26.0,midday,1
B0001065,C01901,DXB-MOE,2025-10-26T11:00,2,44.0,midday,1
B0001066,C01700,DXB-MOE,2025-10-26T12:00,1,24.0,midday,1
B0001067,C01288,DXB-MOE,2025-10-26T14:00,1,18.0,midday,1
B0001068,C01890,DXB-DTN,2025-10-26T15:00,2,50.0,midday,1
B0001069,C00444,DXB-MOE,2025-10-26T17:00,3,82.0,evening,1
B0001070,C02051,DXB-MOE,2025-10-26T18:00,3,76.0,evening,1
B0001071,C00540,DXB-MAR,2025-10-26T18:00,1,26.0,evening,1
B0001072,C01365,DXB-MAR,2025-10-26T18:00,1,18.0,evening,1
B0001073,C00309,DXB-DEI,2025-10-26T18:00,1,26.0,evening,1
B0001074,C00330,DXB-DTN,2025-10-26T19:00,3,54.0,evening,1
B0001075,C00862,DXB-MOE,2025-10-26T19:00,2,50.0,evening,1
B0001076,C00213,DXB-MAR,2025-10-26T19:00,4,112.0,evening,1
B0001077,C02099,DXB-DTN,2025-10-26T20:00,1,18.0,evening,1
B0001078,C00927,DXB-DEI,2025-10-26T20:00,2,44.0,evening,1
B0001079,C01544,DXB-MAR,2025-10-26T21:00,1,32.0,evening,1
B0001080,C01131,DXB-MAR,2025-10-26T21:00,2,44.0,evening,1
B0001081,C01094,DXB-MAR,2025-10-26T21:00,3,76.0,evening,1
B0001082,C01862,DXB-MOE,2025-10-26T22:00,1,24.0,evening,1
B0001083,C01815,DXB-MOE,2025-10-26T22:00,2,36.0,evening,1
B0001084,C00363,DXB-DEI,2025-10-27T06:00,1,18.0,morning,1
B0001085,C00962,DXB-DEI,2025-10-27T06:00,1,18.0,morning,1
B0001086,C00294,DXB-DTN,2025-10-27T07:00,1,24.0,morning,1
B0001087,C00103,DXB-DTN,2025-10-27T07:00,2,58.0,morning,1
B0001088,C00913,DXB-DEI,2025-10-27T07:00,2,48.0,morning,1
B0001089,C01997,DXB-DEI,2025-10-27T08:00,2,44.0,morning,1
B0001090,C01398,DXB-MAR,2025-10-27T09:00,1,26.0,morning,1
B0001091,C00463,DXB-DTN,2025-10-27T13:00,2,50.0,midday,1
B0001092,C00495,DXB-MOE,2025-10-27T14:00,2,56.0,midday,1
B0001093,C01215,DXB-DTN,2025-10-27T16:00,3,74.0,midday,1
B0001094,C01274,DXB-MOE,2025-10-27T16:00,2,58.0,midday,1
B0001095,C00283,DXB-MAR,2025-10-27T16:00,1,18.0,midday,1
B0001096,C01076,DXB-MOE,2025-10-27T17:00,1,18.0,evening,1
B0001097,C01768,DXB-MAR,2025-10-27T17:00,2,58.0,evening,1
B0001098,C02392,DXB-DTN,2025-10-27T18:00,1,18.0,evening,1
B0001099,C01921,DXB-MOE,2025-10-27T18:00,1,24.0,evening,1
B0001100,C00485,DXB-MAR,2025-10-27T18:00,1,26.0,evening,1
B0001101,C02337,DXB-DTN,2025-10-27T19:00,2,44.0,evening,1
B0001102,C00949,DXB-MAR,2025-10-27T19:00,2,64.0,evening,1
B0001103,C00059,DXB-MAR,2025-10-27T19:00,1,26.0,evening,1
B0001104,C00147,DXB-MOE,2025-10-27T21:00,1,32.0,evening,1
B0001105,C01023,DXB-MAR,2025-10-27T22:00,3,82.0,evening,1
B0001106,C01337,DXB-DEI,2025-10-28T08:00,1,18.0,morning,1
B0001107,C01073,DXB-DTN,2025-10-28T09:00,2,58.0,morning,1
B0001108,C00136,DXB-MOE,2025-10-28T09:00,1,26.0,morning,1
B0001109,C01575,DXB-MOE,2025-10-28T10:00,2,50.0,morning,1
B0001110,C02336,DXB-MOE,2025-10-28T11:00,2,56.0,midday,1
B0001111,C00655,DXB-DTN,2025-10-28T13:00,2,56.0,midday,1
B0001112,C01015,DXB-DTN,2025-10-28T14:00,2,50.0,midday,1
B0001113,C01006,DXB-MOE,2025-10-28T14:00,2,52.0,midday,1
B0001114,C02242,DXB-DEI,2025-10-28T15:00,3,84.0,midday,1
B0001115,C00347,DXB-DEI,2025-10-28T15:00,1,24.0,midday,1
B0001116,C01562,DXB-DEI,2025-10-28T16:00,3,72.0,midday,1
B0001117,C01490,DXB-MOE,2025-10-28T17:00,1,18.0,evening,1
B0001118,C01986,DXB-MAR,2025-10-28T17:00,2,56.0,evening,1
B0001119,C01852,DXB-DTN,2025-10-28T18:00,2,44.0,evening,1
B0001120,C00104,DXB-DTN,2025-10-28T18:00,1,24.0,evening,1
B0001121,C00907,DXB-DTN,2025-10-28T19:00,2,52.0,evening,1
B0001122,C00759,DXB-DTN,2025-10-28T19:00,2,58.0,evening,1
B0001123,C00030,DXB-DEI,2025-10-28T19:00,4,102.0,evening,1
B0001124,C00275,DXB-MOE,2025-10-28T20:00,2,58.0,evening,1
B0001125,C00871,DXB-DTN,2025-10-28T21:00,1,32.0,evening,1
B0001126,C01318,DXB-MAR,2025-10-28T21:00,1,32.0,evening,1
B0001127,C01967,DXB-DTN,2025-10-28T22:00,2,50.0,evening,1
B0001128,C01987,DXB-MAR,2025-10-29T07:00,1,24.0,morning,1
B0001129,C00896,DXB-DEI,2025-10-29T07:00,2,42.0,morning,1
B0001130,C01681,DXB-DTN,2025-10-29T09:00,1,18.0,morning,1
B0001131,C00947,DXB-DTN,2025-10-29T10:00,1,26.0,morning,1
B0001132,C01629,DXB-MAR,2025-10-29T10:00,3,68.0,morning,1
B0001133,C01334,DXB-MAR,2025-10-29T10:00,1,24.0,morning,1
B0001134,C01669,DXB-DTN,2025-10-29T11:00,1,18.0,midday,1
B0001135,C01233,DXB-DTN,2025-10-29T11:00,1,18.0,midday,1
B0001136,C02155,DXB-DTN,2025-10-29T11:00,2,50.0,midday,1
B0001137,C00498,DXB-MOE,2025-10-29T11:00,5,118.0,midday,1
B0001138,C00850,DXB-MAR,2025-10-29T12:00,2,44.0,midday,1
B0001139,C02298,DXB-DTN,2025-10-29T13:00,3,66.0,midday,1
B0001140,C00780,DXB-DTN,2025-10-29T13:00,2,36.0,midday,1
B0001141,C01546,DXB-MOE,2025-10-29T13:00,1,26.0,midday,1
B0001142,C00755,DXB-MOE,2025-10-29T13:00,1,24.0,midday,1
B0001143,C01862,DXB-MOE,2025-10-29T15:00,3,68.0,midday,1
B0001144,C00352,DXB-DEI,2025-10-29T16:00,5,154.0,midday,1
B0001145,C02219,DXB-MOE,2025-10-29T17:00,1,26.0,evening,1
B0001146,C01681,DXB-MOE,2025-10-29T17:00,3,76.0,evening,1
B0001147,C02015,DXB-DEI,2025-10-29T17:00,1,18.0,evening,1
B0001148,C00379,DXB-DEI,2025-10-29T17:00,1,24.0,evening,1
B0001149,C00871,DXB-DTN,2025-10-29T18:00,3,68.0,evening,1
B0001150,C01638,DXB-MOE,2025-10-29T18:00,2,56.0,evening,1
B0001151,C01802,DXB-DEI,2025-10-29T18:00,2,50.0,evening,1
B0001152,C01095,DXB-DTN,2025-10-29T19:00,2,64.0,evening,1
B0001153,C00379,DXB-MAR,2025-10-29T19:00,2,50.0,evening,1
B0001154,C00495,DXB-DEI,2025-10-29T20:00,1,26.0,evening,1
B0001155,C01735,DXB-MAR,2025-10-29T21:00,1,32.0,evening,1
B0001156,C02259,DXB-DEI,2025-10-30T06:00,1,26.0,morning,1
B0001157,C00731,DXB-DTN,2025-10-30T07:00,3,76.0,morning,1
B0001158,C00068,DXB-DTN,2025-10-30T08:00,1,32.0,morning,1
B0001159,C00803,DXB-DEI,2025-10-30T08:00,1,32.0,morning,1
B0001160,C02002,DXB-DEI,2025-10-30T08:00,2,36.0,morning,1
B0001161,C00240,DXB-DTN,2025-10-30T09:00,2,50.0,morning,1
B0001162,C02385,DXB-DTN,2025-10-30T10:00,1,24.0,morning,1
B0001163,C01907,DXB-MOE,2025-10-30T10:00,2,58.0,morning,1
B0001164,C00953,DXB-MAR,2025-10-30T10:00,1,24.0,morning,1
B0001165,C02328,DXB-MOE,2025-10-30T11:00,1,24.0,midday,1
B0001166,C01637,DXB-MOE,2025-10-30T12:00,1,24.0,midday,1
B0001167,C02029,DXB-MOE,2025-10-30T12:00,3,66.0,midday,1
B0001168,C01687,DXB-MAR,2025-10-30T12:00,1,18.0,midday,1
B0001169,C01779,DXB-MOE,2025-10-30T15:00,1,32.0,midday,1
B0001170,C01786,DXB-MOE,2025-10-30T16:00,1,32.0,midday,1
B0001171,C01735,DXB-MOE,2025-10-30T16:00,2,56.0,midday,1
B0001172,C01862,DXB-DEI,2025-10-30T16:00,1,32.0,midday,1
B0001173,C01255,DXB-DTN,2025-10-30T17:00,2,64.0,evening,1
B0001174,C01994,DXB-MOE,2025-10-30T17:00,3,66.0,evening,1
B0001175,C01372,DXB-DTN,2025-10-30T18:00,2,52.0,evening,1
B0001176,C01448,DXB-MOE,2025-10-30T18:00,1,26.0,evening,1
B0001177,C02345,DXB-DTN,2025-10-30T19:00,1,26.0,evening,1
B0001178,C00332,DXB-DEI,2025-10-30T19:00,2,50.0,evening,1
B0001179,C01355,DXB-DTN,2025-10-30T20:00,3,82.0,evening,1
B0001180,C01612,DXB-MAR,2025-10-30T20:00,1,32.0,evening,1
B0001181,C00739,DXB-DTN,2025-10-30T21:00,1,24.0,evening,1
B0001182,C00264,DXB-MOE,2025-10-30T21:00,3,62.0,evening,1
B0001183,C01235,DXB-MAR,2025-10-30T21:00,1,18.0,evening,1
B0001184,C01337,DXB-MAR,2025-10-30T22:00,2,56.0,evening,1
B0001185,C00064,DXB-MAR,2025-10-30T22:00,2,42.0,evening,1
B0001186,C02385,DXB-MAR,2025-10-30T22:00,1,18.0,evening,1
B0001187,C01848,DXB-MAR,2025-10-30T23:00,1,26.0,evening,1
B0001188,C02276,DXB-DTN,2025-10-31T07:00,1,18.0,morning,1
B0001189,C00473,DXB-MAR,2025-10-31T07:00,1,18.0,morning,1
B0001190,C01276,DXB-DEI,2025-10-31T07:00,2,44.0,morning,1
B0001191,C00608,DXB-DEI,2025-10-31T08:00,1,18.0,morning,1
B0001192,C01436,DXB-MOE,2025-10-31T09:00,2,50.0,morning,1
B0001193,C02136,DXB-MOE,2025-10-31T09:00,1,32.0,morning,1
B0001194,C00268,DXB-MOE,2025-10-31T09:00,3,70.0,morning,1
B0001195,C00670,DXB-MAR,2025-10-31T09:00,2,50.0,morning,1
B0001196,C02242,DXB-DEI,2025-10-31T09:00,4,108.0,morning,1
B0001197,C00705,DXB-MOE,2025-10-31T10:00,1,24.0,morning,1
B0001198,C00485,DXB-DEI,2025-10-31T11:00,2,44.0,midday,1
B0001199,C02255,DXB-DEI,2025-10-31T14:00,1,18.0,midday,1
B0001200,C01432,DXB-DTN,2025-10-31T15:00,1,32.0,midday,1
B0001201,C02337,DXB-MOE,2025-10-31T15:00,1,18.0,midday,1
B0001202,C01636,DXB-DTN,2025-10-31T16:00,1,18.0,midday,1
B0001203,C00409,DXB-MOE,2025-10-31T16:00,2,44.0,midday,1
B0001204,C00685,DXB-MOE,2025-10-31T16:00,2,50.0,midday,1
B0001205,C00264,DXB-MOE,2025-10-31T17:00,3,62.0,evening,1
B0001206,C01091,DXB-DTN,2025-10-31T19:00,1,26.0,evening,1
B0001207,C02255,DXB-MOE,2025-10-31T19:00,2,42.0,evening,1
B0001208,C01670,DXB-MAR,2025-10-31T19:00,1,26.0,evening,1
B0001209,C00379,DXB-MOE,2025-10-31T20:00,1,32.0,evening,1
B0001210,C01076,DXB-MAR,2025-10-31T20:00,1,32.0,evening,1
B0001211,C00359,DXB-MAR,2025-10-31T20:00,1,18.0,evening,1
B0001212,C01177,DXB-MAR,2025-10-31T22:00,1,26.0,evening,1
B0001213,C01699,DXB-DEI,2025-11-01T06:00,1,24.0,morning,1
B0001214,C01415,DXB-MAR,2025-11-01T07:00,3,90.0,morning,1
B0001215,C02358,DXB-DTN,2025-11-01T08:00,1,24.0,morning,1
B0001216,C01683,DXB-DEI,2025-11-01T08:00,3,88.0,morning,1
B0001217,C01723,DXB-DEI,2025-11-01T08:00,4,112.0,morning,1
B0001218,C00783,DXB-DTN,2025-11-01T09:00,4,94.0,morning,1
B0001219,C01862,DXB-DTN,2025-11-01T09:00,1,32.0,morning,1
B0001220,C01337,DXB-MOE,2025-11-01T09:00,2,48.0,morning,1
B0001221,C02072,DXB-MAR,2025-11-01T09:00,3,76.0,morning,1
B0001222,C01034,DXB-DTN,2025-11-01T10:00,2,50.0,morning,1
B0001223,C00334,DXB-DTN,2025-11-01T10:00,2,52.0,morning,1
B0001224,C01857,DXB-DTN,2025-11-01T10:00,1,32.0,morning,1
B0001225,C01023,DXB-MAR,2025-11-01T10:00,1,26.0,morning,1
B0001226,C00959,DXB-DEI,2025-11-01T10:00,1,32.0,morning,1
B0001227,C01032,DXB-DEI,2025-11-01T10:00,1,24.0,morning,1
B0001228,C00802,DXB-MAR,2025-11-01T12:00,2,56.0,midday,1
B0001229,C02247,DXB-DTN,2025-11-01T13:00,1,26.0,midday,1
B0001230,C01990,DXB-MAR,2025-11-01T13:00,2,64.0,midday,1
B0001231,C02064,DXB-MOE,2025-11-01T14:00,1,26.0,midday,1
B0001232,C02241,DXB-MOE,2025-11-01T15:00,2,64.0,midday,1
B0001233,C01874,DXB-MOE,2025-11-01T16:00,1,32.0,midday,1
B0001234,C00692,DXB-MOE,2025-11-01T17:00,3,62.0,evening,1
B0001235,C02332,DXB-MAR,2025-11-01T17:00,2,44.0,evening,1
B0001236,C01032,DXB-DTN,2025-11-01T18:00,1,18.0,evening,1
B0001237,C00060,DXB-MOE,2025-11-01T18:00,1,32.0,evening,1
B0001238,C01987,DXB-DTN,2025-11-01T19:00,1,32.0,evening,1
B0001239,C00474,DXB-DEI,2025-11-01T19:00,2,48.0,evening,1
B0001240,C00082,DXB-MAR,2025-11-01T20:00,1,32.0,evening,1
B0001241,C00644,DXB-MAR,2025-11-01T20:00,2,42.0,evening,1
B0001242,C01129,DXB-DTN,2025-11-01T21:00,2,50.0,evening,1
B0001243,C01584,DXB-DTN,2025-11-01T21:00,2,42.0,evening,1
B0001244,C00629,DXB-MOE,2025-11-01T21:00,3,76.0,evening,1
B0001245,C00709,DXB-MOE,2025-11-01T21:00,2,50.0,evening,1
B0001246,C01237,DXB-MAR,2025-11-01T21:00,2,42.0,evening,1
B0001247,C00201,DXB-MAR,2025-11-01T23:00,4,116.0,evening,1
B0001248,C00135,DXB-MAR,2025-11-02T07:00,2,44.0,morning,1
B0001249,C02217,DXB-MOE,2025-11-02T08:00,1,32.0,morning,1
B0001250,C00763,DXB-DEI,2025-11-02T08:00,1,32.0,morning,1
B0001251,C00246,DXB-DEI,2025-11-02T08:00,2,52.0,morning,1
B0001252,C01971,DXB-MOE,2025-11-02T09:00,2,50.0,morning,1
B0001253,C01117,DXB-MOE,2025-11-02T10:00,1,18.0,morning,1
B0001254,C00046,DXB-MOE,2025-11-02T10:00,1,32.0,morning,1
B0001255,C01526,DXB-DTN,2025-11-02T11:00,1,26.0,midday,1
B0001256,C01736,DXB-MOE,2025-11-02T11:00,1,26.0,midday,1
B0001257,C02269,DXB-MAR,2025-11-02T12:00,1,18.0,midday,1
B0001258,C00772,DXB-MOE,2025-11-02T16:00,3,60.0,midday,1
B0001259,C00495,DXB-MOE,2025-11-02T16:00,1,24.0,midday,1
B0001260,C02143,DXB-MOE,2025-11-02T17:00,1,26.0,evening,1
B0001261,C00495,DXB-DEI,2025-11-02T17:00,3,82.0,evening,1
B0001262,C02088,DXB-MAR,2025-11-02T18:00,2,44.0,evening,1
B0001263,C00285,DXB-MAR,2025-11-02T18:00,1,32.0,evening,1
B0001264,C00090,DXB-MAR,2025-11-02T18:00,2,50.0,evening,1
B0001265,C01720,DXB-DTN,2025-11-02T19:00,2,50.0,evening,1
B0001266,C00927,DXB-MOE,2025-11-02T19:00,3,74.0,evening,1
B0001267,C02160,DXB-DTN,2025-11-02T20:00,2,44.0,evening,1
B0001268,C01109,DXB-MOE,2025-11-02T20:00,1,32.0,evening,1
B0001269,C00495,DXB-MOE,2025-11-02T22:00,1,26.0,evening,1
B0001270,C00833,DXB-MAR,2025-11-02T23:00,1,26.0,evening,1
B0001271,C01340,DXB-MAR,2025-11-02T23:00,2,50.0,evening,1
B0001272,C00909,DXB-DTN,2025-11-03T08:00,1,18.0,morning,1
B0001273,C01432,DXB-DTN,2025-11-03T08:00,2,44.0,morning,1
B0001274,C01862,DXB-DTN,2025-11-03T08:00,3,96.0,morning,1
B0001275,C01862,DXB-MOE,2025-11-03T08:00,1,18.0,morning,1
B0001276,C00077,DXB-MOE,2025-11-03T08:00,2,64.0,morning,1
B0001277,C01745,DXB-MAR,2025-11-03T08:00,1,18.0,morning,1
B0001278,C01585,DXB-DTN,2025-11-03T09:00,1,32.0,morning,1
B0001279,C00377,DXB-DTN,2025-11-03T09:00,1,26.0,morning,1
B0001280,C00686,DXB-DTN,2025-11-03T09:00,1,18.0,morning,1
B0001281,C00492,DXB-MOE,2025-11-03T09:00,1,18.0,morning,1
B0001282,C01761,DXB-MAR,2025-11-03T09:00,1,26.0,morning,1
B0001283,C00907,DXB-DTN,2025-11-03T10:00,4,114.0,morning,1
B0001284,C01683,DXB-MAR,2025-11-03T10:00,1,18.0,morning,1
B0001285,C00508,DXB-DEI,2025-11-03T10:00,1,26.0,morning,1
B0001286,C00257,DXB-DTN,2025-11-03T12:00,1,24.0,midday,1
B0001287,C00824,DXB-DTN,2025-11-03T13:00,2,56.0,midday,1
B0001288,C02131,DXB-DEI,2025-11-03T13:00,2,50.0,midday,1
B0001289,C01189,DXB-MOE,2025-11-03T15:00,1,18.0,midday,1
B0001290,C01584,DXB-DEI,2025-11-03T15:00,1,26.0,midday,1
B0001291,C00371,DXB-DTN,2025-11-03T17:00,2,50.0,evening,1
B0001292,C00490,DXB-MOE,2025-11-03T17:00,2,52.0,evening,1
B0001293,C02080,DXB-DEI,2025-11-03T18:00,2,48.0,evening,1
B0001294,C00491,DXB-DTN,2025-11-03T20:00,3,84.0,evening,1
B0001295,C02061,DXB-MAR,2025-11-03T20:00,3,82.0,evening,1
B0001296,C00379,DXB-MAR,2025-11-03T21:00,1,18.0,evening,1
B0001297,C02117,DXB-MAR,2025-11-03T22:00,2,36.0,evening,1
B0001298,C00739,DXB-MAR,2025-11-03T23:00,1,26.0,evening,1
B0001299,C00922,DXB-MAR,2025-11-03T23:00,2,42.0,evening,1
B0001300,C01760,DXB-MAR,2025-11-03T23:00,2,42.0,evening,1
B0001301,C01981,DXB-DEI,2025-11-04T06:00,1,18.0,morning,1
B0001302,C00242,DXB-DTN,2025-11-04T07:00,2,44.0,morning,1
B0001303,C01503,DXB-DEI,2025-11-04T07:00,2,56.0,morning,1
B0001304,C00488,DXB-MOE,2025-11-04T08:00,2,56.0,morning,1
B0001305,C00547,DXB-MAR,2025-11-04T08:00,3,82.0,morning,1
B0001306,C02042,DXB-DEI,2025-11-04T08:00,1,24.0,morning,1
B0001307,C00968,DXB-DEI,2025-11-04T09:00,2,42.0,morning,1
B0001308,C00108,DXB-DTN,2025-11-04T10:00,1,18.0,morning,1
B0001309,C00117,DXB-DEI,2025-11-04T10:00,2,50.0,morning,1
B0001310,C00367,DXB-MOE,2025-11-04T12:00,2,50.0,midday,1
B0001311,C00115,DXB-DEI,2025-11-04T12:00,2,50.0,midday,1
B0001312,C00503,DXB-DTN,2025-11-04T13:00,3,76.0,midday,1
B0001313,C02086,DXB-DTN,2025-11-04T17:00,1,26.0,evening,1
B0001314,C01826,DXB-DTN,2025-11-04T17:00,1,18.0,evening,1
B0001315,C01577,DXB-MAR,2025-11-04T17:00,2,42.0,evening,1
B0001316,C01137,DXB-DTN,2025-11-04T18:00,1,24.0,evening,1
B0001317,C01950,DXB-MOE,2025-11-04T18:00,1,32.0,evening,1
B0001318,C00495,DXB-MAR,2025-11-04T18:00,2,50.0,evening,1
B0001319,C00540,DXB-MAR,2025-11-04T19:00,1,26.0,evening,1
B0001320,C00580,DXB-DTN,2025-11-04T20:00,1,32.0,evening,1
B0001321,C00210,DXB-MAR,2025-11-04T20:00,1,18.0,evening,1
B0001322,C02299,DXB-MAR,2025-11-04T21:00,2,56.0,evening,1
B0001323,C01905,DXB-DTN,2025-11-05T07:00,2,56.0,morning,1
B0001324,C01867,DXB-MAR,2025-11-05T07:00,2,56.0,morning,1
B0001325,C01256,DXB-MAR,2025-11-05T07:00,1,18.0,morning,1
B0001326,C00463,DXB-MOE,2025-11-05T08:00,2,64.0,morning,1
B0001327,C01292,DXB-MAR,2025-11-05T08:00,3,96.0,morning,1
B0001328,C02286,DXB-DEI,2025-11-05T08:00,1,32.0,morning,1
B0001329,C01710,DXB-MOE,2025-11-05T10:00,2,56.0,morning,1
B0001330,C01917,DXB-MAR,2025-11-05T10:00,2,56.0,morning,1
B0001331,C00540,DXB-MOE,2025-11-05T13:00,2,50.0,midday,1
B0001332,C00023,DXB-MOE,2025-11-05T14:00,1,32.0,midday,1
B0001333,C01078,DXB-MOE,2025-11-05T14:00,2,48.0,midday,1
B0001334,C00092,DXB-DTN,2025-11-05T15:00,3,62.0,midday,1
B0001335,C00920,DXB-MOE,2025-11-05T15:00,1,24.0,midday,1
B0001336,C00779,DXB-MOE,2025-11-05T16:00,1,32.0,midday,1
B0001337,C00630,DXB-MOE,2025-11-05T16:00,2,58.0,midday,1
B0001338,C01550,DXB-MOE,2025-11-05T17:00,1,26.0,evening,1
B0001339,C01193,DXB-MOE,2025-11-05T17:00,2,42.0,evening,1
B0001340,C00630,DXB-MAR,2025-11-05T18:00,3,82.0,evening,1
B0001341,C01552,DXB-MAR,2025-11-05T18:00,1,24.0,evening,1
B0001342,C00350,DXB-MAR,2025-11-05T18:00,2,64.0,evening,1
B0001343,C00488,DXB-DTN,2025-11-05T20:00,1,24.0,evening,1
B0001344,C01780,DXB-DTN,2025-11-05T21:00,2,64.0,evening,1
B0001345,C00626,DXB-MAR,2025-11-05T22:00,2,36.0,evening,1
B0001346,C00781,DXB-MAR,2025-11-05T23:00,1,24.0,evening,1
B0001347,C00335,DXB-MAR,2025-11-06T07:00,1,18.0,morning,1
B0001348,C01095,DXB-DTN,2025-11-06T08:00,2,64.0,morning,1
B0001349,C00322,DXB-DTN,2025-11-06T08:00,2,48.0,morning,1
B0001350,C02236,DXB-DTN,2025-11-06T08:00,2,42.0,morning,1
B0001351,C01780,DXB-MAR,2025-11-06T08:00,1,24.0,morning,1
B0001352,C01468,DXB-MAR,2025-11-06T08:00,1,24.0,morning,1
B0001353,C02004,DXB-MOE,2025-11-06T09:00,3,74.0,morning,1
B0001354,C00444,DXB-MAR,2025-11-06T09:00,2,48.0,morning,1
B0001355,C01759,DXB-DEI,2025-11-06T09:00,2,50.0,morning,1
B0001356,C01921,DXB-MOE,2025-11-06T10:00,1,26.0,morning,1
B0001357,C01626,DXB-MOE,2025-11-06T15:00,1,32.0,midday,1
B0001358,C01890,DXB-MAR,2025-11-06T15:00,3,88.0,midday,1
B0001359,C00305,DXB-MOE,2025-11-06T17:00,1,32.0,evening,1
B0001360,C00837,DXB-MOE,2025-11-06T17:00,2,56.0,evening,1
B0001361,C01337,DXB-MAR,2025-11-06T17:00,1,32.0,evening,1
B0001362,C01060,DXB-MOE,2025-11-06T19:00,2,58.0,evening,1
B0001363,C01519,DXB-MOE,2025-11-06T19:00,2,44.0,evening,1
B0001364,C01824,DXB-DEI,2025-11-06T19:00,1,24.0,evening,1
B0001365,C01284,DXB-DTN,2025-11-06T20:00,2,36.0,evening,1
B0001366,C02019,DXB-DTN,2025-11-06T20:00,1,24.0,evening,1
B0001367,C01424,DXB-DTN,2025-11-06T20:00,2,50.0,evening,1
B0001368,C01176,DXB-DTN,2025-11-06T21:00,1,18.0,evening,1
B0001369,C01068,DXB-MAR,2025-11-06T21:00,1,24.0,evening,1
B0001370,C01593,DXB-MOE,2025-11-06T22:00,1,32.0,evening,1
B0001371,C01719,DXB-MOE,2025-11-06T22:00,1,32.0,evening,1
B0001372,C01337,DXB-MAR,2025-11-06T22:00,3,68.0,evening,1
B0001373,C00599,DXB-MAR,2025-11-06T23:00,1,32.0,evening,1
B0001374,C00500,DXB-DTN,2025-11-07T07:00,2,58.0,morning,1
B0001375,C00209,DXB-DTN,2025-11-07T08:00,2,56.0,morning,1
B0001376,C02237,DXB-MAR,2025-11-07T08:00,1,24.0,morning,1
B0001377,C01787,DXB-MAR,2025-11-07T08:00,1,18.0,morning,1
B0001378,C01350,DXB-DEI,2025-11-07T08:00,1,24.0,morning,1
B0001379,C00229,DXB-DEI,2025-11-07T08:00,3,70.0,morning,1
B0001380,C00343,DXB-DTN,2025-11-07T09:00,3,90.0,morning,1
B0001381,C01340,DXB-DTN,2025-11-07T09:00,2,50.0,morning,1
B0001382,C02064,DXB-DTN,2025-11-07T10:00,1,26.0,morning,1
B0001383,C00373,DXB-MOE,2025-11-07T11:00,1,18.0,midday,1
B0001384,C02054,DXB-MOE,2025-11-07T13:00,3,74.0,midday,1
B0001385,C01037,DXB-DTN,2025-11-07T15:00,1,26.0,midday,1
B0001386,C01642,DXB-MOE,2025-11-07T15:00,1,18.0,midday,1
B0001387,C00684,DXB-MOE,2025-11-07T16:00,1,24.0,midday,1
B0001388,C02306,DXB-DEI,2025-11-07T16:00,1,32.0,midday,1
B0001389,C01255,DXB-MOE,2025-11-07T17:00,2,50.0,evening,1
B0001390,C00495,DXB-MAR,2025-11-07T17:00,3,84.0,evening,1
B0001391,C01918,DXB-DTN,2025-11-07T18:00,1,24.0,evening,1
B0001392,C00661,DXB-MAR,2025-11-07T18:00,2,44.0,evening,1
B0001393,C00119,DXB-MOE,2025-11-07T19:00,1,18.0,evening,1
B0001394,C01788,DXB-MOE,2025-11-07T19:00,1,24.0,evening,1
B0001395,C00335,DXB-DTN,2025-11-07T20:00,1,32.0,evening,1
B0001396,C01740,DXB-DTN,2025-11-07T20:00,2,36.0,evening,1
B0001397,C01109,DXB-MOE,2025-11-07T20:00,3,90.0,evening,1
B0001398,C01745,DXB-MOE,2025-11-07T20:00,1,26.0,evening,1
B0001399,C02077,DXB-MOE,2025-11-07T20:00,1,26.0,evening,1
B0001400,C02175,DXB-MAR,2025-11-07T20:00,2,36.0,evening,1
B0001401,C01000,DXB-DEI,2025-11-07T20:00,1,32.0,evening,1
B0001402,C00891,DXB-DEI,2025-11-07T20:00,2,50.0,evening,1
B0001403,C02311,DXB-MOE,2025-11-07T21:00,1,26.0,evening,1
B0001404,C02263,DXB-DTN,2025-11-07T22:00,1,32.0,evening,1
B0001405,C01382,DXB-DTN,2025-11-07T22:00,1,18.0,evening,1
B0001406,C00787,DXB-MAR,2025-11-07T22:00,1,24.0,evening,1
B0001407,C00739,DXB-DTN,2025-11-08T07:00,3,68.0,morning,1
B0001408,C01013,DXB-DTN,2025-11-08T08:00,1,24.0,morning,1
B0001409,C00802,DXB-DTN,2025-11-08T08:00,3,76.0,morning,1
B0001410,C00778,DXB-DTN,2025-11-08T10:00,2,50.0,morning,1
B0001411,C01631,DXB-DTN,2025-11-08T11:00,1,26.0,midday,1
B0001412,C01371,DXB-DTN,2025-11-08T12:00,2,50.0,midday,1
B0001413,C02158,DXB-MOE,2025-11-08T13:00,2,64.0,midday,1
B0001414,C00277,DXB-MOE,2025-11-08T13:00,1,32.0,midday,1
B0001415,C02259,DXB-MOE,2025-11-08T15:00,1,26.0,midday,1
B0001416,C00000,DXB-DTN,2025-11-08T16:00,1,24.0,midday,1
B0001417,C01926,DXB-MAR,2025-11-08T17:00,4,100.0,evening,1
B0001418,C00482,DXB-DEI,2025-11-08T18:00,2,42.0,evening,1
B0001419,C00867,DXB-DTN,2025-11-08T19:00,2,58.0,evening,1
B0001420,C01833,DXB-MAR,2025-11-08T20:00,1,24.0,evening,1
B0001421,C01254,DXB-MAR,2025-11-08T20:00,2,50.0,evening,1
B0001422,C00020,DXB-DEI,2025-11-08T20:00,1,32.0,evening,1
B0001423,C01911,DXB-DTN,2025-11-08T21:00,2,50.0,evening,1
B0001424,C01986,DXB-MOE,2025-11-08T21:00,1,24.0,evening,1
B0001425,C01337,DXB-MOE,2025-11-08T21:00,2,50.0,evening,1
B0001426,C00739,DXB-MAR,2025-11-08T21:00,3,74.0,evening,1
B0001427,C00135,DXB-DTN,2025-11-08T22:00,2,58.0,evening,1
B0001428,C00709,DXB-DTN,2025-11-08T22:00,3,60.0,evening,1
B0001429,C00495,DXB-MAR,2025-11-08T22:00,1,18.0,evening,1
B0001430,C01481,DXB-MAR,2025-11-08T22:00,2,44.0,evening,1
B0001431,C01948,DXB-MAR,2025-11-08T22:00,1,32.0,evening,1
B0001432,C01677,DXB-MAR,2025-11-08T22:00,2,50.0,evening,1
B0001433,C00792,DXB-MAR,2025-11-08T22:00,1,32.0,evening,1
B0001434,C01954,DXB-DTN,2025-11-09T07:00,2,50.0,morning,1
B0001435,C00503,DXB-DTN,2025-11-09T08:00,2,52.0,morning,1
B0001436,C00177,DXB-DTN,2025-11-09T09:00,2,52.0,morning,1
B0001437,C02283,DXB-MAR,2025-11-09T09:00,1,32.0,morning,1
B0001438,C00742,DXB-MOE,2025-11-09T10:00,1,24.0,morning,1
B0001439,C00286,DXB-MOE,2025-11-09T11:00,2,44.0,midday,1
B0001440,C01419,DXB-MOE,2025-11-09T11:00,1,18.0,midday,1
B0001441,C01593,DXB-DEI,2025-11-09T11:00,3,76.0,midday,1
B0001442,C02165,DXB-MAR,2025-11-09T14:00,1,32.0,midday,1
B0001443,C00626,DXB-MAR,2025-11-09T16:00,2,56.0,midday,1
B0001444,C00946,DXB-MAR,2025-11-09T16:00,1,24.0,midday,1
B0001445,C01256,DXB-MAR,2025-11-09T16:00,2,44.0,midday,1
B0001446,C01094,DXB-DTN,2025-11-09T18:00,1,32.0,evening,1
B0001447,C02174,DXB-DEI,2025-11-09T18:00,1,32.0,evening,1
B0001448,C01907,DXB-MOE,2025-11-09T19:00,1,24.0,evening,1
B0001449,C02263,DXB-MAR,2025-11-09T19:00,2,56.0,evening,1
B0001450,C00463,DXB-MAR,2025-11-09T20:00,1,24.0,evening,1
B0001451,C01862,DXB-MAR,2025-11-09T21:00,1,32.0,evening,1
B0001452,C00477,DXB-MOE,2025-11-09T22:00,2,50.0,evening,1
B0001453,C01620,DXB-MAR,2025-11-09T22:00,1,26.0,evening,1
B0001454,C01032,DXB-DTN,2025-11-10T07:00,2,56.0,morning,1
B0001455,C01031,DXB-MAR,2025-11-10T07:00,3,68.0,morning,1
B0001456,C01127,DXB-DEI,2025-11-10T07:00,1,26.0,morning,1
B0001457,C01861,DXB-MAR,2025-11-10T08:00,3,88.0,morning,1
B0001458,C00779,DXB-DEI,2025-11-10T08:00,2,44.0,morning,1
B0001459,C02058,DXB-MAR,2025-11-10T09:00,3,82.0,morning,1
B0001460,C01592,DXB-DEI,2025-11-10T09:00,1,32.0,morning,1
B0001461,C00869,DXB-DTN,2025-11-10T10:00,2,50.0,morning,1
B0001462,C00108,DXB-DTN,2025-11-10T10:00,2,48.0,morning,1
B0001463,C01709,DXB-MOE,2025-11-10T10:00,1,18.0,morning,1
B0001464,C00872,DXB-DEI,2025-11-10T10:00,1,24.0,morning,1
B0001465,C00285,DXB-MOE,2025-11-10T13:00,1,32.0,midday,1
B0001466,C01517,DXB-MOE,2025-11-10T13:00,2,48.0,midday,1
B0001467,C00189,DXB-MOE,2025-11-10T13:00,1,18.0,midday,1
B0001468,C02004,DXB-MOE,2025-11-10T14:00,3,62.0,midday,1
B0001469,C02337,DXB-MAR,2025-11-10T16:00,1,24.0,midday,1
B0001470,C00779,DXB-MOE,2025-11-10T17:00,2,44.0,evening,1
B0001471,C01218,DXB-MAR,2025-11-10T17:00,2,56.0,evening,1
B0001472,C00613,DXB-DEI,2025-11-10T17:00,1,24.0,evening,1
B0001473,C01337,DXB-DTN,2025-11-10T18:00,1,24.0,evening,1
B0001474,C00809,DXB-MAR,2025-11-10T19:00,1,32.0,evening,1
B0001475,C01434,DXB-DTN,2025-11-10T20:00,2,50.0,evening,1
B0001476,C00288,DXB-DEI,2025-11-11T07:00,2,42.0,morning,1
B0001477,C00883,DXB-DEI,2025-11-11T07:00,1,32.0,morning,1
B0001478,C01217,DXB-MOE,2025-11-11T08:00,2,48.0,morning,1
B0001479,C01337,DXB-MOE,2025-11-11T09:00,2,56.0,morning,1
B0001480,C02061,DXB-MAR,2025-11-11T09:00,2,50.0,morning,1
B0001481,C01566,DXB-DEI,2025-11-11T10:00,1,26.0,morning,1
B0001482,C01653,DXB-MOE,2025-11-11T11:00,3,76.0,midday,1
B0001483,C00762,DXB-MAR,2025-11-11T11:00,3,76.0,midday,1
B0001484,C01268,DXB-MAR,2025-11-11T11:00,1,26.0,midday,1
B0001485,C01127,DXB-MOE,2025-11-11T12:00,2,58.0,midday,1
B0001486,C00040,DXB-MOE,2025-11-11T12:00,2,50.0,midday,1
B0001487,C02194,DXB-MOE,2025-11-11T13:00,1,26.0,midday,1
B0001488,C01042,DXB-MOE,2025-11-11T14:00,2,56.0,midday,1
B0001489,C01617,DXB-DTN,2025-11-11T16:00,2,52.0,midday,1
B0001490,C00337,DXB-DTN,2025-11-11T18:00,1,24.0,evening,1
B0001491,C02362,DXB-DTN,2025-11-11T18:00,3,88.0,evening,1
B0001492,C00900,DXB-DTN,2025-11-11T18:00,2,58.0,evening,1
B0001493,C00619,DXB-DTN,2025-11-11T18:00,2,44.0,evening,1
B0001494,C01619,DXB-DEI,2025-11-11T18:00,2,36.0,evening,1
B0001495,C01338,DXB-MAR,2025-11-11T19:00,1,26.0,evening,1
B0001496,C01967,DXB-DEI,2025-11-11T20:00,2,56.0,evening,1
B0001497,C02201,DXB-DTN,2025-11-11T21:00,1,18.0,evening,1
B0001498,C00849,DXB-DTN,2025-11-11T21:00,2,50.0,evening,1
B0001499,C01415,DXB-DTN,2025-11-12T07:00,2,42.0,morning,1
B0001500,C01264,DXB-DTN,2025-11-12T07:00,2,50.0,morning,1
B0001501,C01109,DXB-MAR,2025-11-12T07:00,1,18.0,morning,1
B0001502,C00545,DXB-MOE,2025-11-12T08:00,2,36.0,morning,1
B0001503,C01813,DXB-DEI,2025-11-12T08:00,2,52.0,morning,1
B0001504,C00368,DXB-MOE,2025-11-12T09:00,1,18.0,morning,1
B0001505,C00532,DXB-MOE,2025-11-12T09:00,1,32.0,morning,1
B0001506,C00223,DXB-MAR,2025-11-12T09:00,1,24.0,morning,1
B0001507,C01862,DXB-DEI,2025-11-12T09:00,2,50.0,morning,1
B0001508,C01923,DXB-DTN,2025-11-12T10:00,1,24.0,morning,1
B0001509,C00453,DXB-DTN,2025-11-12T11:00,2,50.0,midday,1
B0001510,C01318,DXB-DTN,2025-11-12T11:00,1,18.0,midday,1
B0001511,C00275,DXB-MOE,2025-11-12T13:00,1,18.0,midday,1
B0001512,C01539,DXB-MOE,2025-11-12T13:00,1,32.0,midday,1
B0001513,C02338,DXB-MOE,2025-11-12T14:00,1,24.0,midday,1
B0001514,C01260,DXB-MAR,2025-11-12T16:00,1,26.0,midday,1
B0001515,C00985,DXB-MOE,2025-11-12T17:00,1,32.0,evening,1
B0001516,C01890,DXB-MOE,2025-11-12T17:00,1,26.0,evening,1
B0001517,C00944,DXB-MAR,2025-11-12T17:00,1,18.0,evening,1
B0001518,C01694,DXB-DEI,2025-11-12T17:00,2,36.0,evening,1
B0001519,C01864,DXB-MOE,2025-11-12T18:00,1,32.0,evening,1
B0001520,C02194,DXB-MAR,2025-11-12T18:00,1,26.0,evening,1
B0001521,C01423,DXB-MAR,2025-11-12T19:00,2,44.0,evening,1
B0001522,C01546,DXB-DEI,2025-11-12T19:00,1,24.0,evening,1
B0001523,C02039,DXB-DTN,2025-11-12T20:00,2,48.0,evening,1
B0001524,C00650,DXB-MAR,2025-11-12T20:00,1,24.0,evening,1
B0001525,C00020,DXB-MAR,2025-11-12T20:00,2,44.0,evening,1
B0001526,C00922,DXB-DEI,2025-11-12T20:00,1,26.0,evening,1
B0001527,C00239,DXB-MOE,2025-11-12T21:00,2,64.0,evening,1
B0001528,C02248,DXB-MAR,2025-11-12T23:00,1,18.0,evening,1
B0001529,C02129,DXB-MAR,2025-11-13T07:00,3,96.0,morning,1
B0001530,C01611,DXB-MOE,2025-11-13T08:00,4,108.0,morning,1
B0001531,C02121,DXB-DTN,2025-11-13T09:00,1,24.0,morning,1
B0001532,C00554,DXB-DTN,2025-11-13T09:00,2,50.0,morning,1
B0001533,C01093,DXB-MAR,2025-11-13T09:00,2,56.0,morning,1
B0001534,C01108,DXB-DEI,2025-11-13T09:00,2,44.0,morning,1
B0001535,C02117,DXB-DTN,2025-11-13T10:00,2,36.0,morning,1
B0001536,C01953,DXB-MOE,2025-11-13T11:00,1,26.0,midday,1
B0001537,C01076,DXB-DEI,2025-11-13T13:00,3,60.0,midday,1
B0001538,C02385,DXB-MOE,2025-11-13T15:00,2,56.0,midday,1
B0001539,C00731,DXB-MOE,2025-11-13T17:00,1,26.0,evening,1
B0001540,C01491,DXB-MOE,2025-11-13T18:00,3,82.0,evening,1
B0001541,C00075,DXB-MOE,2025-11-13T18:00,1,26.0,evening,1
B0001542,C02397,DXB-DEI,2025-11-13T18:00,1,26.0,evening,1
B0001543,C00566,DXB-DEI,2025-11-13T18:00,2,64.0,evening,1
B0001544,C01182,DXB-DTN,2025-11-13T19:00,2,42.0,evening,1
B0001545,C00906,DXB-MAR,2025-11-13T19:00,2,56.0,evening,1
B0001546,C01233,DXB-MOE,2025-11-13T20:00,1,18.0,evening,1
B0001547,C02362,DXB-MAR,2025-11-13T20:00,3,74.0,evening,1
B0001548,C00165,DXB-DEI,2025-11-13T20:00,1,26.0,evening,1
B0001549,C00379,DXB-MOE,2025-11-13T21:00,2,36.0,evening,1
B0001550,C00968,DXB-MAR,2025-11-13T21:00,1,26.0,evening,1
B0001551,C01496,DXB-MAR,2025-11-13T21:00,2,42.0,evening,1
B0001552,C01114,DXB-MAR,2025-11-13T21:00,3,74.0,evening,1
B0001553,C00778,DXB-MAR,2025-11-13T21:00,4,116.0,evening,1
B0001554,C00165,DXB-DTN,2025-11-13T22:00,2,58.0,evening,1
B0001555,C01419,DXB-MOE,2025-11-13T22:00,1,18.0,evening,1
B0001556,C00502,DXB-MAR,2025-11-13T23:00,4,100.0,evening,1
B0001557,C00347,DXB-DEI,2025-11-14T06:00,2,56.0,morning,1
B0001558,C00515,DXB-DTN,2025-11-14T07:00,2,56.0,morning,1
B0001559,C00416,DXB-MAR,2025-11-14T07:00,3,66.0,morning,1
B0001560,C01488,DXB-DTN,2025-11-14T08:00,2,36.0,morning,1
B0001561,C02263,DXB-DTN,2025-11-14T09:00,2,58.0,morning,1
B0001562,C00406,DXB-MAR,2025-11-14T09:00,1,26.0,morning,1
B0001563,C00598,DXB-MAR,2025-11-14T09:00,3,66.0,morning,1
B0001564,C01354,DXB-DTN,2025-11-14T10:00,2,50.0,morning,1
B0001565,C00342,DXB-DTN,2025-11-14T11:00,3,82.0,midday,1
B0001566,C00422,DXB-MOE,2025-11-14T11:00,1,26.0,midday,1
B0001567,C00400,DXB-MAR,2025-11-14T11:00,1,18.0,midday,1
B0001568,C01570,DXB-MOE,2025-11-14T12:00,1,18.0,midday,1
B0001569,C01788,DXB-DEI,2025-11-14T12:00,2,58.0,midday,1
B0001570,C00905,DXB-MOE,2025-11-14T13:00,2,44.0,midday,1
B0001571,C01990,DXB-MOE,2025-11-14T14:00,1,24.0,midday,1
B0001572,C01456,DXB-MOE,2025-11-14T14:00,1,24.0,midday,1
B0001573,C00742,DXB-MAR,2025-11-14T16:00,1,18.0,midday,1
B0001574,C00150,DXB-MAR,2025-11-14T16:00,2,64.0,midday,1
B0001575,C00136,DXB-DEI,2025-11-14T16:00,2,56.0,midday,1
B0001576,C01983,DXB-MOE,2025-11-14T17:00,1,24.0,evening,1
B0001577,C01411,DXB-MOE,2025-11-14T17:00,2,50.0,evening,1
B0001578,C01424,DXB-MAR,2025-11-14T17:00,1,18.0,evening,1
B0001579,C00929,DXB-MAR,2025-11-14T17:00,1,24.0,evening,1
B0001580,C00495,DXB-DTN,2025-11-14T18:00,2,50.0,evening,1
B0001581,C00833,DXB-MOE,2025-11-14T18:00,2,36.0,evening,1
B0001582,C02248,DXB-MAR,2025-11-14T18:00,1,32.0,evening,1
B0001583,C01176,DXB-MAR,2025-11-14T18:00,2,50.0,evening,1
B0001584,C01337,DXB-MAR,2025-11-14T19:00,2,48.0,evening,1
B0001585,C00920,DXB-DTN,2025-11-14T20:00,1,32.0,evening,1
B0001586,C00802,DXB-DTN,2025-11-14T21:00,3,82.0,evening,1
B0001587,C01862,DXB-MOE,2025-11-14T22:00,2,48.0,evening,1
B0001588,C01132,DXB-MAR,2025-11-14T22:00,1,24.0,evening,1
B0001589,C02379,DXB-DTN,2025-11-15T07:00,1,18.0,morning,1
B0001590,C01432,DXB-DTN,2025-11-15T07:00,1,18.0,morning,1
B0001591,C01337,DXB-DEI,2025-11-15T07:00,3,72.0,morning,1
B0001592,C00338,DXB-DTN,2025-11-15T09:00,3,74.0,morning,1
B0001593,C01023,DXB-DTN,2025-11-15T09:00,1,32.0,morning,1
B0001594,C00928,DXB-DTN,2025-11-15T09:00,2,56.0,morning,1
B0001595,C01580,DXB-MOE,2025-11-15T09:00,2,56.0,morning,1
B0001596,C02241,DXB-MOE,2025-11-15T12:00,2,42.0,midday,1
B0001597,C00267,DXB-DTN,2025-11-15T13:00,1,18.0,midday,1
B0001598,C01997,DXB-DTN,2025-11-15T14:00,2,42.0,midday,1
B0001599,C01226,DXB-MOE,2025-11-15T14:00,2,56.0,midday,1
B0001600,C01986,DXB-MOE,2025-11-15T15:00,2,52.0,midday,1
B0001601,C02044,DXB-MOE,2025-11-15T15:00,1,32.0,midday,1
B0001602,C01050,DXB-MOE,2025-11-15T16:00,1,18.0,midday,1
B0001603,C02267,DXB-DEI,2025-11-15T16:00,3,62.0,midday,1
B0001604,C00845,DXB-MOE,2025-11-15T17:00,1,32.0,evening,1
B0001605,C01815,DXB-MOE,2025-11-15T19:00,1,24.0,evening,1
B0001606,C02378,DXB-DTN,2025-11-15T20:00,2,48.0,evening,1
B0001607,C01383,DXB-DTN,2025-11-15T20:00,1,18.0,evening,1
B0001608,C00936,DXB-DTN,2025-11-15T20:00,3,80.0,evening,1
B0001609,C00657,DXB-DTN,2025-11-15T20:00,1,26.0,evening,1
B0001610,C00495,DXB-MAR,2025-11-15T20:00,3,54.0,evening,1
B0001611,C00719,DXB-DEI,2025-11-15T20:00,3,66.0,evening,1
B0001612,C01023,DXB-MOE,2025-11-15T21:00,1,18.0,evening,1
B0001613,C01133,DXB-MAR,2025-11-15T21:00,2,50.0,evening,1
B0001614,C00475,DXB-MAR,2025-11-15T23:00,1,24.0,evening,1
B0001615,C00370,DXB-DEI,2025-11-16T07:00,2,50.0,morning,1
B0001616,C02343,DXB-MAR,2025-11-16T08:00,2,44.0,morning,1
B0001617,C00268,DXB-MOE,2025-11-16T09:00,3,60.0,morning,1
B0001618,C02277,DXB-MOE,2025-11-16T14:00,1,18.0,midday,1
B0001619,C01432,DXB-MOE,2025-11-16T14:00,2,42.0,midday,1
B0001620,C00342,DXB-MOE,2025-11-16T16:00,1,18.0,midday,1
B0001621,C02124,DXB-MOE,2025-11-16T16:00,2,44.0,midday,1
B0001622,C01158,DXB-MAR,2025-11-16T18:00,2,58.0,evening,1
B0001623,C01792,DXB-DTN,2025-11-16T19:00,1,26.0,evening,1
B0001624,C01059,DXB-MOE,2025-11-16T19:00,1,32.0,evening,1
B0001625,C01004,DXB-MAR,2025-11-16T19:00,3,62.0,evening,1
B0001626,C01712,DXB-DTN,2025-11-16T20:00,1,32.0,evening,1
B0001627,C00032,DXB-MAR,2025-11-16T20:00,1,26.0,evening,1
B0001628,C00997,DXB-DEI,2025-11-16T20:00,1,26.0,evening,1
B0001629,C00037,DXB-MOE,2025-11-16T21:00,1,24.0,evening,1
B0001630,C00663,DXB-MAR,2025-11-16T21:00,2,50.0,evening,1
B0001631,C01268,DXB-MAR,2025-11-16T21:00,2,58.0,evening,1
B0001632,C00905,DXB-MOE,2025-11-16T22:00,2,42.0,evening,1
B0001633,C01530,DXB-DEI,2025-11-17T06:00,1,26.0,morning,1
B0001634,C01947,DXB-DEI,2025-11-17T06:00,1,32.0,morning,1
B0001635,C01337,DXB-DEI,2025-11-17T06:00,3,74.0,morning,1
B0001636,C00299,DXB-DTN,2025-11-17T07:00,1,24.0,morning,1
B0001637,C02083,DXB-DTN,2025-11-17T07:00,1,18.0,morning,1
B0001638,C00244,DXB-DEI,2025-11-17T07:00,1,26.0,morning,1
B0001639,C00491,DXB-DTN,2025-11-17T08:00,1,24.0,morning,1
B0001640,C02305,DXB-MAR,2025-11-17T08:00,1,26.0,morning,1
B0001641,C01751,DXB-MAR,2025-11-17T08:00,2,50.0,morning,1
B0001642,C02149,DXB-DEI,2025-11-17T08:00,3,80.0,morning,1
B0001643,C00305,DXB-DEI,2025-11-17T08:00,1,32.0,morning,1
B0001644,C01223,DXB-MOE,2025-11-17T11:00,2,64.0,midday,1
B0001645,C00742,DXB-MAR,2025-11-17T11:00,3,76.0,midday,1
B0001646,C00491,DXB-DTN,2025-11-17T14:00,1,18.0,midday,1
B0001647,C00276,DXB-MOE,2025-11-17T14:00,1,32.0,midday,1
B0001648,C01219,DXB-MOE,2025-11-17T14:00,1,24.0,midday,1
B0001649,C02231,DXB-MOE,2025-11-17T16:00,1,32.0,midday,1
B0001650,C02305,DXB-DTN,2025-11-17T17:00,2,56.0,evening,1
B0001651,C00290,DXB-DEI,2025-11-17T17:00,2,64.0,evening,1
B0001652,C01424,DXB-DTN,2025-11-17T18:00,3,82.0,evening,1
B0001653,C02245,DXB-DTN,2025-11-17T18:00,3,74.0,evening,1
B0001654,C01544,DXB-MAR,2025-11-17T18:00,2,50.0,evening,1
B0001655,C00928,DXB-DTN,2025-11-17T19:00,1,32.0,evening,1
B0001656,C00174,DXB-MAR,2025-11-17T19:00,2,58.0,evening,1
B0001657,C02228,DXB-MAR,2025-11-17T19:00,2,52.0,evening,1
B0001658,C00115,DXB-MOE,2025-11-17T20:00,1,18.0,evening,1
B0001659,C01231,DXB-MAR,2025-11-17T20:00,2,56.0,evening,1
B0001660,C02264,DXB-DTN,2025-11-17T21:00,2,42.0,evening,1
B0001661,C00160,DXB-DTN,2025-11-17T21:00,2,36.0,evening,1
B0001662,C00724,DXB-MAR,2025-11-17T21:00,1,26.0,evening,1
B0001663,C00643,DXB-MAR,2025-11-17T22:00,2,56.0,evening,1
B0001664,C01565,DXB-MAR,2025-11-17T23:00,1,24.0,evening,1
B0001665,C02362,DXB-DTN,2025-11-18T07:00,2,50.0,morning,1
B0001666,C00092,DXB-MAR,2025-11-18T07:00,1,24.0,morning,1
B0001667,C00166,DXB-MOE,2025-11-18T08:00,1,18.0,morning,1
B0001668,C00743,DXB-MOE,2025-11-18T08:00,2,42.0,morning,1
B0001669,C02039,DXB-DTN,2025-11-18T09:00,1,24.0,morning,1
B0001670,C02295,DXB-DTN,2025-11-18T09:00,1,24.0,morning,1
B0001671,C00915,DXB-DTN,2025-11-18T12:00,1,18.0,midday,1
B0001672,C00764,DXB-MOE,2025-11-18T13:00,1,26.0,midday,1
B0001673,C00746,DXB-MOE,2025-11-18T13:00,1,18.0,midday,1
B0001674,C00517,DXB-DTN,2025-11-18T14:00,1,18.0,midday,1
B0001675,C00610,DXB-DTN,2025-11-18T15:00,3,66.0,midday,1
B0001676,C02003,DXB-MOE,2025-11-18T15:00,1,24.0,midday,1
B0001677,C02209,DXB-MOE,2025-11-18T18:00,3,82.0,evening,1
B0001678,C01967,DXB-MOE,2025-11-18T19:00,1,18.0,evening,1
B0001679,C01422,DXB-MAR,2025-11-18T21:00,2,50.0,evening,1
B0001680,C01027,DXB-DTN,2025-11-18T22:00,1,18.0,evening,1
B0001681,C00586,DXB-MAR,2025-11-18T22:00,3,84.0,evening,1
B0001682,C01149,DXB-DEI,2025-11-19T07:00,2,56.0,morning,1
B0001683,C01931,DXB-MOE,2025-11-19T08:00,1,18.0,morning,1
B0001684,C01990,DXB-MAR,2025-11-19T08:00,1,32.0,morning,1
B0001685,C02269,DXB-MAR,2025-11-19T08:00,1,18.0,morning,1
B0001686,C00082,DXB-MAR,2025-11-19T08:00,3,68.0,morning,1
B0001687,C01735,DXB-MAR,2025-11-19T08:00,1,26.0,morning,1
B0001688,C02058,DXB-DEI,2025-11-19T08:00,2,56.0,morning,1
B0001689,C00923,DXB-MOE,2025-11-19T09:00,3,74.0,morning,1
B0001690,C02051,DXB-MAR,2025-11-19T09:00,1,18.0,morning,1
B0001691,C00968,DXB-MAR,2025-11-19T09:00,1,32.0,morning,1
B0001692,C02338,DXB-DEI,2025-11-19T09:00,1,32.0,morning,1
B0001693,C01758,DXB-DTN,2025-11-19T10:00,2,50.0,morning,1
B0001694,C00040,DXB-MAR,2025-11-19T11:00,3,80.0,midday,1
B0001695,C00507,DXB-MOE,2025-11-19T14:00,1,32.0,midday,1
B0001696,C01063,DXB-DTN,2025-11-19T15:00,2,64.0,midday,1
B0001697,C00106,DXB-DEI,2025-11-19T15:00,1,24.0,midday,1
B0001698,C01475,DXB-MOE,2025-11-19T16:00,1,32.0,midday,1
B0001699,C00779,DXB-DEI,2025-11-19T17:00,2,36.0,evening,1
B0001700,C02332,DXB-DTN,2025-11-19T18:00,2,44.0,evening,1
B0001701,C00773,DXB-DTN,2025-11-19T18:00,1,32.0,evening,1
B0001702,C01042,DXB-MOE,2025-11-19T18:00,1,26.0,evening,1
B0001703,C00583,DXB-MAR,2025-11-19T18:00,1,18.0,evening,1
B0001704,C00780,DXB-MAR,2025-11-19T19:00,3,76.0,evening,1
B0001705,C00485,DXB-DTN,2025-11-19T20:00,1,32.0,evening,1
B0001706,C02158,DXB-MOE,2025-11-19T20:00,1,24.0,evening,1
B0001707,C01023,DXB-DTN,2025-11-19T21:00,1,32.0,evening,1
B0001708,C00622,DXB-MOE,2025-11-19T21:00,1,24.0,evening,1
B0001709,C01563,DXB-MAR,2025-11-19T21:00,2,44.0,evening,1
B0001710,C01491,DXB-MAR,2025-11-19T22:00,3,82.0,evening,1
B0001711,C00147,DXB-MAR,2025-11-19T23:00,1,24.0,evening,1
B0001712,C02269,DXB-DTN,2025-11-20T08:00,2,56.0,morning,1
B0001713,C01552,DXB-DEI,2025-11-20T08:00,1,32.0,morning,1
B0001714,C00015,DXB-DTN,2025-11-20T09:00,2,44.0,morning,1
B0001715,C01780,DXB-DTN,2025-11-20T09:00,1,32.0,morning,1
B0001716,C00606,DXB-MAR,2025-11-20T09:00,2,56.0,morning,1
B0001717,C01994,DXB-MAR,2025-11-20T09:00,3,96.0,morning,1
B0001718,C01920,DXB-MOE,2025-11-20T10:00,2,56.0,morning,1
B0001719,C00075,DXB-MOE,2025-11-20T10:00,3,62.0,morning,1
B0001720,C02010,DXB-MOE,2025-11-20T12:00,2,64.0,midday,1
B0001721,C01949,DXB-MOE,2025-11-20T12:00,3,68.0,midday,1
B0001722,C01034,DXB-MOE,2025-11-20T12:00,2,42.0,midday,1
B0001723,C01742,DXB-DTN,2025-11-20T13:00,1,26.0,midday,1
B0001724,C01370,DXB-MOE,2025-11-20T13:00,1,18.0,midday,1
B0001725,C01483,DXB-MOE,2025-11-20T14:00,4,80.0,midday,1
B0001726,C00495,DXB-MOE,2025-11-20T15:00,1,32.0,midday,1
B0001727,C00550,DXB-MOE,2025-11-20T15:00,2,44.0,midday,1
B0001728,C00656,DXB-MOE,2025-11-20T15:00,3,76.0,midday,1
B0001729,C01114,DXB-DTN,2025-11-20T16:00,1,32.0,midday,1
B0001730,C00077,DXB-DTN,2025-11-20T17:00,2,58.0,evening,1
B0001731,C00463,DXB-MOE,2025-11-20T17:00,1,24.0,evening,1
B0001732,C00189,DXB-MAR,2025-11-20T18:00,1,18.0,evening,1
B0001733,C00210,DXB-MAR,2025-11-20T18:00,2,52.0,evening,1
B0001734,C00488,DXB-DTN,2025-11-20T19:00,1,32.0,evening,1
B0001735,C01776,DXB-MOE,2025-11-20T19:00,1,32.0,evening,1
B0001736,C01218,DXB-MAR,2025-11-20T19:00,1,32.0,evening,1
B0001737,C02051,DXB-MAR,2025-11-20T20:00,3,90.0,evening,1
B0001738,C01233,DXB-DTN,2025-11-20T21:00,2,56.0,evening,1
B0001739,C01623,DXB-MAR,2025-11-20T21:00,2,50.0,evening,1
B0001740,C00607,DXB-MAR,2025-11-20T21:00,2,42.0,evening,1
B0001741,C02379,DXB-MAR,2025-11-20T23:00,1,24.0,evening,1
B0001742,C01489,DXB-DEI,2025-11-21T06:00,1,26.0,morning,1
B0001743,C00731,DXB-MAR,2025-11-21T07:00,1,18.0,morning,1
B0001744,C01569,DXB-DTN,2025-11-21T08:00,3,96.0,morning,1
B0001745,C00379,DXB-DTN,2025-11-21T09:00,2,56.0,morning,1
B0001746,C00208,DXB-DTN,2025-11-21T09:00,1,32.0,morning,1
B0001747,C01420,DXB-DTN,2025-11-21T10:00,3,74.0,morning,1
B0001748,C00613,DXB-MOE,2025-11-21T10:00,2,48.0,morning,1
B0001749,C00020,DXB-MOE,2025-11-21T10:00,3,76.0,morning,1
B0001750,C01861,DXB-DTN,2025-11-21T12:00,1,26.0,midday,1
B0001751,C00117,DXB-MOE,2025-11-21T12:00,3,82.0,midday,1
B0001752,C01114,DXB-MAR,2025-11-21T12:00,3,60.0,midday,1
B0001753,C01610,DXB-MOE,2025-11-21T13:00,3,88.0,midday,1
B0001754,C00870,DXB-DTN,2025-11-21T14:00,3,82.0,midday,1
B0001755,C00135,DXB-MOE,2025-11-21T14:00,2,56.0,midday,1
B0001756,C00155,DXB-MAR,2025-11-21T15:00,1,26.0,midday,1
B0001757,C01892,DXB-MOE,2025-11-21T16:00,2,44.0,midday,1
B0001758,C00227,DXB-MOE,2025-11-21T16:00,3,88.0,midday,1
B0001759,C00172,DXB-MOE,2025-11-21T16:00,1,18.0,midday,1
B0001760,C02071,DXB-MOE,2025-11-21T17:00,1,24.0,evening,1
B0001761,C02241,DXB-DTN,2025-11-21T18:00,1,18.0,evening,1
B0001762,C00022,DXB-MOE,2025-11-21T18:00,4,106.0,evening,1
B0001763,C01780,DXB-MAR,2025-11-21T18:00,1,24.0,evening,1
B0001764,C00798,DXB-MOE,2025-11-21T19:00,2,52.0,evening,1
B0001765,C00153,DXB-DEI,2025-11-21T19:00,1,26.0,evening,1
B0001766,C00299,DXB-DTN,2025-11-21T20:00,1,24.0,evening,1
B0001767,C01025,DXB-DTN,2025-11-21T20:00,1,26.0,evening,1
B0001768,C00239,DXB-MOE,2025-11-21T20:00,1,18.0,evening,1
B0001769,C01782,DXB-MOE,2025-11-21T20:00,1,32.0,evening,1
B0001770,C01890,DXB-MAR,2025-11-21T20:00,1,26.0,evening,1
B0001771,C01386,DXB-MOE,2025-11-21T21:00,2,58.0,evening,1
B0001772,C00286,DXB-MAR,2025-11-21T21:00,1,18.0,evening,1
B0001773,C01112,DXB-DTN,2025-11-21T22:00,1,24.0,evening,1
B0001774,C00368,DXB-MOE,2025-11-21T22:00,1,32.0,evening,1
B0001775,C01411,DXB-MAR,2025-11-21T22:00,1,32.0,evening,1
B0001776,C00275,DXB-MAR,2025-11-21T23:00,2,50.0,evening,1
B0001777,C01864,DXB-MAR,2025-11-21T23:00,1,18.0,evening,1
B0001778,C00659,DXB-MAR,2025-11-22T07:00,1,32.0,morning,1
B0001779,C00456,DXB-DEI,2025-11-22T07:00,2,42.0,morning,1
B0001780,C00655,DXB-DEI,2025-11-22T08:00,1,32.0,morning,1
B0001781,C01935,DXB-DEI,2025-11-22T08:00,1,18.0,morning,1
B0001782,C00489,DXB-DTN,2025-11-22T09:00,1,32.0,morning,1
B0001783,C01954,DXB-DEI,2025-11-22T10:00,1,26.0,morning,1
B0001784,C02134,DXB-DTN,2025-11-22T11:00,2,50.0,midday,1
B0001785,C01688,DXB-MOE,2025-11-22T12:00,1,32.0,midday,1
B0001786,C02129,DXB-DTN,2025-11-22T15:00,2,64.0,midday,1
B0001787,C00845,DXB-MOE,2025-11-22T15:00,2,50.0,midday,1
B0001788,C00514,DXB-MOE,2025-11-22T16:00,3,90.0,midday,1
B0001789,C01230,DXB-MAR,2025-11-22T16:00,3,82.0,midday,1
B0001790,C01659,DXB-MOE,2025-11-22T17:00,4,92.0,evening,1
B0001791,C01200,DXB-MOE,2025-11-22T18:00,2,52.0,evening,1
B0001792,C01152,DXB-MOE,2025-11-22T18:00,2,56.0,evening,1
B0001793,C01491,DXB-DTN,2025-11-22T19:00,1,32.0,evening,1
B0001794,C01684,DXB-DTN,2025-11-22T19:00,2,58.0,evening,1
B0001795,C02362,DXB-DTN,2025-11-22T19:00,1,18.0,evening,1
B0001796,C00612,DXB-MOE,2025-11-22T19:00,2,56.0,evening,1
B0001797,C00433,DXB-MOE,2025-11-22T19:00,2,50.0,evening,1
B0001798,C00385,DXB-MAR,2025-11-22T19:00,1,18.0,evening,1
B0001799,C01134,DXB-MOE,2025-11-22T21:00,1,24.0,evening,1
B0001800,C00277,DXB-DTN,2025-11-22T22:00,2,42.0,evening,1
B0001801,C00547,DXB-DEI,2025-11-23T06:00,2,42.0,morning,1
B0001802,C02357,DXB-DEI,2025-11-23T06:00,1,32.0,morning,1
B0001803,C00985,DXB-DTN,2025-11-23T07:00,1,26.0,morning,1
B0001804,C00833,DXB-DTN,2025-11-23T07:00,3,88.0,morning,1
B0001805,C01722,DXB-DEI,2025-11-23T07:00,2,48.0,morning,1
B0001806,C01504,DXB-DTN,2025-11-23T08:00,2,58.0,morning,1
B0001807,C01907,DXB-DTN,2025-11-23T08:00,1,32.0,morning,1
B0001808,C01075,DXB-MOE,2025-11-23T08:00,1,18.0,morning,1
B0001809,C02301,DXB-MOE,2025-11-23T08:00,1,32.0,morning,1
B0001810,C01133,DXB-DEI,2025-11-23T08:00,1,18.0,morning,1
B0001811,C00705,DXB-DTN,2025-11-23T09:00,1,24.0,morning,1
B0001812,C01573,DXB-MOE,2025-11-23T09:00,1,32.0,morning,1
B0001813,C00305,DXB-MAR,2025-11-23T09:00,1,18.0,morning,1
B0001814,C00495,DXB-DEI,2025-11-23T09:00,3,88.0,morning,1
B0001815,C00858,DXB-MOE,2025-11-23T11:00,2,50.0,midday,1
B0001816,C01198,DXB-MOE,2025-11-23T11:00,3,74.0,midday,1
B0001817,C01302,DXB-DTN,2025-11-23T12:00,1,18.0,midday,1
B0001818,C02338,DXB-MOE,2025-11-23T12:00,2,56.0,midday,1
B0001819,C01095,DXB-DTN,2025-11-23T14:00,1,18.0,midday,1
B0001820,C01243,DXB-DTN,2025-11-23T15:00,1,18.0,midday,1
B0001821,C02158,DXB-MOE,2025-11-23T16:00,1,26.0,midday,1
B0001822,C01749,DXB-DEI,2025-11-23T16:00,1,18.0,midday,1
B0001823,C00858,DXB-DTN,2025-11-23T17:00,2,42.0,evening,1
B0001824,C01159,DXB-DTN,2025-11-23T17:00,4,92.0,evening,1
B0001825,C00169,DXB-MOE,2025-11-23T17:00,3,82.0,evening,1
B0001826,C01333,DXB-MOE,2025-11-23T17:00,1,18.0,evening,1
B0001827,C00820,DXB-DEI,2025-11-23T17:00,1,26.0,evening,1
B0001828,C00495,DXB-DTN,2025-11-23T18:00,1,24.0,evening,1
B0001829,C01191,DXB-MOE,2025-11-23T18:00,1,32.0,evening,1
B0001830,C02310,DXB-DTN,2025-11-23T20:00,3,80.0,evening,1
B0001831,C01556,DXB-MOE,2025-11-23T21:00,1,26.0,evening,1
B0001832,C01233,DXB-MAR,2025-11-23T21:00,2,36.0,evening,1
B0001833,C01847,DXB-MAR,2025-11-23T21:00,2,48.0,evening,1
B0001834,C01767,DXB-DTN,2025-11-23T22:00,3,82.0,evening,1
B0001835,C00829,DXB-DTN,2025-11-23T22:00,3,82.0,evening,1
B0001836,C00463,DXB-MOE,2025-11-23T22:00,1,24.0,evening,1
B0001837,C01829,DXB-MAR,2025-11-23T22:00,1,26.0,evening,1
B0001838,C00802,DXB-MAR,2025-11-23T23:00,2,42.0,evening,1
B0001839,C02359,DXB-MAR,2025-11-23T23:00,1,24.0,evening,1
B0001840,C00773,DXB-DEI,2025-11-24T06:00,1,18.0,morning,1
B0001841,C00068,DXB-DEI,2025-11-24T08:00,4,100.0,morning,1
B0001842,C00545,DXB-DTN,2025-11-24T09:00,1,32.0,morning,1
B0001843,C02174,DXB-DTN,2025-11-24T09:00,2,56.0,morning,1
B0001844,C00066,DXB-DTN,2025-11-24T09:00,2,56.0,morning,1
B0001845,C01997,DXB-MOE,2025-11-24T09:00,2,50.0,morning,1
B0001846,C00410,DXB-MAR,2025-11-24T09:00,1,24.0,morning,1
B0001847,C00759,DXB-DEI,2025-11-24T09:00,2,52.0,morning,1
B0001848,C02039,DXB-DTN,2025-11-24T10:00,2,58.0,morning,1
B0001849,C00681,DXB-MAR,2025-11-24T10:00,2,64.0,morning,1
B0001850,C00928,DXB-MOE,2025-11-24T11:00,2,42.0,midday,1
B0001851,C00397,DXB-DTN,2025-11-24T12:00,2,48.0,midday,1
B0001852,C00833,DXB-MOE,2025-11-24T13:00,1,32.0,midday,1
B0001853,C01269,DXB-MOE,2025-11-24T13:00,1,32.0,midday,1
B0001854,C00979,DXB-MOE,2025-11-24T15:00,2,56.0,midday,1
B0001855,C01337,DXB-MAR,2025-11-24T16:00,3,62.0,midday,1
B0001856,C00868,DXB-DTN,2025-11-24T18:00,2,36.0,evening,1
B0001857,C01596,DXB-MOE,2025-11-24T18:00,1,18.0,evening,1
B0001858,C01528,DXB-MAR,2025-11-24T18:00,2,50.0,evening,1
B0001859,C01059,DXB-DTN,2025-11-24T19:00,3,76.0,evening,1
B0001860,C01503,DXB-MOE,2025-11-24T19:00,3,80.0,evening,1
B0001861,C00463,DXB-DEI,2025-11-24T19:00,1,32.0,evening,1
B0001862,C01641,DXB-MAR,2025-11-24T20:00,3,82.0,evening,1
B0001863,C01064,DXB-DEI,2025-11-24T20:00,1,24.0,evening,1
B0001864,C01824,DXB-DTN,2025-11-24T22:00,1,24.0,evening,1
B0001865,C01406,DXB-MAR,2025-11-24T23:00,1,24.0,evening,1
B0001866,C02088,DXB-MAR,2025-11-24T23:00,1,32.0,evening,1
B0001867,C01081,DXB-DTN,2025-11-25T07:00,2,56.0,morning,1
B0001868,C01582,DXB-DEI,2025-11-25T07:00,2,50.0,morning,1
B0001869,C00491,DXB-MOE,2025-11-25T08:00,1,24.0,morning,1
B0001870,C00967,DXB-DTN,2025-11-25T09:00,1,26.0,morning,1
B0001871,C00060,DXB-MAR,2025-11-25T09:00,1,18.0,morning,1
B0001872,C01431,DXB-DTN,2025-11-25T10:00,1,32.0,morning,1
B0001873,C00465,DXB-DTN,2025-11-25T10:00,1,32.0,morning,1
B0001874,C02396,DXB-MOE,2025-11-25T11:00,1,26.0,midday,1
B0001875,C00946,DXB-DTN,2025-11-25T12:00,1,24.0,midday,1
B0001876,C01496,DXB-DTN,2025-11-25T12:00,1,26.0,midday,1
B0001877,C01428,DXB-MOE,2025-11-25T13:00,3,82.0,midday,1
B0001878,C00308,DXB-DTN,2025-11-25T15:00,1,26.0,midday,1
B0001879,C01956,DXB-MOE,2025-11-25T16:00,1,24.0,midday,1
B0001880,C00892,DXB-DTN,2025-11-25T17:00,2,44.0,evening,1
B0001881,C01233,DXB-MAR,2025-11-25T17:00,1,18.0,evening,1
B0001882,C01535,DXB-MAR,2025-11-25T17:00,2,56.0,evening,1
B0001883,C00648,DXB-MOE,2025-11-25T19:00,2,56.0,evening,1
B0001884,C00143,DXB-DEI,2025-11-25T20:00,2,50.0,evening,1
B0001885,C01375,DXB-DTN,2025-11-25T21:00,2,42.0,evening,1
B0001886,C00448,DXB-DTN,2025-11-25T22:00,1,32.0,evening,1
B0001887,C00739,DXB-MAR,2025-11-25T22:00,1,18.0,evening,1
B0001888,C01758,DXB-MAR,2025-11-25T23:00,3,90.0,evening,1
B0001889,C00032,DXB-DTN,2025-11-26T08:00,2,50.0,morning,1
B0001890,C00135,DXB-DEI,2025-11-26T08:00,1,26.0,morning,1
B0001891,C01040,DXB-DTN,2025-11-26T09:00,1,24.0,morning,1
B0001892,C00651,DXB-MOE,2025-11-26T09:00,1,24.0,morning,1
B0001893,C00589,DXB-MAR,2025-11-26T10:00,2,52.0,morning,1
B0001894,C01050,DXB-DEI,2025-11-26T12:00,2,50.0,midday,1
B0001895,C02357,DXB-DTN,2025-11-26T14:00,1,18.0,midday,1
B0001896,C01042,DXB-DTN,2025-11-26T14:00,1,24.0,midday,1
B0001897,C01949,DXB-DTN,2025-11-26T14:00,1,26.0,midday,1
B0001898,C02017,DXB-MOE,2025-11-26T14:00,3,90.0,midday,1
B0001899,C01281,DXB-DTN,2025-11-26T15:00,3,82.0,midday,1
B0001900,C01948,DXB-MOE,2025-11-26T15:00,2,58.0,midday,1
B0001901,C01758,DXB-MOE,2025-11-26T15:00,1,26.0,midday,1
B0001902,C00676,DXB-MAR,2025-11-26T16:00,1,32.0,midday,1
B0001903,C02167,DXB-MOE,2025-11-26T18:00,1,24.0,evening,1
B0001904,C01123,DXB-MAR,2025-11-26T18:00,1,18.0,evening,1
B0001905,C00351,DXB-DTN,2025-11-26T20:00,2,58.0,evening,1
B0001906,C00505,DXB-DTN,2025-11-26T20:00,1,24.0,evening,1
B0001907,C01010,DXB-MOE,2025-11-26T20:00,2,50.0,evening,1
B0001908,C01168,DXB-DTN,2025-11-26T21:00,1,18.0,evening,1
B0001909,C00259,DXB-MAR,2025-11-26T22:00,2,56.0,evening,1
B0001910,C00445,DXB-DEI,2025-11-27T06:00,2,58.0,morning,1
B0001911,C01852,DXB-DEI,2025-11-27T07:00,2,42.0,morning,1
B0001912,C00930,DXB-DTN,2025-11-27T08:00,2,64.0,morning,1
B0001913,C01305,DXB-DTN,2025-11-27T08:00,2,56.0,morning,1
B0001914,C01169,DXB-DTN,2025-11-27T08:00,2,50.0,morning,1
B0001915,C01834,DXB-MOE,2025-11-27T08:00,2,42.0,morning,1
B0001916,C00495,DXB-MOE,2025-11-27T08:00,1,26.0,morning,1
B0001917,C00503,DXB-MOE,2025-11-27T09:00,2,50.0,morning,1
B0001918,C00175,DXB-MOE,2025-11-27T10:00,1,24.0,morning,1
B0001919,C01861,DXB-DTN,2025-11-27T11:00,2,42.0,midday,1
B0001920,C02232,DXB-DEI,2025-11-27T12:00,1,32.0,midday,1
B0001921,C01337,DXB-MOE,2025-11-27T13:00,1,18.0,midday,1
B0001922,C02268,DXB-DTN,2025-11-27T14:00,1,32.0,midday,1
B0001923,C01042,DXB-MOE,2025-11-27T15:00,1,18.0,midday,1
B0001924,C01040,DXB-MOE,2025-11-27T16:00,1,26.0,midday,1
B0001925,C01559,DXB-DTN,2025-11-27T17:00,1,26.0,evening,1
B0001926,C02004,DXB-DEI,2025-11-27T17:00,1,32.0,evening,1
B0001927,C00922,DXB-MOE,2025-11-27T18:00,1,26.0,evening,1
B0001928,C00824,DXB-MOE,2025-11-27T19:00,1,26.0,evening,1
B0001929,C01981,DXB-DTN,2025-11-27T20:00,2,50.0,evening,1
B0001930,C00046,DXB-DEI,2025-11-27T20:00,1,18.0,evening,1
B0001931,C01793,DXB-MOE,2025-11-27T21:00,3,74.0,evening,1
B0001932,C02215,DXB-MAR,2025-11-27T21:00,2,50.0,evening,1
B0001933,C00674,DXB-DEI,2025-11-27T21:00,4,114.0,evening,1
B0001934,C00773,DXB-MOE,2025-11-27T22:00,3,74.0,evening,1
B0001935,C00512,DXB-DTN,2025-11-28T08:00,3,84.0,morning,1
B0001936,C01491,DXB-MAR,2025-11-28T08:00,2,44.0,morning,1
B0001937,C00061,DXB-MAR,2025-11-28T08:00,1,26.0,morning,1
B0001938,C01444,DXB-MAR,2025-11-28T08:00,1,18.0,morning,1
B0001939,C00277,DXB-DEI,2025-11-28T08:00,1,26.0,morning,1
B0001940,C00262,DXB-DTN,2025-11-28T09:00,1,32.0,morning,1
B0001941,C01109,DXB-DTN,2025-11-28T09:00,1,24.0,morning,1
B0001942,C00802,DXB-DEI,2025-11-28T09:00,2,52.0,morning,1
B0001943,C01812,DXB-MOE,2025-11-28T10:00,1,26.0,morning,1
B0001944,C01630,DXB-DEI,2025-11-28T10:00,2,44.0,morning,1
B0001945,C01089,DXB-DEI,2025-11-28T10:00,1,24.0,morning,1
B0001946,C00758,DXB-DTN,2025-11-28T11:00,1,18.0,midday,1
B0001947,C01479,DXB-DTN,2025-11-28T12:00,1,24.0,midday,1
B0001948,C01472,DXB-DTN,2025-11-28T12:00,1,32.0,midday,1
B0001949,C00862,DXB-MAR,2025-11-28T12:00,2,42.0,midday,1
B0001950,C02208,DXB-MOE,2025-11-28T14:00,1,18.0,midday,1
B0001951,C00025,DXB-MAR,2025-11-28T14:00,2,52.0,midday,1
B0001952,C01417,DXB-DEI,2025-11-28T15:00,1,32.0,midday,1
B0001953,C01218,DXB-DTN,2025-11-28T16:00,1,32.0,midday,1
B0001954,C00905,DXB-MOE,2025-11-28T18:00,1,26.0,evening,1
B0001955,C01683,DXB-MOE,2025-11-28T18:00,1,32.0,evening,1
B0001956,C01716,DXB-MAR,2025-11-28T18:00,1,18.0,evening,1
B0001957,C00073,DXB-MOE,2025-11-28T19:00,3,80.0,evening,1
B0001958,C01801,DXB-MOE,2025-11-28T19:00,1,24.0,evening,1
B0001959,C02337,DXB-MOE,2025-11-28T19:00,2,58.0,evening,1
B0001960,C02323,DXB-MOE,2025-11-28T20:00,2,64.0,evening,1
B0001961,C00898,DXB-MAR,2025-11-28T22:00,2,56.0,evening,1
B0001962,C02066,DXB-MAR,2025-11-28T22:00,3,68.0,evening,1
B0001963,C01340,DXB-MAR,2025-11-28T23:00,1,32.0,evening,1
B0001964,C00337,DXB-DTN,2025-11-29T07:00,3,68.0,morning,1
B0001965,C00938,DXB-MAR,2025-11-29T08:00,2,52.0,morning,1
B0001966,C01193,DXB-DEI,2025-11-29T08:00,3,68.0,morning,1
B0001967,C01804,DXB-MOE,2025-11-29T09:00,2,42.0,morning,1
B0001968,C01869,DXB-MAR,2025-11-29T10:00,2,50.0,morning,1
B0001969,C00305,DXB-DEI,2025-11-29T10:00,1,24.0,morning,1
B0001970,C01161,DXB-DTN,2025-11-29T11:00,3,74.0,midday,1
B0001971,C01763,DXB-MAR,2025-11-29T11:00,2,50.0,midday,1
B0001972,C00330,DXB-MOE,2025-11-29T12:00,2,42.0,midday,1
B0001973,C01862,DXB-DTN,2025-11-29T13:00,2,44.0,midday,1
B0001974,C00802,DXB-MOE,2025-11-29T13:00,1,24.0,midday,1
B0001975,C00820,DXB-MOE,2025-11-29T16:00,1,32.0,midday,1
B0001976,C01942,DXB-DTN,2025-11-29T17:00,1,26.0,evening,1
B0001977,C01796,DXB-DEI,2025-11-29T17:00,2,42.0,evening,1
B0001978,C01907,DXB-DEI,2025-11-29T18:00,1,32.0,evening,1
B0001979,C02061,DXB-DTN,2025-11-29T19:00,1,26.0,evening,1
B0001980,C01496,DXB-DTN,2025-11-29T19:00,3,70.0,evening,1
B0001981,C00987,DXB-MAR,2025-11-29T20:00,2,52.0,evening,1
B0001982,C01569,DXB-MAR,2025-11-29T20:00,1,26.0,evening,1
B0001983,C00945,DXB-MAR,2025-11-29T20:00,1,24.0,evening,1
B0001984,C01100,DXB-MOE,2025-11-29T21:00,2,52.0,evening,1
B0001985,C01865,DXB-DTN,2025-11-29T22:00,1,18.0,evening,1
B0001986,C00529,DXB-MAR,2025-11-29T22:00,3,68.0,evening,1
B0001987,C01309,DXB-DEI,2025-11-30T06:00,1,18.0,morning,1
B0001988,C01213,DXB-MAR,2025-11-30T08:00,3,82.0,morning,1
B0001989,C00944,DXB-DEI,2025-11-30T08:00,1,18.0,morning,1
B0001990,C01761,DXB-DEI,2025-11-30T08:00,2,50.0,morning,1
B0001991,C01772,DXB-MOE,2025-11-30T09:00,3,76.0,morning,1
B0001992,C02166,DXB-MOE,2025-11-30T09:00,1,24.0,morning,1
B0001993,C00065,DXB-DTN,2025-11-30T10:00,3,68.0,morning,1
B0001994,C00665,DXB-MOE,2025-11-30T10:00,3,74.0,morning,1
B0001995,C00663,DXB-MOE,2025-11-30T10:00,1,18.0,morning,1
B0001996,C01980,DXB-DTN,2025-11-30T13:00,4,106.0,midday,1
B0001997,C02004,DXB-DTN,2025-11-30T13:00,2,42.0,midday,1
B0001998,C00734,DXB-MOE,2025-11-30T13:00,2,36.0,midday,1
B0001999,C00675,DXB-MOE,2025-11-30T14:00,2,50.0,midday,1
B0002000,C01663,DXB-DTN,2025-11-30T15:00,1,24.0,midday,1
B0002001,C00290,DXB-DTN,2025-11-30T16:00,2,64.0,midday,1
B0002002,C01289,DXB-MAR,2025-11-30T16:00,2,50.0,midday,1
B0002003,C00495,DXB-DTN,2025-11-30T17:00,1,18.0,evening,1
B0002004,C02163,DXB-DTN,2025-11-30T19:00,1,24.0,evening,1
B0002005,C01592,DXB-MAR,2025-11-30T19:00,1,18.0,evening,1
B0002006,C00862,DXB-DTN,2025-11-30T20:00,1,24.0,evening,1
B0002007,C00521,DXB-MAR,2025-11-30T20:00,1,18.0,evening,1
B0002008,C01189,DXB-MAR,2025-11-30T20:00,1,26.0,evening,1
B0002009,C01864,DXB-DTN,2025-11-30T21:00,2,44.0,evening,1
B0002010,C00624,DXB-MOE,2025-11-30T21:00,1,24.0,evening,1
B0002011,C01446,DXB-MOE,2025-11-30T21:00,1,26.0,evening,1
B0002012,C00363,DXB-MAR,2025-11-30T22:00,1,18.0,evening,1
B0002013,C00899,DXB-DEI,2025-12-01T06:00,2,44.0,morning,1
B0002014,C01152,DXB-DTN,2025-12-01T07:00,2,56.0,morning,1
B0002015,C01980,DXB-MAR,2025-12-01T07:00,2,44.0,morning,1
B0002016,C01355,DXB-MAR,2025-12-01T07:00,2,50.0,morning,1
B0002017,C01693,DXB-DEI,2025-12-01T07:00,2,58.0,morning,1
B0002018,C00719,DXB-DEI,2025-12-01T07:00,2,50.0,morning,1
B0002019,C01338,DXB-MOE,2025-12-01T08:00,1,32.0,morning,1
B0002020,C01424,DXB-MAR,2025-12-01T09:00,1,32.0,morning,1
B0002021,C01669,DXB-MOE,2025-12-01T11:00,1,26.0,midday,1
B0002022,C01725,DXB-DTN,2025-12-01T12:00,1,32.0,midday,1
B0002023,C01007,DXB-MOE,2025-12-01T12:00,2,50.0,midday,1
B0002024,C00049,DXB-DTN,2025-12-01T13:00,2,50.0,midday,1
B0002025,C01451,DXB-DTN,2025-12-01T17:00,2,48.0,evening,1
B0002026,C00739,DXB-MOE,2025-12-01T17:00,2,50.0,evening,1
B0002027,C01491,DXB-MOE,2025-12-01T22:00,1,32.0,evening,1
B0002028,C01920,DXB-MAR,2025-12-01T22:00,1,26.0,evening,1
B0002029,C01219,DXB-MAR,2025-12-01T22:00,2,58.0,evening,1
B0002030,C01946,DXB-DTN,2025-12-02T07:00,1,32.0,morning,1
B0002031,C01490,DXB-DEI,2025-12-02T07:00,1,24.0,morning,1
B0002032,C01133,DXB-MAR,2025-12-02T08:00,1,26.0,morning,1
B0002033,C01569,DXB-DEI,2025-12-02T08:00,2,56.0,morning,1
B0002034,C00608,DXB-DTN,2025-12-02T09:00,1,32.0,morning,1
B0002035,C01631,DXB-MOE,2025-12-02T09:00,1,26.0,morning,1
B0002036,C01487,DXB-MOE,2025-12-02T09:00,3,84.0,morning,1
B0002037,C02216,DXB-DTN,2025-12-02T10:00,1,24.0,morning,1
B0002038,C00299,DXB-DEI,2025-12-02T10:00,1,32.0,morning,1
B0002039,C02271,DXB-MAR,2025-12-02T13:00,2,48.0,midday,1
B0002040,C01581,DXB-DTN,2025-12-02T16:00,1,26.0,midday,1
B0002041,C00927,DXB-MAR,2025-12-02T16:00,1,18.0,midday,1
B0002042,C01994,DXB-DTN,2025-12-02T17:00,1,26.0,evening,1
B0002043,C00914,DXB-DEI,2025-12-02T17:00,1,24.0,evening,1
B0002044,C02332,DXB-MOE,2025-12-02T18:00,3,66.0,evening,1
B0002045,C01890,DXB-MAR,2025-12-02T18:00,2,52.0,evening,1
B0002046,C02271,DXB-MAR,2025-12-02T18:00,1,32.0,evening,1
B0002047,C01016,DXB-DTN,2025-12-02T19:00,2,56.0,evening,1
B0002048,C01824,DXB-DTN,2025-12-02T19:00,2,56.0,evening,1
B0002049,C01220,DXB-MOE,2025-12-02T19:00,1,24.0,evening,1
B0002050,C01761,DXB-MAR,2025-12-02T19:00,1,24.0,evening,1
B0002051,C01276,DXB-MAR,2025-12-02T19:00,1,24.0,evening,1
B0002052,C00540,DXB-DEI,2025-12-02T19:00,2,36.0,evening,1
B0002053,C00942,DXB-MOE,2025-12-02T20:00,1,32.0,evening,1
B0002054,C00098,DXB-MOE,2025-12-02T20:00,1,26.0,evening,1
B0002055,C01290,DXB-DTN,2025-12-02T22:00,1,26.0,evening,1
B0002056,C00742,DXB-MOE,2025-12-02T22:00,1,18.0,evening,1
B0002057,C01861,DXB-MOE,2025-12-02T22:00,2,52.0,evening,1
B0002058,C01235,DXB-MAR,2025-12-02T23:00,1,26.0,evening,1
B0002059,C01419,DXB-DEI,2025-12-03T06:00,3,74.0,morning,1
B0002060,C00189,DXB-DTN,2025-12-03T07:00,3,62.0,morning,1
B0002061,C00058,DXB-DTN,2025-12-03T08:00,2,58.0,morning,1
B0002062,C02323,DXB-DTN,2025-12-03T09:00,1,18.0,morning,1
B0002063,C01511,DXB-DTN,2025-12-03T09:00,1,32.0,morning,1
B0002064,C00264,DXB-DTN,2025-12-03T09:00,2,44.0,morning,1
B0002065,C01920,DXB-DTN,2025-12-03T10:00,1,32.0,morning,1
B0002066,C02002,DXB-DEI,2025-12-03T12:00,1,32.0,midday,1
B0002067,C00447,DXB-MOE,2025-12-03T13:00,1,32.0,midday,1
B0002068,C01431,DXB-MAR,2025-12-03T13:00,1,18.0,midday,1
B0002069,C02186,DXB-DTN,2025-12-03T14:00,1,24.0,midday,1
B0002070,C01631,DXB-MOE,2025-12-03T16:00,1,18.0,midday,1
B0002071,C00491,DXB-MOE,2025-12-03T16:00,1,18.0,midday,1
B0002072,C00659,DXB-MOE,2025-12-03T18:00,1,18.0,evening,1
B0002073,C00165,DXB-DEI,2025-12-03T19:00,1,18.0,evening,1
B0002074,C01862,DXB-DTN,2025-12-03T20:00,1,26.0,evening,1
B0002075,C00029,DXB-DEI,2025-12-03T20:00,1,32.0,evening,1
B0002076,C00873,DXB-DEI,2025-12-03T20:00,3,76.0,evening,1
B0002077,C00181,DXB-DTN,2025-12-03T22:00,2,52.0,evening,1
B0002078,C00968,DXB-MAR,2025-12-03T22:00,1,26.0,evening,1
B0002079,C00445,DXB-MAR,2025-12-03T23:00,1,32.0,evening,1
B0002080,C02361,DXB-DEI,2025-12-04T06:00,1,24.0,morning,1
B0002081,C02202,DXB-DEI,2025-12-04T06:00,1,32.0,morning,1
B0002082,C01463,DXB-DTN,2025-12-04T07:00,3,82.0,morning,1
B0002083,C01824,DXB-MAR,2025-12-04T07:00,2,64.0,morning,1
B0002084,C01337,DXB-DEI,2025-12-04T07:00,3,82.0,morning,1
B0002085,C00887,DXB-DTN,2025-12-04T08:00,2,50.0,morning,1
B0002086,C01499,DXB-MAR,2025-12-04T08:00,1,18.0,morning,1
B0002087,C00953,DXB-MAR,2025-12-04T08:00,1,24.0,morning,1
B0002088,C01862,DXB-DTN,2025-12-04T09:00,2,52.0,morning,1
B0002089,C00739,DXB-MOE,2025-12-04T09:00,3,76.0,morning,1
B0002090,C01795,DXB-MAR,2025-12-04T09:00,4,86.0,morning,1
B0002091,C01516,DXB-DEI,2025-12-04T09:00,1,24.0,morning,1
B0002092,C00739,DXB-MOE,2025-12-04T10:00,2,56.0,morning,1
B0002093,C00410,DXB-DEI,2025-12-04T10:00,1,26.0,morning,1
B0002094,C01992,DXB-DEI,2025-12-04T12:00,1,18.0,midday,1
B0002095,C00810,DXB-MOE,2025-12-04T13:00,1,18.0,midday,1
B0002096,C01432,DXB-MOE,2025-12-04T13:00,3,74.0,midday,1
B0002097,C01907,DXB-DTN,2025-12-04T15:00,1,26.0,midday,1
B0002098,C01373,DXB-DEI,2025-12-04T15:00,1,18.0,midday,1
B0002099,C01037,DXB-MOE,2025-12-04T16:00,2,44.0,midday,1
B0002100,C02309,DXB-MOE,2025-12-04T16:00,3,74.0,midday,1
B0002101,C00820,DXB-MAR,2025-12-04T16:00,1,32.0,midday,1
B0002102,C00915,DXB-MAR,2025-12-04T17:00,1,26.0,evening,1
B0002103,C01516,DXB-MAR,2025-12-04T17:00,1,26.0,evening,1
B0002104,C01076,DXB-DTN,2025-12-04T18:00,1,24.0,evening,1
B0002105,C01644,DXB-MOE,2025-12-04T18:00,2,36.0,evening,1
B0002106,C01233,DXB-DTN,2025-12-04T19:00,2,36.0,evening,1
B0002107,C01751,DXB-MOE,2025-12-04T19:00,3,80.0,evening,1
B0002108,C01689,DXB-MOE,2025-12-04T19:00,3,70.0,evening,1
B0002109,C00260,DXB-MAR,2025-12-04T19:00,2,58.0,evening,1
B0002110,C01053,DXB-DTN,2025-12-04T20:00,1,26.0,evening,1
B0002111,C02350,DXB-MOE,2025-12-04T20:00,1,18.0,evening,1
B0002112,C01427,DXB-DTN,2025-12-04T21:00,1,32.0,evening,1
B0002113,C01709,DXB-MOE,2025-12-04T21:00,2,56.0,evening,1
B0002114,C01671,DXB-MAR,2025-12-04T21:00,3,82.0,evening,1
B0002115,C00928,DXB-MOE,2025-12-04T22:00,3,80.0,evening,1
B0002116,C01637,DXB-MAR,2025-12-04T23:00,2,44.0,evening,1
B0002117,C00550,DXB-DEI,2025-12-05T06:00,1,32.0,morning,1
B0002118,C01331,DXB-MAR,2025-12-05T08:00,1,32.0,morning,1
B0002119,C00580,DXB-DTN,2025-12-05T10:00,1,24.0,morning,1
B0002120,C00439,DXB-DTN,2025-12-05T10:00,2,56.0,morning,1
B0002121,C00550,DXB-MOE,2025-12-05T10:00,1,32.0,morning,1
B0002122,C02136,DXB-MOE,2025-12-05T10:00,2,58.0,morning,1
B0002123,C02083,DXB-DTN,2025-12-05T11:00,2,50.0,midday,1
B0002124,C02004,DXB-MOE,2025-12-05T12:00,2,48.0,midday,1
B0002125,C01572,DXB-MAR,2025-12-05T12:00,2,52.0,midday,1
B0002126,C00473,DXB-DTN,2025-12-05T13:00,2,36.0,midday,1
B0002127,C00346,DXB-DTN,2025-12-05T14:00,2,52.0,midday,1
B0002128,C02299,DXB-MOE,2025-12-05T14:00,2,48.0,midday,1
B0002129,C00928,DXB-DEI,2025-12-05T14:00,3,68.0,midday,1
B0002130,C00512,DXB-DTN,2025-12-05T15:00,1,32.0,midday,1
B0002131,C01032,DXB-MOE,2025-12-05T16:00,2,48.0,midday,1
B0002132,C00759,DXB-DEI,2025-12-05T16:00,2,50.0,midday,1
B0002133,C01245,DXB-DTN,2025-12-05T17:00,1,18.0,evening,1
B0002134,C01173,DXB-MOE,2025-12-05T18:00,1,24.0,evening,1
B0002135,C00732,DXB-DTN,2025-12-05T19:00,2,42.0,evening,1
B0002136,C01573,DXB-MAR,2025-12-05T19:00,2,58.0,evening,1
B0002137,C00352,DXB-DEI,2025-12-05T19:00,1,32.0,evening,1
B0002138,C01714,DXB-DTN,2025-12-05T20:00,2,50.0,evening,1
B0002139,C00626,DXB-MOE,2025-12-05T20:00,2,44.0,evening,1
B0002140,C00739,DXB-DTN,2025-12-05T21:00,2,58.0,evening,1
B0002141,C00663,DXB-MAR,2025-12-05T21:00,1,26.0,evening,1
B0002142,C01671,DXB-MAR,2025-12-05T21:00,1,18.0,evening,1
B0002143,C00165,DXB-MAR,2025-12-05T21:00,2,58.0,evening,1
B0002144,C01192,DXB-DEI,2025-12-06T06:00,3,74.0,morning,1
B0002145,C01220,DXB-MAR,2025-12-06T07:00,2,58.0,morning,1
B0002146,C00923,DXB-DTN,2025-12-06T08:00,2,50.0,morning,1
B0002147,C02349,DXB-DTN,2025-12-06T08:00,5,120.0,morning,1
B0002148,C02285,DXB-DTN,2025-12-06T08:00,2,44.0,morning,1
B0002149,C01925,DXB-MOE,2025-12-06T08:00,2,58.0,morning,1
B0002150,C00495,DXB-MOE,2025-12-06T08:00,2,56.0,morning,1
B0002151,C00634,DXB-MAR,2025-12-06T08:00,2,50.0,morning,1
B0002152,C00266,DXB-DEI,2025-12-06T09:00,1,32.0,morning,1
B0002153,C00875,DXB-DEI,2025-12-06T09:00,2,58.0,morning,1
B0002154,C00337,DXB-DTN,2025-12-06T10:00,1,32.0,morning,1
B0002155,C00787,DXB-DTN,2025-12-06T11:00,1,18.0,midday,1
B0002156,C01665,DXB-MOE,2025-12-06T11:00,1,18.0,midday,1
B0002157,C01979,DXB-MOE,2025-12-06T12:00,2,52.0,midday,1
B0002158,C00158,DXB-MAR,2025-12-06T12:00,1,32.0,midday,1
B0002159,C02051,DXB-MOE,2025-12-06T14:00,1,24.0,midday,1
B0002160,C01233,DXB-MOE,2025-12-06T14:00,1,32.0,midday,1
B0002161,C00015,DXB-MOE,2025-12-06T15:00,2,56.0,midday,1
B0002162,C00968,DXB-MAR,2025-12-06T15:00,2,56.0,midday,1
B0002163,C02216,DXB-MAR,2025-12-06T17:00,1,26.0,evening,1
B0002164,C00189,DXB-DEI,2025-12-06T17:00,2,42.0,evening,1
B0002165,C01431,DXB-DTN,2025-12-06T18:00,1,26.0,evening,1
B0002166,C01075,DXB-MOE,2025-12-06T18:00,1,32.0,evening,1
B0002167,C01453,DXB-MOE,2025-12-06T18:00,2,56.0,evening,1
B0002168,C02259,DXB-DTN,2025-12-06T19:00,2,56.0,evening,1
B0002169,C02242,DXB-MAR,2025-12-06T19:00,2,50.0,evening,1
B0002170,C01096,DXB-DEI,2025-12-06T19:00,1,18.0,evening,1
B0002171,C01846,DXB-DTN,2025-12-06T20:00,1,24.0,evening,1
B0002172,C01971,DXB-DTN,2025-12-06T21:00,1,32.0,evening,1
B0002173,C00444,DXB-MOE,2025-12-06T22:00,2,52.0,evening,1
B0002174,C00330,DXB-MAR,2025-12-06T22:00,1,18.0,evening,1
B0002175,C01538,DXB-MAR,2025-12-06T23:00,1,26.0,evening,1
B0002176,C00733,DXB-MAR,2025-12-06T23:00,1,32.0,evening,1
B0002177,C01106,DXB-DEI,2025-12-07T06:00,1,18.0,morning,1
B0002178,C00347,DXB-MAR,2025-12-07T07:00,1,18.0,morning,1
B0002179,C01431,DXB-DEI,2025-12-07T07:00,1,32.0,morning,1
B0002180,C00802,DXB-DTN,2025-12-07T09:00,1,32.0,morning,1
B0002181,C00357,DXB-MAR,2025-12-07T09:00,3,78.0,morning,1
B0002182,C01852,DXB-DEI,2025-12-07T09:00,3,80.0,morning,1
B0002183,C00435,DXB-MOE,2025-12-07T12:00,1,18.0,midday,1
B0002184,C00262,DXB-MOE,2025-12-07T14:00,1,26.0,midday,1
B0002185,C01882,DXB-MOE,2025-12-07T14:00,1,18.0,midday,1
B0002186,C02132,DXB-DEI,2025-12-07T15:00,1,24.0,midday,1
B0002187,C01440,DXB-MOE,2025-12-07T16:00,1,24.0,midday,1
B0002188,C01862,DXB-MOE,2025-12-07T16:00,1,18.0,midday,1
B0002189,C00314,DXB-DEI,2025-12-07T16:00,1,26.0,midday,1
B0002190,C00432,DXB-DTN,2025-12-07T17:00,1,32.0,evening,1
B0002191,C02286,DXB-DTN,2025-12-07T18:00,2,58.0,evening,1
B0002192,C01939,DXB-MOE,2025-12-07T18:00,1,24.0,evening,1
B0002193,C01114,DXB-MAR,2025-12-07T18:00,2,42.0,evening,1
B0002194,C01126,DXB-MOE,2025-12-07T19:00,2,48.0,evening,1
B0002195,C01152,DXB-DTN,2025-12-07T20:00,3,88.0,evening,1
B0002196,C02218,DXB-DTN,2025-12-07T20:00,2,58.0,evening,1
B0002197,C01413,DXB-DTN,2025-12-07T21:00,2,50.0,evening,1
B0002198,C02224,DXB-MAR,2025-12-07T21:00,2,56.0,evening,1
B0002199,C01491,DXB-MAR,2025-12-07T21:00,1,32.0,evening,1
B0002200,C00488,DXB-MAR,2025-12-07T22:00,1,32.0,evening,1
B0002201,C01213,DXB-MAR,2025-12-07T22:00,1,32.0,evening,1
B0002202,C01117,DXB-MAR,2025-12-07T23:00,1,24.0,evening,1
B0002203,C00439,DXB-DEI,2025-12-08T06:00,1,32.0,morning,1
B0002204,C01855,DXB-MAR,2025-12-08T07:00,1,32.0,morning,1
B0002205,C01592,DXB-DEI,2025-12-08T07:00,2,44.0,morning,1
B0002206,C00344,DXB-MOE,2025-12-08T09:00,2,42.0,morning,1
B0002207,C01722,DXB-MAR,2025-12-08T10:00,1,24.0,morning,1
B0002208,C00855,DXB-MOE,2025-12-08T11:00,1,26.0,midday,1
B0002209,C00248,DXB-DTN,2025-12-08T15:00,1,32.0,midday,1
B0002210,C01422,DXB-MAR,2025-12-08T17:00,2,50.0,evening,1
B0002211,C00598,DXB-DTN,2025-12-08T18:00,1,32.0,evening,1
B0002212,C01784,DXB-DEI,2025-12-08T18:00,1,26.0,evening,1
B0002213,C00226,DXB-MOE,2025-12-08T19:00,2,58.0,evening,1
B0002214,C01409,DXB-MOE,2025-12-08T19:00,2,52.0,evening,1
B0002215,C00921,DXB-MAR,2025-12-08T19:00,2,44.0,evening,1
B0002216,C01761,DXB-DEI,2025-12-08T19:00,1,32.0,evening,1
B0002217,C00495,DXB-DTN,2025-12-08T20:00,2,56.0,evening,1
B0002218,C01353,DXB-DTN,2025-12-08T20:00,2,50.0,evening,1
B0002219,C01230,DXB-MOE,2025-12-08T21:00,3,72.0,evening,1
B0002220,C00262,DXB-MAR,2025-12-08T21:00,3,66.0,evening,1
B0002221,C01291,DXB-MAR,2025-12-08T22:00,1,24.0,evening,1
B0002222,C00540,DXB-MAR,2025-12-08T22:00,1,26.0,evening,1
B0002223,C00215,DXB-DTN,2025-12-09T07:00,2,50.0,morning,1
B0002224,C00538,DXB-MAR,2025-12-09T08:00,3,66.0,morning,1
B0002225,C01337,DXB-DEI,2025-12-09T08:00,1,18.0,morning,1
B0002226,C00109,DXB-DEI,2025-12-09T08:00,1,26.0,morning,1
B0002227,C02308,DXB-DTN,2025-12-09T09:00,2,64.0,morning,1
B0002228,C00201,DXB-DTN,2025-12-09T10:00,1,26.0,morning,1
B0002229,C00256,DXB-DTN,2025-12-09T12:00,1,26.0,midday,1
B0002230,C01190,DXB-DTN,2025-12-09T14:00,2,48.0,midday,1
B0002231,C01032,DXB-MOE,2025-12-09T16:00,1,26.0,midday,1
B0002232,C01069,DXB-MAR,2025-12-09T16:00,1,18.0,midday,1
B0002233,C00264,DXB-DEI,2025-12-09T16:00,2,56.0,midday,1
B0002234,C00495,DXB-MAR,2025-12-09T17:00,3,68.0,evening,1
B0002235,C01101,DXB-DTN,2025-12-09T18:00,1,18.0,evening,1
B0002236,C01994,DXB-MAR,2025-12-09T18:00,2,50.0,evening,1
B0002237,C01898,DXB-DTN,2025-12-09T19:00,3,76.0,evening,1
B0002238,C00908,DXB-DTN,2025-12-09T20:00,3,90.0,evening,1
B0002239,C01337,DXB-DTN,2025-12-09T20:00,1,32.0,evening,1
B0002240,C00423,DXB-MOE,2025-12-09T20:00,1,24.0,evening,1
B0002241,C02303,DXB-MOE,2025-12-09T20:00,2,36.0,evening,1
B0002242,C00110,DXB-MOE,2025-12-09T20:00,5,124.0,evening,1
B0002243,C00544,DXB-MOE,2025-12-09T21:00,1,18.0,evening,1
B0002244,C01440,DXB-MAR,2025-12-09T21:00,1,26.0,evening,1
B0002245,C02251,DXB-MOE,2025-12-09T22:00,1,24.0,evening,1
B0002246,C01833,DXB-MAR,2025-12-09T22:00,2,58.0,evening,1
B0002247,C00790,DXB-MAR,2025-12-09T22:00,1,32.0,evening,1
B0002248,C01881,DXB-DTN,2025-12-10T07:00,2,36.0,morning,1
B0002249,C00257,DXB-DEI,2025-12-10T07:00,2,58.0,morning,1
B0002250,C01563,DXB-DTN,2025-12-10T08:00,2,50.0,morning,1
B0002251,C01093,DXB-MOE,2025-12-10T08:00,2,42.0,morning,1
B0002252,C01783,DXB-DEI,2025-12-10T08:00,3,76.0,morning,1
B0002253,C01346,DXB-MAR,2025-12-10T09:00,3,82.0,morning,1
B0002254,C00009,DXB-MAR,2025-12-10T09:00,1,26.0,morning,1
B0002255,C00036,DXB-DEI,2025-12-10T09:00,1,24.0,morning,1
B0002256,C01888,DXB-MOE,2025-12-10T10:00,4,92.0,morning,1
B0002257,C01349,DXB-DTN,2025-12-10T11:00,1,24.0,midday,1
B0002258,C01643,DXB-MOE,2025-12-10T11:00,2,52.0,midday,1
B0002259,C00144,DXB-MOE,2025-12-10T13:00,1,26.0,midday,1
B0002260,C00239,DXB-MOE,2025-12-10T14:00,2,42.0,midday,1
B0002261,C00520,DXB-DTN,2025-12-10T15:00,2,48.0,midday,1
B0002262,C01620,DXB-DEI,2025-12-10T15:00,1,18.0,midday,1
B0002263,C01337,DXB-MOE,2025-12-10T16:00,1,32.0,midday,1
B0002264,C01249,DXB-DEI,2025-12-10T16:00,2,42.0,midday,1
B0002265,C00659,DXB-MOE,2025-12-10T17:00,2,50.0,evening,1
B0002266,C00084,DXB-DEI,2025-12-10T17:00,1,18.0,evening,1
B0002267,C00276,DXB-MAR,2025-12-10T18:00,3,82.0,evening,1
B0002268,C02083,DXB-MOE,2025-12-10T19:00,1,26.0,evening,1
B0002269,C00871,DXB-DTN,2025-12-10T20:00,1,26.0,evening,1
B0002270,C02317,DXB-MAR,2025-12-10T20:00,2,50.0,evening,1
B0002271,C01176,DXB-MAR,2025-12-10T20:00,4,120.0,evening,1
B0002272,C00059,DXB-DTN,2025-12-10T21:00,3,82.0,evening,1
B0002273,C01198,DXB-DEI,2025-12-10T21:00,2,50.0,evening,1
B0002274,C01970,DXB-DTN,2025-12-10T22:00,1,24.0,evening,1
B0002275,C00084,DXB-DTN,2025-12-10T22:00,1,32.0,evening,1
B0002276,C02082,DXB-DTN,2025-12-10T22:00,1,24.0,evening,1
B0002277,C01337,DXB-MAR,2025-12-10T22:00,2,50.0,evening,1
B0002278,C01907,DXB-DTN,2025-12-11T07:00,1,26.0,morning,1
B0002279,C01353,DXB-DTN,2025-12-11T08:00,1,32.0,morning,1
B0002280,C00624,DXB-MOE,2025-12-11T08:00,3,84.0,morning,1
B0002281,C00810,DXB-DEI,2025-12-11T08:00,1,32.0,morning,1
B0002282,C00652,DXB-DTN,2025-12-11T09:00,1,32.0,morning,1
B0002283,C01322,DXB-DTN,2025-12-11T09:00,1,24.0,morning,1
B0002284,C02280,DXB-MOE,2025-12-11T09:00,2,50.0,morning,1
B0002285,C01289,DXB-DEI,2025-12-11T09:00,3,54.0,morning,1
B0002286,C01189,DXB-DTN,2025-12-11T10:00,2,50.0,morning,1
B0002287,C01922,DXB-MAR,2025-12-11T10:00,1,18.0,morning,1
B0002288,C00452,DXB-DTN,2025-12-11T11:00,2,50.0,midday,1
B0002289,C00626,DXB-MOE,2025-12-11T11:00,1,24.0,midday,1
B0002290,C00922,DXB-DTN,2025-12-11T12:00,2,58.0,midday,1
B0002291,C01349,DXB-MOE,2025-12-11T15:00,1,32.0,midday,1
B0002292,C00139,DXB-MOE,2025-12-11T16:00,3,90.0,midday,1
B0002293,C02388,DXB-MOE,2025-12-11T16:00,1,24.0,midday,1
B0002294,C02239,DXB-MOE,2025-12-11T17:00,2,50.0,evening,1
B0002295,C00290,DXB-DTN,2025-12-11T18:00,2,56.0,evening,1
B0002296,C00495,DXB-MOE,2025-12-11T18:00,3,70.0,evening,1
B0002297,C01802,DXB-DEI,2025-12-11T19:00,4,106.0,evening,1
B0002298,C01287,DXB-MOE,2025-12-11T20:00,2,50.0,evening,1
B0002299,C00757,DXB-MAR,2025-12-11T20:00,1,18.0,evening,1
B0002300,C00283,DXB-MAR,2025-12-11T20:00,1,24.0,evening,1
B0002301,C01223,DXB-MAR,2025-12-11T20:00,2,50.0,evening,1
B0002302,C02301,DXB-MAR,2025-12-11T20:00,1,26.0,evening,1
B0002303,C01465,DXB-MOE,2025-12-11T21:00,1,24.0,evening,1
B0002304,C02357,DXB-MAR,2025-12-11T21:00,1,32.0,evening,1
B0002305,C01657,DXB-MAR,2025-12-11T22:00,2,64.0,evening,1
B0002306,C00811,DXB-DEI,2025-12-12T06:00,3,90.0,morning,1
B0002307,C01043,DXB-DTN,2025-12-12T07:00,1,24.0,morning,1
B0002308,C01984,DXB-DEI,2025-12-12T07:00,2,50.0,morning,1
B0002309,C02058,DXB-DEI,2025-12-12T07:00,2,52.0,morning,1
B0002310,C00810,DXB-DEI,2025-12-12T07:00,3,78.0,morning,1
B0002311,C01861,DXB-DTN,2025-12-12T08:00,1,18.0,morning,1
B0002312,C00264,DXB-DTN,2025-12-12T08:00,3,76.0,morning,1
B0002313,C00928,DXB-MOE,2025-12-12T08:00,1,24.0,morning,1
B0002314,C00354,DXB-DEI,2025-12-12T08:00,1,18.0,morning,1
B0002315,C00275,DXB-MAR,2025-12-12T09:00,1,24.0,morning,1
B0002316,C02392,DXB-MAR,2025-12-12T09:00,1,24.0,morning,1
B0002317,C00269,DXB-MAR,2025-12-12T10:00,1,18.0,morning,1
B0002318,C01287,DXB-DEI,2025-12-12T11:00,2,56.0,midday,1
B0002319,C01119,DXB-MOE,2025-12-12T12:00,1,32.0,midday,1
B0002320,C02104,DXB-MOE,2025-12-12T12:00,2,58.0,midday,1
B0002321,C01287,DXB-MAR,2025-12-12T12:00,3,76.0,midday,1
B0002322,C01736,DXB-MOE,2025-12-12T13:00,1,24.0,midday,1
B0002323,C00754,DXB-MOE,2025-12-12T13:00,1,32.0,midday,1
B0002324,C01760,DXB-DTN,2025-12-12T14:00,3,82.0,midday,1
B0002325,C02323,DXB-DTN,2025-12-12T14:00,1,32.0,midday,1
B0002326,C01612,DXB-MOE,2025-12-12T14:00,2,36.0,midday,1
B0002327,C01802,DXB-MAR,2025-12-12T15:00,1,24.0,midday,1
B0002328,C00379,DXB-DTN,2025-12-12T16:00,1,32.0,midday,1
B0002329,C01962,DXB-MOE,2025-12-12T16:00,1,26.0,midday,1
B0002330,C01182,DXB-DTN,2025-12-12T17:00,3,62.0,evening,1
B0002331,C01432,DXB-DTN,2025-12-12T17:00,1,18.0,evening,1
B0002332,C00995,DXB-MOE,2025-12-12T17:00,2,56.0,evening,1
B0002333,C00495,DXB-MOE,2025-12-12T17:00,2,44.0,evening,1
B0002334,C02018,DXB-DTN,2025-12-12T18:00,2,48.0,evening,1
B0002335,C00858,DXB-MAR,2025-12-12T19:00,2,56.0,evening,1
B0002336,C02069,DXB-MOE,2025-12-12T20:00,3,74.0,evening,1
B0002337,C01865,DXB-MAR,2025-12-12T21:00,1,18.0,evening,1
B0002338,C00592,DXB-MAR,2025-12-12T22:00,3,68.0,evening,1
B0002339,C01411,DXB-DEI,2025-12-13T06:00,3,60.0,morning,1
B0002340,C01490,DXB-DTN,2025-12-13T07:00,2,42.0,morning,1
B0002341,C00582,DXB-DTN,2025-12-13T09:00,1,18.0,morning,1
B0002342,C02202,DXB-MAR,2025-12-13T09:00,1,24.0,morning,1
B0002343,C01364,DXB-DEI,2025-12-13T09:00,1,18.0,morning,1
B0002344,C01074,DXB-MOE,2025-12-13T10:00,3,66.0,morning,1
B0002345,C00881,DXB-MOE,2025-12-13T10:00,1,32.0,morning,1
B0002346,C01953,DXB-MAR,2025-12-13T10:00,2,44.0,morning,1
B0002347,C00083,DXB-MAR,2025-12-13T11:00,2,52.0,midday,1
B0002348,C01253,DXB-DTN,2025-12-13T13:00,1,18.0,midday,1
B0002349,C01942,DXB-MOE,2025-12-13T13:00,1,18.0,midday,1
B0002350,C01005,DXB-MOE,2025-12-13T13:00,1,24.0,midday,1
B0002351,C00565,DXB-DTN,2025-12-13T14:00,1,32.0,midday,1
B0002352,C01087,DXB-MOE,2025-12-13T14:00,1,18.0,midday,1
B0002353,C01852,DXB-MOE,2025-12-13T14:00,1,24.0,midday,1
B0002354,C00543,DXB-MOE,2025-12-13T15:00,3,76.0,midday,1
B0002355,C02190,DXB-MAR,2025-12-13T15:00,1,18.0,midday,1
B0002356,C00762,DXB-DTN,2025-12-13T16:00,1,26.0,midday,1
B0002357,C00607,DXB-DTN,2025-12-13T16:00,1,26.0,midday,1
B0002358,C00701,DXB-DTN,2025-12-13T17:00,1,32.0,evening,1
B0002359,C00733,DXB-DTN,2025-12-13T17:00,1,32.0,evening,1
B0002360,C02343,DXB-MOE,2025-12-13T18:00,2,50.0,evening,1
B0002361,C00342,DXB-MAR,2025-12-13T18:00,1,18.0,evening,1
B0002362,C01063,DXB-MOE,2025-12-13T19:00,1,32.0,evening,1
B0002363,C01911,DXB-DTN,2025-12-13T21:00,2,50.0,evening,1
B0002364,C00962,DXB-MAR,2025-12-13T21:00,4,92.0,evening,1
B0002365,C01469,DXB-MAR,2025-12-13T21:00,2,52.0,evening,1
B0002366,C01890,DXB-MAR,2025-12-13T21:00,2,64.0,evening,1
B0002367,C00540,DXB-DEI,2025-12-13T21:00,1,18.0,evening,1
B0002368,C01422,DXB-DEI,2025-12-13T21:00,2,58.0,evening,1
B0002369,C01801,DXB-DTN,2025-12-13T22:00,1,18.0,evening,1
B0002370,C01951,DXB-MAR,2025-12-13T22:00,2,64.0,evening,1
B0002371,C00470,DXB-MAR,2025-12-13T22:00,2,50.0,evening,1
B0002372,C02142,DXB-DEI,2025-12-14T06:00,1,26.0,morning,1
B0002373,C00501,DXB-DEI,2025-12-14T06:00,1,18.0,morning,1
B0002374,C00211,DXB-DEI,2025-12-14T06:00,1,32.0,morning,1
B0002375,C00857,DXB-DEI,2025-12-14T07:00,1,24.0,morning,1
B0002376,C00557,DXB-DTN,2025-12-14T08:00,1,24.0,morning,1
B0002377,C00637,DXB-MOE,2025-12-14T08:00,1,18.0,morning,1
B0002378,C00377,DXB-MAR,2025-12-14T08:00,1,26.0,morning,1
B0002379,C02076,DXB-MOE,2025-12-14T09:00,2,56.0,morning,1
B0002380,C00199,DXB-DEI,2025-12-14T09:00,3,68.0,morning,1
B0002381,C01505,DXB-DTN,2025-12-14T10:00,2,58.0,morning,1
B0002382,C01862,DXB-DTN,2025-12-14T10:00,2,42.0,morning,1
B0002383,C02278,DXB-MOE,2025-12-14T10:00,2,50.0,morning,1
B0002384,C01231,DXB-MAR,2025-12-14T10:00,1,18.0,morning,1
B0002385,C00739,DXB-DEI,2025-12-14T11:00,2,50.0,midday,1
B0002386,C01861,DXB-MAR,2025-12-14T12:00,1,32.0,midday,1
B0002387,C01127,DXB-MOE,2025-12-14T15:00,1,32.0,midday,1
B0002388,C01480,DXB-MOE,2025-12-14T16:00,1,26.0,midday,1
B0002389,C00132,DXB-DTN,2025-12-14T18:00,3,74.0,evening,1
B0002390,C00614,DXB-MAR,2025-12-14T18:00,2,42.0,evening,1
B0002391,C01551,DXB-DEI,2025-12-14T18:00,3,82.0,evening,1
B0002392,C01519,DXB-DTN,2025-12-14T19:00,3,68.0,evening,1
B0002393,C01189,DXB-MAR,2025-12-14T19:00,1,32.0,evening,1
B0002394,C02299,DXB-DTN,2025-12-14T20:00,2,58.0,evening,1
B0002395,C00997,DXB-MAR,2025-12-14T21:00,2,64.0,evening,1
B0002396,C01991,DXB-MOE,2025-12-14T22:00,1,24.0,evening,1
B0002397,C01376,DXB-DEI,2025-12-15T06:00,1,18.0,morning,1
B0002398,C00334,DXB-DTN,2025-12-15T08:00,2,44.0,morning,1
B0002399,C01516,DXB-DEI,2025-12-15T08:00,3,76.0,morning,1
B0002400,C00983,DXB-DTN,2025-12-15T09:00,1,32.0,morning,1
B0002401,C01337,DXB-MOE,2025-12-15T09:00,2,48.0,morning,1
B0002402,C02086,DXB-MAR,2025-12-15T09:00,1,26.0,morning,1
B0002403,C01863,DXB-DTN,2025-12-15T10:00,2,42.0,morning,1
B0002404,C01696,DXB-MOE,2025-12-15T12:00,3,70.0,midday,1
B0002405,C00126,DXB-DTN,2025-12-15T13:00,1,32.0,midday,1
B0002406,C00111,DXB-MAR,2025-12-15T13:00,1,24.0,midday,1
B0002407,C00358,DXB-DTN,2025-12-15T16:00,3,82.0,midday,1
B0002408,C01657,DXB-DTN,2025-12-15T18:00,3,68.0,evening,1
B0002409,C01773,DXB-MAR,2025-12-15T18:00,1,24.0,evening,1
B0002410,C01354,DXB-DTN,2025-12-15T19:00,4,120.0,evening,1
B0002411,C01994,DXB-MOE,2025-12-15T19:00,2,36.0,evening,1
B0002412,C01675,DXB-DEI,2025-12-15T19:00,1,32.0,evening,1
B0002413,C00359,DXB-MAR,2025-12-15T20:00,1,26.0,evening,1
B0002414,C02110,DXB-MAR,2025-12-15T23:00,1,32.0,evening,1
B0002415,C00275,DXB-MAR,2025-12-16T07:00,1,26.0,morning,1
B0002416,C00841,DXB-DEI,2025-12-16T07:00,2,50.0,morning,1
B0002417,C00658,DXB-DTN,2025-12-16T08:00,2,36.0,morning,1
B0002418,C02095,DXB-DTN,2025-12-16T09:00,1,26.0,morning,1
B0002419,C01863,DXB-DEI,2025-12-16T09:00,1,24.0,morning,1
B0002420,C02167,DXB-MAR,2025-12-16T10:00,2,64.0,morning,1
B0002421,C02159,DXB-DEI,2025-12-16T10:00,3,90.0,morning,1
B0002422,C00229,DXB-MOE,2025-12-16T11:00,1,24.0,midday,1
B0002423,C00547,DXB-MOE,2025-12-16T14:00,3,76.0,midday,1
B0002424,C02088,DXB-MAR,2025-12-16T14:00,1,26.0,midday,1
B0002425,C00469,DXB-DTN,2025-12-16T16:00,1,18.0,midday,1
B0002426,C01016,DXB-MOE,2025-12-16T16:00,2,36.0,midday,1
B0002427,C01592,DXB-MOE,2025-12-16T17:00,1,24.0,evening,1
B0002428,C01050,DXB-DTN,2025-12-16T18:00,2,48.0,evening,1
B0002429,C01653,DXB-DEI,2025-12-16T18:00,1,24.0,evening,1
B0002430,C00915,DXB-DTN,2025-12-16T19:00,1,32.0,evening,1
B0002431,C00659,DXB-MOE,2025-12-16T19:00,3,68.0,evening,1
B0002432,C01862,DXB-MAR,2025-12-16T19:00,1,26.0,evening,1
B0002433,C02340,DXB-MAR,2025-12-16T19:00,1,32.0,evening,1
B0002434,C00242,DXB-DEI,2025-12-16T19:00,2,56.0,evening,1
B0002435,C00640,DXB-DTN,2025-12-16T20:00,1,24.0,evening,1
B0002436,C01758,DXB-MAR,2025-12-16T20:00,1,26.0,evening,1
B0002437,C01512,DXB-MAR,2025-12-16T20:00,1,24.0,evening,1
B0002438,C00922,DXB-DTN,2025-12-16T21:00,3,76.0,evening,1
B0002439,C01122,DXB-MOE,2025-12-16T21:00,3,60.0,evening,1
B0002440,C00342,DXB-MOE,2025-12-16T22:00,3,82.0,evening,1
B0002441,C02015,DXB-MAR,2025-12-16T22:00,1,24.0,evening,1
B0002442,C01060,DXB-MAR,2025-12-16T23:00,1,26.0,evening,1
B0002443,C02309,DXB-DTN,2025-12-17T08:00,3,74.0,morning,1
B0002444,C00742,DXB-DTN,2025-12-17T08:00,4,96.0,morning,1
B0002445,C00737,DXB-MOE,2025-12-17T08:00,1,26.0,morning,1
B0002446,C00137,DXB-MAR,2025-12-17T08:00,3,60.0,morning,1
B0002447,C01132,DXB-DTN,2025-12-17T09:00,1,32.0,morning,1
B0002448,C01770,DXB-MAR,2025-12-17T09:00,3,76.0,morning,1
B0002449,C01889,DXB-DEI,2025-12-17T09:00,3,74.0,morning,1
B0002450,C00223,DXB-DEI,2025-12-17T09:00,1,18.0,morning,1
B0002451,C02248,DXB-MAR,2025-12-17T10:00,1,18.0,morning,1
B0002452,C00787,DXB-DTN,2025-12-17T11:00,1,18.0,midday,1
B0002453,C01422,DXB-MOE,2025-12-17T11:00,1,32.0,midday,1
B0002454,C01187,DXB-MOE,2025-12-17T11:00,1,24.0,midday,1
B0002455,C00608,DXB-MOE,2025-12-17T12:00,2,42.0,midday,1
B0002456,C00495,DXB-MOE,2025-12-17T12:00,2,50.0,midday,1
B0002457,C01817,DXB-MOE,2025-12-17T13:00,1,18.0,midday,1
B0002458,C02362,DXB-MOE,2025-12-17T15:00,1,18.0,midday,1
B0002459,C02332,DXB-MAR,2025-12-17T15:00,2,56.0,midday,1
B0002460,C00873,DXB-MOE,2025-12-17T16:00,2,50.0,midday,1
B0002461,C00505,DXB-MOE,2025-12-17T16:00,1,26.0,midday,1
B0002462,C00358,DXB-MOE,2025-12-17T17:00,1,32.0,evening,1
B0002463,C00077,DXB-DEI,2025-12-17T17:00,1,18.0,evening,1
B0002464,C01968,DXB-DTN,2025-12-17T18:00,1,24.0,evening,1
B0002465,C00346,DXB-MOE,2025-12-17T18:00,1,26.0,evening,1
B0002466,C01898,DXB-MOE,2025-12-17T18:00,1,26.0,evening,1
B0002467,C00288,DXB-DEI,2025-12-17T18:00,1,26.0,evening,1
B0002468,C01831,DXB-DTN,2025-12-17T19:00,1,24.0,evening,1
B0002469,C00135,DXB-MAR,2025-12-17T19:00,1,24.0,evening,1
B0002470,C01657,DXB-MOE,2025-12-17T20:00,1,18.0,evening,1
B0002471,C02202,DXB-MOE,2025-12-17T20:00,1,26.0,evening,1
B0002472,C00256,DXB-MAR,2025-12-17T20:00,2,44.0,evening,1
B0002473,C00495,DXB-MOE,2025-12-17T21:00,1,18.0,evening,1
B0002474,C01337,DXB-MOE,2025-12-17T21:00,1,26.0,evening,1
B0002475,C00582,DXB-MAR,2025-12-17T21:00,1,32.0,evening,1
B0002476,C00149,DXB-DEI,2025-12-17T21:00,1,26.0,evening,1
B0002477,C01491,DXB-DTN,2025-12-17T22:00,2,44.0,evening,1
B0002478,C00165,DXB-MAR,2025-12-17T22:00,3,68.0,evening,1
B0002479,C01824,DXB-MAR,2025-12-17T22:00,1,18.0,evening,1
B0002480,C01517,DXB-DEI,2025-12-18T06:00,1,24.0,morning,1
B0002481,C01669,DXB-DEI,2025-12-18T07:00,1,24.0,morning,1
B0002482,C01865,DXB-DEI,2025-12-18T07:00,1,24.0,morning,1
B0002483,C01313,DXB-DEI,2025-12-18T08:00,2,50.0,morning,1
B0002484,C00016,DXB-MAR,2025-12-18T09:00,1,32.0,morning,1
B0002485,C02249,DXB-MAR,2025-12-18T09:00,2,44.0,morning,1
B0002486,C01528,DXB-MAR,2025-12-18T09:00,4,116.0,morning,1
B0002487,C00739,DXB-DTN,2025-12-18T10:00,2,42.0,morning,1
B0002488,C01792,DXB-MOE,2025-12-18T10:00,2,36.0,morning,1
B0002489,C02259,DXB-DTN,2025-12-18T11:00,3,78.0,midday,1
B0002490,C02077,DXB-MOE,2025-12-18T11:00,1,18.0,midday,1
B0002491,C02012,DXB-MOE,2025-12-18T11:00,2,42.0,midday,1
B0002492,C00403,DXB-DEI,2025-12-18T13:00,2,56.0,midday,1
B0002493,C01337,DXB-MOE,2025-12-18T14:00,1,26.0,midday,1
B0002494,C00771,DXB-MAR,2025-12-18T15:00,1,18.0,midday,1
B0002495,C00147,DXB-MOE,2025-12-18T16:00,1,18.0,midday,1
B0002496,C00510,DXB-DEI,2025-12-18T16:00,2,50.0,midday,1
B0002497,C01350,DXB-DEI,2025-12-18T17:00,2,44.0,evening,1
B0002498,C01890,DXB-MOE,2025-12-18T18:00,1,26.0,evening,1
B0002499,C01149,DXB-MAR,2025-12-18T18:00,3,74.0,evening,1
B0002500,C00726,DXB-MAR,2025-12-18T19:00,1,24.0,evening,1
B0002501,C02343,DXB-DTN,2025-12-18T20:00,2,36.0,evening,1
B0002502,C00692,DXB-DTN,2025-12-18T20:00,2,56.0,evening,1
B0002503,C01862,DXB-DTN,2025-12-18T21:00,3,90.0,evening,1
B0002504,C00354,DXB-MOE,2025-12-18T21:00,1,32.0,evening,1
B0002505,C00795,DXB-MOE,2025-12-18T21:00,2,50.0,evening,1
B0002506,C01653,DXB-MAR,2025-12-18T21:00,2,36.0,evening,1
B0002507,C00495,DXB-MOE,2025-12-18T22:00,1,26.0,evening,1
B0002508,C02152,DXB-MAR,2025-12-18T22:00,1,24.0,evening,1
B0002509,C01014,DXB-MAR,2025-12-18T22:00,1,24.0,evening,1
B0002510,C01064,DXB-DEI,2025-12-19T07:00,1,26.0,morning,1
B0002511,C00973,DXB-DEI,2025-12-19T07:00,3,76.0,morning,1
B0002512,C01862,DXB-DEI,2025-12-19T07:00,1,26.0,morning,1
B0002513,C00436,DXB-DTN,2025-12-19T09:00,4,112.0,morning,1
B0002514,C02066,DXB-DTN,2025-12-19T09:00,1,18.0,morning,1
B0002515,C01063,DXB-DEI,2025-12-19T09:00,1,18.0,morning,1
B0002516,C01420,DXB-MAR,2025-12-19T10:00,3,68.0,morning,1
B0002517,C01337,DXB-DTN,2025-12-19T11:00,3,66.0,midday,1
B0002518,C01192,DXB-MOE,2025-12-19T12:00,2,50.0,midday,1
B0002519,C00241,DXB-DTN,2025-12-19T14:00,1,32.0,midday,1
B0002520,C00320,DXB-MOE,2025-12-19T14:00,1,24.0,midday,1
B0002521,C01890,DXB-MOE,2025-12-19T15:00,2,36.0,midday,1
B0002522,C01516,DXB-MOE,2025-12-19T16:00,1,18.0,midday,1
B0002523,C01127,DXB-DEI,2025-12-19T16:00,2,50.0,midday,1
B0002524,C01573,DXB-MOE,2025-12-19T17:00,2,44.0,evening,1
B0002525,C00795,DXB-MAR,2025-12-19T17:00,3,68.0,evening,1
B0002526,C00299,DXB-MAR,2025-12-19T17:00,3,76.0,evening,1
B0002527,C00444,DXB-MOE,2025-12-19T19:00,3,60.0,evening,1
B0002528,C00523,DXB-MAR,2025-12-19T20:00,1,26.0,evening,1
B0002529,C00495,DXB-MAR,2025-12-19T20:00,2,64.0,evening,1
B0002530,C01299,DXB-MAR,2025-12-19T21:00,1,32.0,evening,1
B0002531,C02018,DXB-MAR,2025-12-19T21:00,2,56.0,evening,1
B0002532,C00275,DXB-DEI,2025-12-19T21:00,2,42.0,evening,1
B0002533,C00759,DXB-DEI,2025-12-19T21:00,2,52.0,evening,1
B0002534,C02151,DXB-MAR,2025-12-19T22:00,1,26.0,evening,1
B0002535,C01121,DXB-MAR,2025-12-19T22:00,2,44.0,evening,1
B0002536,C00457,DXB-MAR,2025-12-19T23:00,2,58.0,evening,1
B0002537,C00585,DXB-DTN,2025-12-20T07:00,1,32.0,morning,1
B0002538,C00801,DXB-DTN,2025-12-20T07:00,2,58.0,morning,1
B0002539,C00205,DXB-DEI,2025-12-20T08:00,1,32.0,morning,1
B0002540,C00295,DXB-DTN,2025-12-20T09:00,2,50.0,morning,1
B0002541,C00050,DXB-DTN,2025-12-20T09:00,4,94.0,morning,1
B0002542,C00337,DXB-MAR,2025-12-20T09:00,1,18.0,morning,1
B0002543,C01490,DXB-DTN,2025-12-20T10:00,1,24.0,morning,1
B0002544,C01153,DXB-MOE,2025-12-20T11:00,1,32.0,midday,1
B0002545,C00429,DXB-MAR,2025-12-20T11:00,2,58.0,midday,1
B0002546,C00529,DXB-MAR,2025-12-20T11:00,1,18.0,midday,1
B0002547,C01701,DXB-DEI,2025-12-20T11:00,1,32.0,midday,1
B0002548,C01298,DXB-MOE,2025-12-20T14:00,1,32.0,midday,1
B0002549,C00233,DXB-MOE,2025-12-20T15:00,1,18.0,midday,1
B0002550,C00635,DXB-MAR,2025-12-20T16:00,2,58.0,midday,1
B0002551,C00688,DXB-MAR,2025-12-20T16:00,3,76.0,midday,1
B0002552,C02329,DXB-MAR,2025-12-20T17:00,2,56.0,evening,1
B0002553,C01042,DXB-DTN,2025-12-20T18:00,2,44.0,evening,1
B0002554,C00495,DXB-DTN,2025-12-20T18:00,2,44.0,evening,1
B0002555,C02221,DXB-MOE,2025-12-20T19:00,1,18.0,evening,1
B0002556,C00731,DXB-MOE,2025-12-20T19:00,2,50.0,evening,1
B0002557,C00833,DXB-MOE,2025-12-20T19:00,5,112.0,evening,1
B0002558,C01865,DXB-MAR,2025-12-20T19:00,2,44.0,evening,1
B0002559,C01763,DXB-MAR,2025-12-20T19:00,1,18.0,evening,1
B0002560,C00444,DXB-MAR,2025-12-20T20:00,1,24.0,evening,1
B0002561,C00201,DXB-MAR,2025-12-20T20:00,1,26.0,evening,1
B0002562,C00444,DXB-DTN,2025-12-20T21:00,2,50.0,evening,1
B0002563,C01518,DXB-MAR,2025-12-20T21:00,1,18.0,evening,1
B0002564,C02385,DXB-MAR,2025-12-20T21:00,1,18.0,evening,1
B0002565,C01213,DXB-DEI,2025-12-20T21:00,1,26.0,evening,1
B0002566,C00265,DXB-MAR,2025-12-20T22:00,1,26.0,evening,1
B0002567,C01449,DXB-MAR,2025-12-21T07:00,2,64.0,morning,1
B0002568,C00763,DXB-DEI,2025-12-21T07:00,2,52.0,morning,1
B0002569,C01890,DXB-MOE,2025-12-21T08:00,3,76.0,morning,1
B0002570,C01971,DXB-DEI,2025-12-21T08:00,1,32.0,morning,1
B0002571,C02020,DXB-DEI,2025-12-21T08:00,2,50.0,morning,1
B0002572,C00867,DXB-DEI,2025-12-21T08:00,1,26.0,morning,1
B0002573,C00959,DXB-DEI,2025-12-21T08:00,2,64.0,morning,1
B0002574,C02047,DXB-DTN,2025-12-21T09:00,4,102.0,morning,1
B0002575,C01227,DXB-DTN,2025-12-21T09:00,1,26.0,morning,1
B0002576,C00855,DXB-DEI,2025-12-21T09:00,1,18.0,morning,1
B0002577,C00068,DXB-MOE,2025-12-21T10:00,3,84.0,morning,1
B0002578,C01203,DXB-MAR,2025-12-21T10:00,2,58.0,morning,1
B0002579,C00624,DXB-MAR,2025-12-21T10:00,1,24.0,morning,1
B0002580,C01042,DXB-DTN,2025-12-21T11:00,1,24.0,midday,1
B0002581,C01448,DXB-MOE,2025-12-21T11:00,2,48.0,midday,1
B0002582,C01168,DXB-DTN,2025-12-21T12:00,1,18.0,midday,1
B0002583,C00933,DXB-DTN,2025-12-21T12:00,3,84.0,midday,1
B0002584,C01720,DXB-MOE,2025-12-21T12:00,2,64.0,midday,1
B0002585,C00444,DXB-MOE,2025-12-21T12:00,2,64.0,midday,1
B0002586,C01813,DXB-MOE,2025-12-21T12:00,1,24.0,midday,1
B0002587,C01496,DXB-MOE,2025-12-21T13:00,2,44.0,midday,1
B0002588,C00495,DXB-DEI,2025-12-21T18:00,3,60.0,evening,1
B0002589,C02153,DXB-DTN,2025-12-21T19:00,1,18.0,evening,1
B0002590,C00665,DXB-MOE,2025-12-21T19:00,2,58.0,evening,1
B0002591,C01469,DXB-DTN,2025-12-21T20:00,1,24.0,evening,1
B0002592,C01290,DXB-DTN,2025-12-21T20:00,3,80.0,evening,1
B0002593,C01032,DXB-MOE,2025-12-21T20:00,1,32.0,evening,1
B0002594,C00288,DXB-DTN,2025-12-21T21:00,1,18.0,evening,1
B0002595,C00622,DXB-MOE,2025-12-21T21:00,2,58.0,evening,1
B0002596,C00243,DXB-MAR,2025-12-21T21:00,1,24.0,evening,1
B0002597,C02237,DXB-MAR,2025-12-21T21:00,3,82.0,evening,1
B0002598,C01783,DXB-MAR,2025-12-21T21:00,1,18.0,evening,1
B0002599,C00858,DXB-MAR,2025-12-21T21:00,1,26.0,evening,1
B0002600,C01994,DXB-MAR,2025-12-21T21:00,3,68.0,evening,1
B0002601,C01184,DXB-DTN,2025-12-21T22:00,1,18.0,evening,1
B0002602,C00072,DXB-MAR,2025-12-21T23:00,1,18.0,evening,1
B0002603,C02373,DXB-DEI,2025-12-22T07:00,1,24.0,morning,1
B0002604,C01546,DXB-DTN,2025-12-22T09:00,3,76.0,morning,1
B0002605,C00303,DXB-DTN,2025-12-22T09:00,2,58.0,morning,1
B0002606,C01074,DXB-MOE,2025-12-22T09:00,1,32.0,morning,1
B0002607,C01337,DXB-MOE,2025-12-22T09:00,1,26.0,morning,1
B0002608,C01916,DXB-MAR,2025-12-22T09:00,1,26.0,morning,1
B0002609,C01662,DXB-MAR,2025-12-22T10:00,2,50.0,morning,1
B0002610,C01777,DXB-DTN,2025-12-22T11:00,1,26.0,midday,1
B0002611,C01833,DXB-DTN,2025-12-22T14:00,1,24.0,midday,1
B0002612,C01547,DXB-DTN,2025-12-22T18:00,2,64.0,evening,1
B0002613,C01485,DXB-MOE,2025-12-22T18:00,1,32.0,evening,1
B0002614,C00585,DXB-MAR,2025-12-22T18:00,1,26.0,evening,1
B0002615,C01152,DXB-MAR,2025-12-22T18:00,1,24.0,evening,1
B0002616,C01181,DXB-MAR,2025-12-22T18:00,1,24.0,evening,1
B0002617,C00068,DXB-MAR,2025-12-22T20:00,1,24.0,evening,1
B0002618,C00048,DXB-DEI,2025-12-22T20:00,1,32.0,evening,1
B0002619,C00842,DXB-MOE,2025-12-22T21:00,1,24.0,evening,1
B0002620,C01577,DXB-MOE,2025-12-22T21:00,2,64.0,evening,1
B0002621,C01899,DXB-DEI,2025-12-23T06:00,2,50.0,morning,1
B0002622,C00949,DXB-DEI,2025-12-23T07:00,1,26.0,morning,1
B0002623,C01336,DXB-MOE,2025-12-23T08:00,2,44.0,morning,1
B0002624,C01788,DXB-DEI,2025-12-23T08:00,1,32.0,morning,1
B0002625,C00546,DXB-DEI,2025-12-23T08:00,1,18.0,morning,1
B0002626,C01218,DXB-DEI,2025-12-23T08:00,3,88.0,morning,1
B0002627,C00310,DXB-DTN,2025-12-23T09:00,4,94.0,morning,1
B0002628,C00168,DXB-DTN,2025-12-23T09:00,1,18.0,morning,1
B0002629,C00796,DXB-MOE,2025-12-23T10:00,1,32.0,morning,1
B0002630,C00136,DXB-MOE,2025-12-23T11:00,3,74.0,midday,1
B0002631,C00514,DXB-MOE,2025-12-23T12:00,1,32.0,midday,1
B0002632,C01268,DXB-MOE,2025-12-23T13:00,1,24.0,midday,1
B0002633,C00491,DXB-DTN,2025-12-23T14:00,1,32.0,midday,1
B0002634,C01971,DXB-MOE,2025-12-23T14:00,1,24.0,midday,1
B0002635,C01830,DXB-MOE,2025-12-23T15:00,4,106.0,midday,1
B0002636,C01496,DXB-DEI,2025-12-23T15:00,1,24.0,midday,1
B0002637,C02148,DXB-DTN,2025-12-23T16:00,1,32.0,midday,1
B0002638,C02018,DXB-MOE,2025-12-23T16:00,1,26.0,midday,1
B0002639,C01892,DXB-MAR,2025-12-23T17:00,1,26.0,evening,1
B0002640,C00858,DXB-DTN,2025-12-23T19:00,1,24.0,evening,1
B0002641,C00905,DXB-MOE,2025-12-23T19:00,1,26.0,evening,1
B0002642,C01289,DXB-MOE,2025-12-23T19:00,4,106.0,evening,1
B0002643,C00106,DXB-MAR,2025-12-23T19:00,1,24.0,evening,1
B0002644,C00789,DXB-MAR,2025-12-23T20:00,4,120.0,evening,1
B0002645,C00778,DXB-MOE,2025-12-23T21:00,1,18.0,evening,1
B0002646,C00262,DXB-MAR,2025-12-23T21:00,1,26.0,evening,1
B0002647,C00045,DXB-MAR,2025-12-23T21:00,1,26.0,evening,1
B0002648,C01657,DXB-DEI,2025-12-24T06:00,4,116.0,morning,1
B0002649,C01947,DXB-DTN,2025-12-24T08:00,2,44.0,morning,1
B0002650,C00872,DXB-MOE,2025-12-24T08:00,2,58.0,morning,1
B0002651,C00092,DXB-DEI,2025-12-24T08:00,2,56.0,morning,1
B0002652,C02269,DXB-DTN,2025-12-24T11:00,3,82.0,midday,1
B0002653,C01863,DXB-DTN,2025-12-24T15:00,1,24.0,midday,1
B0002654,C00988,DXB-DTN,2025-12-24T16:00,1,18.0,midday,1
B0002655,C00951,DXB-MOE,2025-12-24T17:00,3,68.0,evening,1
B0002656,C01295,DXB-MOE,2025-12-24T17:00,2,44.0,evening,1
B0002657,C00759,DXB-MOE,2025-12-24T18:00,2,64.0,evening,1
B0002658,C01689,DXB-DTN,2025-12-24T19:00,2,48.0,evening,1
B0002659,C01862,DXB-MAR,2025-12-24T19:00,2,48.0,evening,1
B0002660,C02140,DXB-MOE,2025-12-24T20:00,2,48.0,evening,1
B0002661,C00488,DXB-DTN,2025-12-24T22:00,2,50.0,evening,1
B0002662,C01862,DXB-DEI,2025-12-25T06:00,1,18.0,morning,1
B0002663,C00241,DXB-DEI,2025-12-25T07:00,3,76.0,morning,1
B0002664,C02159,DXB-MOE,2025-12-25T08:00,4,94.0,morning,1
B0002665,C00184,DXB-DEI,2025-12-25T08:00,2,58.0,morning,1
B0002666,C01852,DXB-DTN,2025-12-25T09:00,2,52.0,morning,1
B0002667,C01997,DXB-MOE,2025-12-25T09:00,2,56.0,morning,1
B0002668,C00565,DXB-MAR,2025-12-25T09:00,1,26.0,morning,1
B0002669,C01159,DXB-MAR,2025-12-25T09:00,2,50.0,morning,1
B0002670,C01030,DXB-DEI,2025-12-25T09:00,1,24.0,morning,1
B0002671,C00768,DXB-MOE,2025-12-25T10:00,2,58.0,morning,1
B0002672,C02259,DXB-DTN,2025-12-25T11:00,2,50.0,midday,1
B0002673,C00777,DXB-MOE,2025-12-25T11:00,2,50.0,midday,1
B0002674,C00529,DXB-DTN,2025-12-25T12:00,1,26.0,midday,1
B0002675,C01478,DXB-MAR,2025-12-25T15:00,1,32.0,midday,1
B0002676,C02208,DXB-MOE,2025-12-25T16:00,3,74.0,midday,1
B0002677,C01889,DXB-MOE,2025-12-25T16:00,1,32.0,midday,1
B0002678,C01189,DXB-DTN,2025-12-25T17:00,1,24.0,evening,1
B0002679,C01432,DXB-DTN,2025-12-25T17:00,2,50.0,evening,1
B0002680,C01815,DXB-MOE,2025-12-25T17:00,1,32.0,evening,1
B0002681,C02200,DXB-MOE,2025-12-25T17:00,2,58.0,evening,1
B0002682,C00495,DXB-DTN,2025-12-25T18:00,2,50.0,evening,1
B0002683,C00076,DXB-MOE,2025-12-25T18:00,2,50.0,evening,1
B0002684,C01337,DXB-MOE,2025-12-25T18:00,1,18.0,evening,1
B0002685,C02305,DXB-MOE,2025-12-25T18:00,4,98.0,evening,1
B0002686,C00962,DXB-MOE,2025-12-25T19:00,2,44.0,evening,1
B0002687,C02261,DXB-MAR,2025-12-25T19:00,3,76.0,evening,1
B0002688,C00787,DXB-DEI,2025-12-25T19:00,1,24.0,evening,1
B0002689,C01064,DXB-DTN,2025-12-25T20:00,2,64.0,evening,1
B0002690,C00190,DXB-MAR,2025-12-25T20:00,3,66.0,evening,1
B0002691,C01900,DXB-MAR,2025-12-25T20:00,1,18.0,evening,1
B0002692,C00275,DXB-MAR,2025-12-25T21:00,2,42.0,evening,1
B0002693,C00822,DXB-MAR,2025-12-25T21:00,1,24.0,evening,1
B0002694,C00624,DXB-MAR,2025-12-25T22:00,1,24.0,evening,1
B0002695,C02103,DXB-MAR,2025-12-25T23:00,1,18.0,evening,1
B0002696,C00466,DXB-MAR,2025-12-26T07:00,3,82.0,morning,1
B0002697,C01786,DXB-DTN,2025-12-26T09:00,2,50.0,morning,1
B0002698,C01432,DXB-MOE,2025-12-26T09:00,1,18.0,morning,1
B0002699,C01067,DXB-MOE,2025-12-26T09:00,1,26.0,morning,1
B0002700,C01095,DXB-MOE,2025-12-26T10:00,2,50.0,morning,1
B0002701,C00911,DXB-DTN,2025-12-26T11:00,1,26.0,midday,1
B0002702,C02110,DXB-DTN,2025-12-26T11:00,1,26.0,midday,1
B0002703,C00961,DXB-MOE,2025-12-26T11:00,5,112.0,midday,1
B0002704,C00077,DXB-MOE,2025-12-26T11:00,1,24.0,midday,1
B0002705,C01466,DXB-MOE,2025-12-26T12:00,3,68.0,midday,1
B0002706,C01093,DXB-MOE,2025-12-26T12:00,2,50.0,midday,1
B0002707,C00125,DXB-DTN,2025-12-26T13:00,1,18.0,midday,1
B0002708,C00444,DXB-MOE,2025-12-26T13:00,2,42.0,midday,1
B0002709,C02397,DXB-DTN,2025-12-26T16:00,1,32.0,midday,1
B0002710,C01849,DXB-MOE,2025-12-26T16:00,3,68.0,midday,1
B0002711,C00256,DXB-MAR,2025-12-26T16:00,2,58.0,midday,1
B0002712,C00778,DXB-MOE,2025-12-26T18:00,3,90.0,evening,1
B0002713,C00868,DXB-DTN,2025-12-26T19:00,3,78.0,evening,1
B0002714,C02320,DXB-MAR,2025-12-26T19:00,2,44.0,evening,1
B0002715,C00549,DXB-MAR,2025-12-26T19:00,3,76.0,evening,1
B0002716,C02039,DXB-DEI,2025-12-26T19:00,2,42.0,evening,1
B0002717,C00277,DXB-MOE,2025-12-26T20:00,3,68.0,evening,1
B0002718,C01948,DXB-MAR,2025-12-26T20:00,2,36.0,evening,1
B0002719,C00495,DXB-DTN,2025-12-26T21:00,1,26.0,evening,1
B0002720,C01173,DXB-DTN,2025-12-26T22:00,1,26.0,evening,1
B0002721,C00871,DXB-MAR,2025-12-26T22:00,1,24.0,evening,1
B0002722,C01565,DXB-DTN,2025-12-27T07:00,1,18.0,morning,1
B0002723,C00747,DXB-DEI,2025-12-27T07:00,2,56.0,morning,1
B0002724,C02244,DXB-DTN,2025-12-27T08:00,2,44.0,morning,1
B0002725,C01496,DXB-DTN,2025-12-27T08:00,1,26.0,morning,1
B0002726,C02132,DXB-DTN,2025-12-27T09:00,2,42.0,morning,1
B0002727,C00269,DXB-MOE,2025-12-27T10:00,2,50.0,morning,1
B0002728,C01137,DXB-DTN,2025-12-27T11:00,1,26.0,midday,1
B0002729,C02249,DXB-MOE,2025-12-27T11:00,2,42.0,midday,1
B0002730,C00595,DXB-MOE,2025-12-27T11:00,1,18.0,midday,1
B0002731,C00883,DXB-DTN,2025-12-27T14:00,2,50.0,midday,1
B0002732,C00573,DXB-MOE,2025-12-27T14:00,1,18.0,midday,1
B0002733,C01149,DXB-DEI,2025-12-27T15:00,4,86.0,midday,1
B0002734,C00941,DXB-DEI,2025-12-27T15:00,2,42.0,midday,1
B0002735,C01570,DXB-DTN,2025-12-27T16:00,2,42.0,midday,1
B0002736,C00905,DXB-DTN,2025-12-27T17:00,1,26.0,evening,1
B0002737,C01863,DXB-DTN,2025-12-27T17:00,2,52.0,evening,1
B0002738,C00368,DXB-MOE,2025-12-27T18:00,5,132.0,evening,1
B0002739,C01028,DXB-MAR,2025-12-27T18:00,1,26.0,evening,1
B0002740,C00983,DXB-DEI,2025-12-27T18:00,1,18.0,evening,1
B0002741,C01434,DXB-DTN,2025-12-27T19:00,1,24.0,evening,1
B0002742,C01363,DXB-MAR,2025-12-27T19:00,1,32.0,evening,1
B0002743,C01852,DXB-MAR,2025-12-27T19:00,2,50.0,evening,1
B0002744,C02161,DXB-MAR,2025-12-27T19:00,1,26.0,evening,1
B0002745,C01953,DXB-MAR,2025-12-27T19:00,1,24.0,evening,1
B0002746,C00239,DXB-DEI,2025-12-27T19:00,2,52.0,evening,1
B0002747,C02215,DXB-DEI,2025-12-27T19:00,1,32.0,evening,1
B0002748,C01064,DXB-DEI,2025-12-27T19:00,4,108.0,evening,1
B0002749,C00255,DXB-MOE,2025-12-27T20:00,1,26.0,evening,1
B0002750,C01567,DXB-MOE,2025-12-27T20:00,2,58.0,evening,1
B0002751,C01215,DXB-MOE,2025-12-27T20:00,3,84.0,evening,1
B0002752,C01337,DXB-MAR,2025-12-27T20:00,1,26.0,evening,1
B0002753,C02004,DXB-MAR,2025-12-27T20:00,2,42.0,evening,1
B0002754,C00923,DXB-MOE,2025-12-27T21:00,1,26.0,evening,1
B0002755,C00383,DXB-MAR,2025-12-27T23:00,2,50.0,evening,1
B0002756,C00218,DXB-DEI,2025-12-28T06:00,1,26.0,morning,1
B0002757,C01867,DXB-MAR,2025-12-28T07:00,1,24.0,morning,1
B0002758,C00998,DXB-DTN,2025-12-28T09:00,2,58.0,morning,1
B0002759,C01698,DXB-DTN,2025-12-28T09:00,1,18.0,morning,1
B0002760,C00320,DXB-DTN,2025-12-28T09:00,3,74.0,morning,1
B0002761,C00680,DXB-DTN,2025-12-28T09:00,2,50.0,morning,1
B0002762,C00189,DXB-MOE,2025-12-28T12:00,1,18.0,midday,1
B0002763,C00448,DXB-DTN,2025-12-28T13:00,2,58.0,midday,1
B0002764,C01490,DXB-DEI,2025-12-28T14:00,1,32.0,midday,1
B0002765,C00101,DXB-MOE,2025-12-28T15:00,3,90.0,midday,1
B0002766,C00362,DXB-MOE,2025-12-28T15:00,1,32.0,midday,1
B0002767,C00659,DXB-MOE,2025-12-28T17:00,1,26.0,evening,1
B0002768,C00915,DXB-MAR,2025-12-28T17:00,1,32.0,evening,1
B0002769,C00238,DXB-MAR,2025-12-28T18:00,2,42.0,evening,1
B0002770,C01026,DXB-MAR,2025-12-28T19:00,2,42.0,evening,1
B0002771,C02039,DXB-DTN,2025-12-28T20:00,1,32.0,evening,1
B0002772,C00444,DXB-MOE,2025-12-28T21:00,2,42.0,evening,1
B0002773,C01735,DXB-DTN,2025-12-28T22:00,1,18.0,evening,1
B0002774,C01054,DXB-MAR,2025-12-28T22:00,2,50.0,evening,1
B0002775,C00032,DXB-DEI,2025-12-29T07:00,2,42.0,morning,1
B0002776,C00982,DXB-DEI,2025-12-29T08:00,3,82.0,morning,1
B0002777,C01937,DXB-DTN,2025-12-29T09:00,1,18.0,morning,1
B0002778,C02392,DXB-DEI,2025-12-29T09:00,3,76.0,morning,1
B0002779,C02237,DXB-DTN,2025-12-29T12:00,2,48.0,midday,1
B0002780,C00135,DXB-MOE,2025-12-29T12:00,2,64.0,midday,1
B0002781,C00371,DXB-DTN,2025-12-29T14:00,2,50.0,midday,1
B0002782,C01955,DXB-DEI,2025-12-29T14:00,4,114.0,midday,1
B0002783,C01054,DXB-DTN,2025-12-29T15:00,3,76.0,midday,1
B0002784,C01189,DXB-MOE,2025-12-29T16:00,2,44.0,midday,1
B0002785,C01249,DXB-DEI,2025-12-29T16:00,2,64.0,midday,1
B0002786,C00871,DXB-MOE,2025-12-29T17:00,1,18.0,evening,1
B0002787,C01722,DXB-MOE,2025-12-29T17:00,1,32.0,evening,1
B0002788,C01194,DXB-MOE,2025-12-29T17:00,2,50.0,evening,1
B0002789,C00686,DXB-DEI,2025-12-29T17:00,1,18.0,evening,1
B0002790,C00739,DXB-DTN,2025-12-29T19:00,1,26.0,evening,1
B0002791,C00690,DXB-DTN,2025-12-29T19:00,2,48.0,evening,1
B0002792,C00261,DXB-DTN,2025-12-29T19:00,1,18.0,evening,1
B0002793,C01052,DXB-MOE,2025-12-29T19:00,2,50.0,evening,1
B0002794,C00626,DXB-MOE,2025-12-29T19:00,3,88.0,evening,1
B0002795,C01411,DXB-MAR,2025-12-29T19:00,1,18.0,evening,1
B0002796,C00722,DXB-MAR,2025-12-29T19:00,1,32.0,evening,1
B0002797,C01247,DXB-DEI,2025-12-29T19:00,3,82.0,evening,1
B0002798,C01121,DXB-MAR,2025-12-29T20:00,3,62.0,evening,1
B0002799,C01184,DXB-MAR,2025-12-29T20:00,3,76.0,evening,1
B0002800,C00759,DXB-MAR,2025-12-29T20:00,1,32.0,evening,1
B0002801,C01871,DXB-MAR,2025-12-29T22:00,1,32.0,evening,1
B0002802,C01862,DXB-DEI,2025-12-30T06:00,2,50.0,morning,1
B0002803,C01368,DXB-DEI,2025-12-30T07:00,1,24.0,morning,1
B0002804,C01177,DXB-DTN,2025-12-30T08:00,1,32.0,morning,1
B0002805,C00150,DXB-DTN,2025-12-30T08:00,1,24.0,morning,1
B0002806,C01861,DXB-DTN,2025-12-30T09:00,1,18.0,morning,1
B0002807,C00461,DXB-MOE,2025-12-30T10:00,3,78.0,morning,1
B0002808,C00444,DXB-MOE,2025-12-30T11:00,1,32.0,midday,1
B0002809,C01352,DXB-DTN,2025-12-30T12:00,2,50.0,midday,1
B0002810,C00485,DXB-DTN,2025-12-30T15:00,2,50.0,midday,1
B0002811,C01337,DXB-DEI,2025-12-30T16:00,2,56.0,midday,1
B0002812,C01852,DXB-DTN,2025-12-30T17:00,2,64.0,evening,1
B0002813,C01452,DXB-MOE,2025-12-30T17:00,2,56.0,evening,1
B0002814,C00226,DXB-DEI,2025-12-30T17:00,2,52.0,evening,1
B0002815,C00850,DXB-DTN,2025-12-30T18:00,3,74.0,evening,1
B0002816,C02208,DXB-MAR,2025-12-30T18:00,1,32.0,evening,1
B0002817,C01862,DXB-MAR,2025-12-30T18:00,1,24.0,evening,1
B0002818,C01917,DXB-MAR,2025-12-30T19:00,4,94.0,evening,1
B0002819,C01254,DXB-DTN,2025-12-30T20:00,2,48.0,evening,1
B0002820,C01422,DXB-MOE,2025-12-30T20:00,3,68.0,evening,1
B0002821,C01882,DXB-MOE,2025-12-30T20:00,2,58.0,evening,1
B0002822,C01735,DXB-MOE,2025-12-30T20:00,2,56.0,evening,1
B0002823,C01247,DXB-MOE,2025-12-30T20:00,1,32.0,evening,1
B0002824,C02224,DXB-DTN,2025-12-30T21:00,1,24.0,evening,1
B0002825,C01061,DXB-MAR,2025-12-30T22:00,1,26.0,evening,1
B0002826,C00546,DXB-MAR,2025-12-30T23:00,1,24.0,evening,1
B0002827,C01850,DXB-MAR,2025-12-31T07:00,1,24.0,morning,1
B0002828,C00979,DXB-MOE,2025-12-31T08:00,1,32.0,morning,1
B0002829,C01337,DXB-DTN,2025-12-31T09:00,1,24.0,morning,1
B0002830,C00117,DXB-MOE,2025-12-31T10:00,2,50.0,morning,1
B0002831,C00626,DXB-MAR,2025-12-31T10:00,1,18.0,morning,1
B0002832,C01934,DXB-MAR,2025-12-31T10:00,2,44.0,morning,1
B0002833,C00994,DXB-DEI,2025-12-31T10:00,2,50.0,morning,1
B0002834,C01863,DXB-MOE,2025-12-31T14:00,1,26.0,midday,1
B0002835,C01539,DXB-MAR,2025-12-31T14:00,1,26.0,midday,1
B0002836,C01895,DXB-MAR,2025-12-31T17:00,1,24.0,evening,1
B0002837,C01121,DXB-MAR,2025-12-31T20:00,1,26.0,evening,1
B0002838,C00164,DXB-DEI,2025-12-31T20:00,1,26.0,evening,1
B0002839,C02056,DXB-MAR,2025-12-31T21:00,2,36.0,evening,1
B0002840,C00435,DXB-MAR,2025-12-31T22:00,2,42.0,evening,1
B0002841,C02313,DXB-MAR,2025-12-31T22:00,1,32.0,evening,1
B0002842,C00373,DXB-MAR,2025-12-31T23:00,3,82.0,evening,1
B0002843,C00203,DXB-DTN,2026-01-01T07:00,1,18.0,morning,1
B0002844,C02130,DXB-DEI,2026-01-01T07:00,3,82.0,morning,1
B0002845,C00020,DXB-DTN,2026-01-01T08:00,2,56.0,morning,1
B0002846,C01900,DXB-DEI,2026-01-01T08:00,2,50.0,morning,1
B0002847,C01353,DXB-MOE,2026-01-01T10:00,2,50.0,morning,1
B0002848,C01496,DXB-DTN,2026-01-01T11:00,1,18.0,midday,1
B0002849,C01014,DXB-MOE,2026-01-01T11:00,1,32.0,midday,1
B0002850,C01931,DXB-DTN,2026-01-01T15:00,1,18.0,midday,1
B0002851,C02310,DXB-MOE,2026-01-01T15:00,1,18.0,midday,1
B0002852,C01073,DXB-MOE,2026-01-01T15:00,1,32.0,midday,1
B0002853,C01585,DXB-MAR,2026-01-01T15:00,1,32.0,midday,1
B0002854,C01629,DXB-MAR,2026-01-01T17:00,1,18.0,evening,1
B0002855,C02162,DXB-DEI,2026-01-01T17:00,1,32.0,evening,1
B0002856,C00101,DXB-DTN,2026-01-01T18:00,2,52.0,evening,1
B0002857,C00498,DXB-DTN,2026-01-01T18:00,2,50.0,evening,1
B0002858,C00676,DXB-DTN,2026-01-01T18:00,2,42.0,evening,1
B0002859,C00227,DXB-DTN,2026-01-01T18:00,1,26.0,evening,1
B0002860,C01820,DXB-MAR,2026-01-01T18:00,2,58.0,evening,1
B0002861,C00752,DXB-DTN,2026-01-01T20:00,5,140.0,evening,1
B0002862,C01546,DXB-MOE,2026-01-01T20:00,2,36.0,evening,1
B0002863,C00416,DXB-MAR,2026-01-01T20:00,3,96.0,evening,1
B0002864,C01051,DXB-DTN,2026-01-01T21:00,1,24.0,evening,1
B0002865,C00444,DXB-DTN,2026-01-01T21:00,3,82.0,evening,1
B0002866,C01023,DXB-MAR,2026-01-01T21:00,1,18.0,evening,1
B0002867,C02285,DXB-MAR,2026-01-01T21:00,3,70.0,evening,1
B0002868,C01366,DXB-MAR,2026-01-01T21:00,1,24.0,evening,1
B0002869,C00139,DXB-MAR,2026-01-01T21:00,3,76.0,evening,1
B0002870,C01852,DXB-MAR,2026-01-01T21:00,1,26.0,evening,1
B0002871,C01935,DXB-DTN,2026-01-01T22:00,2,58.0,evening,1
B0002872,C00928,DXB-MOE,2026-01-01T22:00,1,18.0,evening,1
B0002873,C00771,DXB-MAR,2026-01-01T23:00,2,50.0,evening,1
B0002874,C02075,DXB-DEI,2026-01-02T06:00,2,50.0,morning,1
B0002875,C01569,DXB-DEI,2026-01-02T07:00,2,52.0,morning,1
B0002876,C00787,DXB-DEI,2026-01-02T07:00,3,70.0,morning,1
B0002877,C00181,DXB-DEI,2026-01-02T07:00,1,18.0,morning,1
B0002878,C00041,DXB-MOE,2026-01-02T08:00,4,104.0,morning,1
B0002879,C00007,DXB-MAR,2026-01-02T08:00,3,82.0,morning,1
B0002880,C01899,DXB-MAR,2026-01-02T08:00,1,26.0,morning,1
B0002881,C02363,DXB-DEI,2026-01-02T08:00,1,26.0,morning,1
B0002882,C01551,DXB-DTN,2026-01-02T09:00,1,26.0,morning,1
B0002883,C01062,DXB-DTN,2026-01-02T09:00,2,58.0,morning,1
B0002884,C00135,DXB-MOE,2026-01-02T11:00,1,32.0,midday,1
B0002885,C00141,DXB-MOE,2026-01-02T14:00,4,108.0,midday,1
B0002886,C01026,DXB-MOE,2026-01-02T14:00,1,32.0,midday,1
B0002887,C01484,DXB-DTN,2026-01-02T15:00,1,18.0,midday,1
B0002888,C00731,DXB-DTN,2026-01-02T16:00,2,50.0,midday,1
B0002889,C00223,DXB-DTN,2026-01-02T17:00,2,58.0,evening,1
B0002890,C00712,DXB-MOE,2026-01-02T17:00,1,24.0,evening,1
B0002891,C00290,DXB-MOE,2026-01-02T17:00,1,26.0,evening,1
B0002892,C00308,DXB-MAR,2026-01-02T18:00,1,32.0,evening,1
B0002893,C02240,DXB-DTN,2026-01-02T20:00,2,44.0,evening,1
B0002894,C01233,DXB-DTN,2026-01-02T20:00,1,32.0,evening,1
B0002895,C01780,DXB-MOE,2026-01-02T20:00,2,44.0,evening,1
B0002896,C00495,DXB-MAR,2026-01-02T20:00,2,50.0,evening,1
B0002897,C01596,DXB-DTN,2026-01-02T21:00,1,32.0,evening,1
B0002898,C00779,DXB-DTN,2026-01-02T22:00,2,56.0,evening,1
B0002899,C00887,DXB-MAR,2026-01-02T22:00,3,82.0,evening,1
B0002900,C01633,DXB-MAR,2026-01-02T23:00,2,56.0,evening,1
B0002901,C01569,DXB-MAR,2026-01-02T23:00,1,24.0,evening,1
B0002902,C00947,DXB-DEI,2026-01-03T07:00,2,56.0,morning,1
B0002903,C01720,DXB-DTN,2026-01-03T08:00,1,32.0,morning,1
B0002904,C01780,DXB-DTN,2026-01-03T08:00,2,44.0,morning,1
B0002905,C01305,DXB-MOE,2026-01-03T08:00,4,92.0,morning,1
B0002906,C00268,DXB-MAR,2026-01-03T08:00,1,24.0,morning,1
B0002907,C00783,DXB-MOE,2026-01-03T09:00,2,56.0,morning,1
B0002908,C02202,DXB-DTN,2026-01-03T10:00,1,26.0,morning,1
B0002909,C01424,DXB-DEI,2026-01-03T10:00,2,36.0,morning,1
B0002910,C00579,DXB-MOE,2026-01-03T12:00,2,36.0,midday,1
B0002911,C01146,DXB-MOE,2026-01-03T12:00,1,18.0,midday,1
B0002912,C00112,DXB-DTN,2026-01-03T13:00,2,50.0,midday,1
B0002913,C01801,DXB-DEI,2026-01-03T14:00,1,26.0,midday,1
B0002914,C02351,DXB-DTN,2026-01-03T17:00,1,18.0,evening,1
B0002915,C00853,DXB-MOE,2026-01-03T17:00,3,60.0,evening,1
B0002916,C01189,DXB-DEI,2026-01-03T17:00,1,18.0,evening,1
B0002917,C01206,DXB-MOE,2026-01-03T18:00,1,24.0,evening,1
B0002918,C01343,DXB-DEI,2026-01-03T18:00,2,48.0,evening,1
B0002919,C00966,DXB-MAR,2026-01-03T20:00,2,56.0,evening,1
B0002920,C01512,DXB-MAR,2026-01-03T21:00,1,26.0,evening,1
B0002921,C01400,DXB-DTN,2026-01-03T22:00,2,58.0,evening,1
B0002922,C02110,DXB-DTN,2026-01-03T22:00,1,26.0,evening,1
B0002923,C00690,DXB-MOE,2026-01-03T22:00,1,18.0,evening,1
B0002924,C00966,DXB-MAR,2026-01-03T22:00,1,18.0,evening,1
B0002925,C01472,DXB-DEI,2026-01-04T06:00,3,74.0,morning,1
B0002926,C00522,DXB-MAR,2026-01-04T07:00,2,58.0,morning,1
B0002927,C00729,DXB-MAR,2026-01-04T09:00,1,32.0,morning,1
B0002928,C00665,DXB-DEI,2026-01-04T09:00,3,76.0,morning,1
B0002929,C00648,DXB-DTN,2026-01-04T10:00,1,32.0,morning,1
B0002930,C01337,DXB-MOE,2026-01-04T10:00,2,50.0,morning,1
B0002931,C01824,DXB-MOE,2026-01-04T10:00,1,18.0,morning,1
B0002932,C01170,DXB-MOE,2026-01-04T10:00,2,50.0,morning,1
B0002933,C01190,DXB-MOE,2026-01-04T11:00,3,70.0,midday,1
B0002934,C01716,DXB-DTN,2026-01-04T13:00,2,52.0,midday,1
B0002935,C02327,DXB-MOE,2026-01-04T15:00,1,32.0,midday,1
B0002936,C00433,DXB-MOE,2026-01-04T16:00,3,84.0,midday,1
B0002937,C02162,DXB-MOE,2026-01-04T16:00,2,42.0,midday,1
B0002938,C00444,DXB-MOE,2026-01-04T16:00,3,82.0,midday,1
B0002939,C00095,DXB-DEI,2026-01-04T16:00,1,32.0,midday,1
B0002940,C00659,DXB-DTN,2026-01-04T20:00,2,58.0,evening,1
B0002941,C01461,DXB-MOE,2026-01-04T20:00,2,58.0,evening,1
B0002942,C00416,DXB-MAR,2026-01-04T20:00,1,18.0,evening,1
B0002943,C01846,DXB-DTN,2026-01-04T21:00,3,76.0,evening,1
B0002944,C00808,DXB-MAR,2026-01-04T21:00,2,52.0,evening,1
B0002945,C01675,DXB-MAR,2026-01-04T21:00,3,82.0,evening,1
B0002946,C00275,DXB-DTN,2026-01-04T22:00,1,26.0,evening,1
B0002947,C02177,DXB-MAR,2026-01-04T22:00,1,18.0,evening,1
B0002948,C02208,DXB-MAR,2026-01-04T22:00,3,80.0,evening,1
B0002949,C01803,DXB-DEI,2026-01-05T06:00,2,50.0,morning,1
B0002950,C00286,DXB-DTN,2026-01-05T07:00,1,26.0,morning,1
B0002951,C00408,DXB-MAR,2026-01-05T07:00,1,24.0,morning,1
B0002952,C01806,DXB-MOE,2026-01-05T08:00,1,24.0,morning,1
B0002953,C02088,DXB-MAR,2026-01-05T08:00,1,32.0,morning,1
B0002954,C01466,DXB-MAR,2026-01-05T08:00,1,24.0,morning,1
B0002955,C01573,DXB-DTN,2026-01-05T09:00,2,56.0,morning,1
B0002956,C01052,DXB-MAR,2026-01-05T10:00,1,26.0,morning,1
B0002957,C02275,DXB-DTN,2026-01-05T11:00,2,50.0,midday,1
B0002958,C01900,DXB-MOE,2026-01-05T11:00,1,18.0,midday,1
B0002959,C02058,DXB-MOE,2026-01-05T12:00,1,32.0,midday,1
B0002960,C01226,DXB-MOE,2026-01-05T12:00,1,32.0,midday,1
B0002961,C00850,DXB-DEI,2026-01-05T13:00,2,52.0,midday,1
B0002962,C00095,DXB-MOE,2026-01-05T18:00,1,26.0,evening,1
B0002963,C01371,DXB-MOE,2026-01-05T18:00,2,50.0,evening,1
B0002964,C02379,DXB-MOE,2026-01-05T18:00,4,86.0,evening,1
B0002965,C02068,DXB-DEI,2026-01-05T19:00,1,32.0,evening,1
B0002966,C00067,DXB-MAR,2026-01-05T21:00,2,50.0,evening,1
B0002967,C01908,DXB-MAR,2026-01-05T21:00,1,24.0,evening,1
B0002968,C00701,DXB-MOE,2026-01-05T22:00,2,50.0,evening,1
B0002969,C01678,DXB-DEI,2026-01-06T06:00,1,18.0,morning,1
B0002970,C00932,DXB-DEI,2026-01-06T06:00,1,32.0,morning,1
B0002971,C01044,DXB-DTN,2026-01-06T07:00,1,18.0,morning,1
B0002972,C01338,DXB-MAR,2026-01-06T07:00,1,26.0,morning,1
B0002973,C00463,DXB-DEI,2026-01-06T07:00,1,26.0,morning,1
B0002974,C02357,DXB-DTN,2026-01-06T08:00,3,82.0,morning,1
B0002975,C01994,DXB-DEI,2026-01-06T08:00,2,50.0,morning,1
B0002976,C00435,DXB-DTN,2026-01-06T09:00,1,24.0,morning,1
B0002977,C02112,DXB-MOE,2026-01-06T09:00,3,68.0,morning,1
B0002978,C01352,DXB-MAR,2026-01-06T09:00,2,56.0,morning,1
B0002979,C00759,DXB-DEI,2026-01-06T09:00,3,74.0,morning,1
B0002980,C00135,DXB-DEI,2026-01-06T09:00,2,36.0,morning,1
B0002981,C00305,DXB-DEI,2026-01-06T09:00,1,24.0,morning,1
B0002982,C00342,DXB-DTN,2026-01-06T10:00,3,82.0,morning,1
B0002983,C01729,DXB-DEI,2026-01-06T10:00,1,32.0,morning,1
B0002984,C02197,DXB-DTN,2026-01-06T11:00,1,18.0,midday,1
B0002985,C01862,DXB-DTN,2026-01-06T14:00,2,44.0,midday,1
B0002986,C01592,DXB-MAR,2026-01-06T14:00,3,60.0,midday,1
B0002987,C00737,DXB-MOE,2026-01-06T15:00,1,24.0,midday,1
B0002988,C02051,DXB-MOE,2026-01-06T15:00,2,56.0,midday,1
B0002989,C01593,DXB-MAR,2026-01-06T15:00,2,52.0,midday,1
B0002990,C01440,DXB-DTN,2026-01-06T16:00,1,24.0,midday,1
B0002991,C01338,DXB-MOE,2026-01-06T16:00,1,26.0,midday,1
B0002992,C01696,DXB-MAR,2026-01-06T16:00,1,24.0,midday,1
B0002993,C02051,DXB-DTN,2026-01-06T17:00,4,114.0,evening,1
B0002994,C00889,DXB-DTN,2026-01-06T17:00,1,24.0,evening,1
B0002995,C00447,DXB-MOE,2026-01-06T17:00,1,26.0,evening,1
B0002996,C01230,DXB-MAR,2026-01-06T17:00,1,24.0,evening,1
B0002997,C01190,DXB-MAR,2026-01-06T17:00,2,36.0,evening,1
B0002998,C01162,DXB-DEI,2026-01-06T17:00,2,50.0,evening,1
B0002999,C01644,DXB-MOE,2026-01-06T18:00,2,64.0,evening,1
B0003000,C01585,DXB-MAR,2026-01-06T18:00,1,26.0,evening,1
B0003001,C00759,DXB-MAR,2026-01-06T18:00,2,56.0,evening,1
B0003002,C02365,DXB-MOE,2026-01-06T19:00,1,18.0,evening,1
B0003003,C01967,DXB-MOE,2026-01-06T19:00,1,32.0,evening,1
B0003004,C01970,DXB-MOE,2026-01-06T19:00,1,26.0,evening,1
B0003005,C00780,DXB-MAR,2026-01-06T19:00,1,26.0,evening,1
B0003006,C00932,DXB-MAR,2026-01-06T20:00,1,24.0,evening,1
B0003007,C01186,DXB-DTN,2026-01-06T22:00,1,18.0,evening,1
B0003008,C00463,DXB-MAR,2026-01-06T22:00,2,56.0,evening,1
B0003009,C01094,DXB-MAR,2026-01-06T22:00,1,32.0,evening,1
B0003010,C00495,DXB-MAR,2026-01-06T23:00,1,18.0,evening,1
B0003011,C00398,DXB-DTN,2026-01-07T07:00,1,18.0,morning,1
B0003012,C00184,DXB-DEI,2026-01-07T07:00,1,32.0,morning,1
B0003013,C01542,DXB-MOE,2026-01-07T09:00,1,24.0,morning,1
B0003014,C00293,DXB-MAR,2026-01-07T09:00,2,50.0,morning,1
B0003015,C00334,DXB-DEI,2026-01-07T09:00,2,52.0,morning,1
B0003016,C00939,DXB-MOE,2026-01-07T10:00,2,64.0,morning,1
B0003017,C01758,DXB-MOE,2026-01-07T12:00,1,18.0,midday,1
B0003018,C00163,DXB-MOE,2026-01-07T12:00,1,18.0,midday,1
B0003019,C00179,DXB-DTN,2026-01-07T15:00,1,26.0,midday,1
B0003020,C01997,DXB-MOE,2026-01-07T15:00,3,84.0,midday,1
B0003021,C02202,DXB-DTN,2026-01-07T16:00,2,48.0,midday,1
B0003022,C00906,DXB-DTN,2026-01-07T16:00,2,42.0,midday,1
B0003023,C00135,DXB-MOE,2026-01-07T16:00,1,26.0,midday,1
B0003024,C01840,DXB-MAR,2026-01-07T17:00,2,44.0,evening,1
B0003025,C01862,DXB-DTN,2026-01-07T18:00,2,56.0,evening,1
B0003026,C02082,DXB-DTN,2026-01-07T19:00,2,48.0,evening,1
B0003027,C00236,DXB-MOE,2026-01-07T19:00,1,24.0,evening,1
B0003028,C00799,DXB-MOE,2026-01-07T19:00,1,18.0,evening,1
B0003029,C02272,DXB-DEI,2026-01-07T19:00,3,82.0,evening,1
B0003030,C00626,DXB-MAR,2026-01-07T20:00,4,114.0,evening,1
B0003031,C00718,DXB-MAR,2026-01-07T21:00,2,50.0,evening,1
B0003032,C00068,DXB-DEI,2026-01-07T21:00,1,32.0,evening,1
B0003033,C02088,DXB-MAR,2026-01-07T22:00,3,68.0,evening,1
B0003034,C01309,DXB-MAR,2026-01-07T22:00,2,50.0,evening,1
B0003035,C01189,DXB-DEI,2026-01-08T06:00,3,62.0,morning,1
B0003036,C01419,DXB-DEI,2026-01-08T07:00,1,32.0,morning,1
B0003037,C01531,DXB-DTN,2026-01-08T08:00,2,50.0,morning,1
B0003038,C01852,DXB-MAR,2026-01-08T08:00,2,50.0,morning,1
B0003039,C01478,DXB-DEI,2026-01-08T08:00,3,90.0,morning,1
B0003040,C00798,DXB-DTN,2026-01-08T09:00,2,42.0,morning,1
B0003041,C00636,DXB-MOE,2026-01-08T09:00,1,32.0,morning,1
B0003042,C01219,DXB-DEI,2026-01-08T09:00,1,18.0,morning,1
B0003043,C01094,DXB-DTN,2026-01-08T10:00,2,48.0,morning,1
B0003044,C01729,DXB-MOE,2026-01-08T10:00,2,58.0,morning,1
B0003045,C01014,DXB-DEI,2026-01-08T10:00,1,18.0,morning,1
B0003046,C00471,DXB-MOE,2026-01-08T11:00,2,56.0,midday,1
B0003047,C01642,DXB-MOE,2026-01-08T11:00,2,44.0,midday,1
B0003048,C01577,DXB-MAR,2026-01-08T11:00,1,18.0,midday,1
B0003049,C01463,DXB-DTN,2026-01-08T13:00,1,24.0,midday,1
B0003050,C01159,DXB-MAR,2026-01-08T13:00,2,48.0,midday,1
B0003051,C02362,DXB-DTN,2026-01-08T14:00,1,32.0,midday,1
B0003052,C01762,DXB-MOE,2026-01-08T15:00,1,18.0,midday,1
B0003053,C00782,DXB-DEI,2026-01-08T16:00,1,18.0,midday,1
B0003054,C01986,DXB-MOE,2026-01-08T17:00,1,26.0,evening,1
B0003055,C00778,DXB-MAR,2026-01-08T18:00,2,50.0,evening,1
B0003056,C01971,DXB-DEI,2026-01-08T18:00,2,58.0,evening,1
B0003057,C01725,DXB-DTN,2026-01-08T19:00,4,84.0,evening,1
B0003058,C01431,DXB-MOE,2026-01-08T19:00,1,18.0,evening,1
B0003059,C01780,DXB-MAR,2026-01-08T22:00,1,32.0,evening,1
B0003060,C00764,DXB-MAR,2026-01-08T22:00,2,48.0,evening,1
B0003061,C02076,DXB-MAR,2026-01-08T23:00,2,44.0,evening,1
B0003062,C00560,DXB-DEI,2026-01-09T06:00,1,26.0,morning,1
B0003063,C00928,DXB-DEI,2026-01-09T08:00,1,32.0,morning,1
B0003064,C00571,DXB-DEI,2026-01-09T08:00,1,18.0,morning,1
B0003065,C01086,DXB-DEI,2026-01-09T09:00,2,56.0,morning,1
B0003066,C01128,DXB-DTN,2026-01-09T10:00,3,90.0,morning,1
B0003067,C01569,DXB-DTN,2026-01-09T10:00,3,68.0,morning,1
B0003068,C01675,DXB-MAR,2026-01-09T10:00,1,32.0,morning,1
B0003069,C00742,DXB-MOE,2026-01-09T11:00,1,18.0,midday,1
B0003070,C00421,DXB-MOE,2026-01-09T11:00,2,52.0,midday,1
B0003071,C00642,DXB-MOE,2026-01-09T11:00,2,50.0,midday,1
B0003072,C00984,DXB-MAR,2026-01-09T11:00,1,18.0,midday,1
B0003073,C01995,DXB-DTN,2026-01-09T12:00,1,26.0,midday,1
B0003074,C01245,DXB-DTN,2026-01-09T14:00,1,18.0,midday,1
B0003075,C01274,DXB-DTN,2026-01-09T17:00,1,32.0,evening,1
B0003076,C00444,DXB-DTN,2026-01-09T18:00,1,32.0,evening,1
B0003077,C00373,DXB-DTN,2026-01-09T18:00,1,26.0,evening,1
B0003078,C00175,DXB-DTN,2026-01-09T18:00,2,50.0,evening,1
B0003079,C02390,DXB-DTN,2026-01-09T18:00,1,26.0,evening,1
B0003080,C00802,DXB-MAR,2026-01-09T18:00,2,56.0,evening,1
B0003081,C02227,DXB-MAR,2026-01-09T18:00,1,24.0,evening,1
B0003082,C00922,DXB-MAR,2026-01-09T18:00,3,82.0,evening,1
B0003083,C00313,DXB-DTN,2026-01-09T19:00,1,24.0,evening,1
B0003084,C02244,DXB-MOE,2026-01-09T19:00,2,36.0,evening,1
B0003085,C01745,DXB-MOE,2026-01-09T19:00,3,74.0,evening,1
B0003086,C02083,DXB-MOE,2026-01-09T19:00,2,42.0,evening,1
B0003087,C01373,DXB-MAR,2026-01-09T19:00,1,26.0,evening,1
B0003088,C00712,DXB-MAR,2026-01-09T19:00,1,18.0,evening,1
B0003089,C01753,DXB-MAR,2026-01-09T21:00,2,56.0,evening,1
B0003090,C00630,DXB-MAR,2026-01-09T21:00,2,44.0,evening,1
B0003091,C01783,DXB-MAR,2026-01-09T21:00,2,36.0,evening,1
B0003092,C01049,DXB-MOE,2026-01-09T22:00,1,18.0,evening,1
B0003093,C01337,DXB-MOE,2026-01-09T22:00,5,132.0,evening,1
B0003094,C00585,DXB-MAR,2026-01-09T22:00,1,18.0,evening,1
B0003095,C01034,DXB-MAR,2026-01-09T22:00,1,24.0,evening,1
B0003096,C02145,DXB-MAR,2026-01-09T22:00,1,18.0,evening,1
B0003097,C00759,DXB-MAR,2026-01-09T22:00,1,26.0,evening,1
B0003098,C00502,DXB-MAR,2026-01-09T23:00,3,74.0,evening,1
B0003099,C00662,DXB-DTN,2026-01-10T07:00,2,42.0,morning,1
B0003100,C01975,DXB-DTN,2026-01-10T08:00,1,32.0,morning,1
B0003101,C00723,DXB-DTN,2026-01-10T08:00,2,50.0,morning,1
B0003102,C02260,DXB-MAR,2026-01-10T08:00,1,24.0,morning,1
B0003103,C00439,DXB-DTN,2026-01-10T09:00,1,26.0,morning,1
B0003104,C00040,DXB-DTN,2026-01-10T09:00,1,24.0,morning,1
B0003105,C01970,DXB-DTN,2026-01-10T09:00,3,80.0,morning,1
B0003106,C00767,DXB-MOE,2026-01-10T09:00,2,42.0,morning,1
B0003107,C01256,DXB-MOE,2026-01-10T09:00,1,32.0,morning,1
B0003108,C00883,DXB-DTN,2026-01-10T10:00,2,44.0,morning,1
B0003109,C00811,DXB-MAR,2026-01-10T10:00,3,84.0,morning,1
B0003110,C01463,DXB-MAR,2026-01-10T11:00,1,32.0,midday,1
B0003111,C01230,DXB-MOE,2026-01-10T13:00,3,74.0,midday,1
B0003112,C01102,DXB-MOE,2026-01-10T13:00,2,58.0,midday,1
B0003113,C01337,DXB-MOE,2026-01-10T14:00,2,52.0,midday,1
B0003114,C00429,DXB-MOE,2026-01-10T14:00,3,60.0,midday,1
B0003115,C01862,DXB-DEI,2026-01-10T14:00,2,64.0,midday,1
B0003116,C00068,DXB-MOE,2026-01-10T16:00,2,42.0,midday,1
B0003117,C00442,DXB-MAR,2026-01-10T17:00,1,18.0,evening,1
B0003118,C01969,DXB-MAR,2026-01-10T18:00,1,24.0,evening,1
B0003119,C01096,DXB-MAR,2026-01-10T18:00,1,32.0,evening,1
B0003120,C01114,DXB-DEI,2026-01-10T18:00,1,24.0,evening,1
B0003121,C01852,DXB-DTN,2026-01-10T19:00,3,88.0,evening,1
B0003122,C01189,DXB-DTN,2026-01-10T19:00,2,48.0,evening,1
B0003123,C01637,DXB-MOE,2026-01-10T20:00,1,32.0,evening,1
B0003124,C00044,DXB-DEI,2026-01-10T20:00,2,44.0,evening,1
B0003125,C00061,DXB-DTN,2026-01-10T21:00,2,42.0,evening,1
B0003126,C01867,DXB-DEI,2026-01-10T21:00,2,50.0,evening,1
B0003127,C00116,DXB-DTN,2026-01-10T22:00,2,50.0,evening,1
B0003128,C01939,DXB-MAR,2026-01-10T23:00,2,52.0,evening,1
B0003129,C00135,DXB-DEI,2026-01-11T06:00,2,58.0,morning,1
B0003130,C01153,DXB-DTN,2026-01-11T08:00,4,100.0,morning,1
B0003131,C00516,DXB-DTN,2026-01-11T09:00,1,26.0,morning,1
B0003132,C00966,DXB-MAR,2026-01-11T09:00,2,58.0,morning,1
B0003133,C02137,DXB-MAR,2026-01-11T09:00,1,18.0,morning,1
B0003134,C00781,DXB-MAR,2026-01-11T09:00,1,18.0,morning,1
B0003135,C01638,DXB-DEI,2026-01-11T09:00,2,44.0,morning,1
B0003136,C01350,DXB-DEI,2026-01-11T09:00,1,18.0,morning,1
B0003137,C00962,DXB-MOE,2026-01-11T10:00,4,108.0,morning,1
B0003138,C01046,DXB-DEI,2026-01-11T10:00,2,44.0,morning,1
B0003139,C01817,DXB-DEI,2026-01-11T10:00,2,50.0,morning,1
B0003140,C02338,DXB-MAR,2026-01-11T11:00,3,82.0,midday,1
B0003141,C01802,DXB-MAR,2026-01-11T11:00,2,52.0,midday,1
B0003142,C01160,DXB-DTN,2026-01-11T12:00,4,94.0,midday,1
B0003143,C02058,DXB-MAR,2026-01-11T12:00,1,26.0,midday,1
B0003144,C01569,DXB-DEI,2026-01-11T16:00,2,44.0,midday,1
B0003145,C02103,DXB-MOE,2026-01-11T17:00,2,36.0,evening,1
B0003146,C00444,DXB-MAR,2026-01-11T17:00,6,144.0,evening,1
B0003147,C01182,DXB-DEI,2026-01-11T17:00,3,68.0,evening,1
B0003148,C02255,DXB-DTN,2026-01-11T18:00,1,24.0,evening,1
B0003149,C00383,DXB-DTN,2026-01-11T20:00,2,36.0,evening,1
B0003150,C01318,DXB-MOE,2026-01-11T20:00,3,66.0,evening,1
B0003151,C00477,DXB-MOE,2026-01-11T20:00,1,26.0,evening,1
B0003152,C01126,DXB-MAR,2026-01-11T21:00,2,50.0,evening,1
B0003153,C00858,DXB-DTN,2026-01-11T22:00,2,42.0,evening,1
B0003154,C02337,DXB-MOE,2026-01-11T22:00,1,26.0,evening,1
B0003155,C02323,DXB-MOE,2026-01-11T22:00,2,42.0,evening,1
B0003156,C01074,DXB-MAR,2026-01-11T22:00,2,48.0,evening,1
B0003157,C00432,DXB-MAR,2026-01-11T23:00,2,42.0,evening,1
B0003158,C00858,DXB-DEI,2026-01-12T06:00,2,44.0,morning,1
B0003159,C00911,DXB-MAR,2026-01-12T07:00,5,138.0,morning,1
B0003160,C00068,DXB-DEI,2026-01-12T08:00,2,58.0,morning,1
B0003161,C00035,DXB-DTN,2026-01-12T09:00,1,24.0,morning,1
B0003162,C00457,DXB-DTN,2026-01-12T09:00,1,32.0,morning,1
B0003163,C01220,DXB-MAR,2026-01-12T09:00,2,50.0,morning,1
B0003164,C01835,DXB-DTN,2026-01-12T10:00,2,56.0,morning,1
B0003165,C01585,DXB-DEI,2026-01-12T10:00,1,18.0,morning,1
B0003166,C01383,DXB-DTN,2026-01-12T11:00,2,64.0,midday,1
B0003167,C00834,DXB-MAR,2026-01-12T11:00,1,32.0,midday,1
B0003168,C00630,DXB-DEI,2026-01-12T11:00,1,18.0,midday,1
B0003169,C00241,DXB-MOE,2026-01-12T12:00,1,18.0,midday,1
B0003170,C02340,DXB-DTN,2026-01-12T15:00,2,42.0,midday,1
B0003171,C00279,DXB-MOE,2026-01-12T15:00,3,76.0,midday,1
B0003172,C00616,DXB-MOE,2026-01-12T16:00,3,90.0,midday,1
B0003173,C00463,DXB-MAR,2026-01-12T16:00,1,32.0,midday,1
B0003174,C00193,DXB-DEI,2026-01-12T17:00,1,32.0,evening,1
B0003175,C00746,DXB-DTN,2026-01-12T18:00,2,50.0,evening,1
B0003176,C02175,DXB-MOE,2026-01-12T18:00,1,32.0,evening,1
B0003177,C00872,DXB-MOE,2026-01-12T18:00,2,44.0,evening,1
B0003178,C01738,DXB-MOE,2026-01-12T18:00,2,58.0,evening,1
B0003179,C02010,DXB-MAR,2026-01-12T18:00,1,32.0,evening,1
B0003180,C01058,DXB-MAR,2026-01-12T19:00,1,26.0,evening,1
B0003181,C01780,DXB-MOE,2026-01-12T20:00,2,50.0,evening,1
B0003182,C00240,DXB-MOE,2026-01-12T20:00,2,44.0,evening,1
B0003183,C01692,DXB-MAR,2026-01-12T20:00,1,18.0,evening,1
B0003184,C00923,DXB-DEI,2026-01-12T20:00,2,58.0,evening,1
B0003185,C00379,DXB-MOE,2026-01-12T21:00,2,44.0,evening,1
B0003186,C01220,DXB-MAR,2026-01-12T21:00,2,50.0,evening,1
B0003187,C02263,DXB-DTN,2026-01-12T22:00,2,42.0,evening,1
B0003188,C00603,DXB-DTN,2026-01-12T22:00,2,64.0,evening,1
B0003189,C01355,DXB-MAR,2026-01-12T23:00,1,24.0,evening,1
B0003190,C02284,DXB-DEI,2026-01-13T06:00,1,32.0,morning,1
B0003191,C02279,DXB-DEI,2026-01-13T06:00,1,32.0,morning,1
B0003192,C00922,DXB-DTN,2026-01-13T08:00,1,32.0,morning,1
B0003193,C01978,DXB-DTN,2026-01-13T08:00,2,50.0,morning,1
B0003194,C00905,DXB-MOE,2026-01-13T09:00,1,32.0,morning,1
B0003195,C00346,DXB-MOE,2026-01-13T09:00,2,50.0,morning,1
B0003196,C00953,DXB-MAR,2026-01-13T10:00,3,76.0,morning,1
B0003197,C00072,DXB-MOE,2026-01-13T11:00,4,106.0,midday,1
B0003198,C01094,DXB-DTN,2026-01-13T12:00,2,58.0,midday,1
B0003199,C00379,DXB-DTN,2026-01-13T12:00,2,48.0,midday,1
B0003200,C00932,DXB-MOE,2026-01-13T13:00,1,18.0,midday,1
B0003201,C01411,DXB-MAR,2026-01-13T17:00,2,58.0,evening,1
B0003202,C01861,DXB-DTN,2026-01-13T18:00,1,32.0,evening,1
B0003203,C00108,DXB-MAR,2026-01-13T18:00,2,44.0,evening,1
B0003204,C00659,DXB-MAR,2026-01-13T19:00,1,24.0,evening,1
B0003205,C01994,DXB-DEI,2026-01-13T19:00,1,26.0,evening,1
B0003206,C00905,DXB-MAR,2026-01-13T20:00,2,52.0,evening,1
B0003207,C01042,DXB-DEI,2026-01-13T21:00,1,32.0,evening,1
B0003208,C02088,DXB-DTN,2026-01-13T22:00,1,32.0,evening,1
B0003209,C00378,DXB-DEI,2026-01-14T07:00,1,26.0,morning,1
B0003210,C00370,DXB-DTN,2026-01-14T08:00,1,32.0,morning,1
B0003211,C00156,DXB-DTN,2026-01-14T08:00,1,32.0,morning,1
B0003212,C00032,DXB-MOE,2026-01-14T11:00,2,44.0,midday,1
B0003213,C01263,DXB-MOE,2026-01-14T13:00,1,32.0,midday,1
B0003214,C00648,DXB-DEI,2026-01-14T14:00,2,42.0,midday,1
B0003215,C01629,DXB-MOE,2026-01-14T15:00,1,32.0,midday,1
B0003216,C01854,DXB-MAR,2026-01-14T15:00,2,64.0,midday,1
B0003217,C00552,DXB-MAR,2026-01-14T16:00,1,32.0,midday,1
B0003218,C01719,DXB-MOE,2026-01-14T17:00,1,18.0,evening,1
B0003219,C01761,DXB-DEI,2026-01-14T17:00,1,18.0,evening,1
B0003220,C00624,DXB-DTN,2026-01-14T18:00,1,32.0,evening,1
B0003221,C00867,DXB-MOE,2026-01-14T18:00,2,50.0,evening,1
B0003222,C01111,DXB-DTN,2026-01-14T19:00,2,42.0,evening,1
B0003223,C00439,DXB-MAR,2026-01-14T19:00,2,56.0,evening,1
B0003224,C00094,DXB-MOE,2026-01-14T20:00,2,56.0,evening,1
B0003225,C01042,DXB-MOE,2026-01-14T20:00,3,76.0,evening,1
B0003226,C00133,DXB-MAR,2026-01-14T20:00,2,50.0,evening,1
B0003227,C00759,DXB-MAR,2026-01-14T20:00,1,24.0,evening,1
B0003228,C02136,DXB-MAR,2026-01-14T20:00,1,32.0,evening,1
B0003229,C00259,DXB-MAR,2026-01-14T21:00,1,26.0,evening,1
B0003230,C00764,DXB-DTN,2026-01-14T22:00,1,32.0,evening,1
B0003231,C01721,DXB-MAR,2026-01-14T22:00,2,42.0,evening,1
B0003232,C01086,DXB-MAR,2026-01-14T23:00,2,36.0,evening,1
B0003233,C01094,DXB-MOE,2026-01-15T08:00,3,88.0,morning,1
B0003234,C01612,DXB-DTN,2026-01-15T09:00,1,24.0,morning,1
B0003235,C02344,DXB-DTN,2026-01-15T09:00,3,96.0,morning,1
B0003236,C00275,DXB-MAR,2026-01-15T10:00,1,18.0,morning,1
B0003237,C00150,DXB-DEI,2026-01-15T10:00,3,88.0,morning,1
B0003238,C01468,DXB-DEI,2026-01-15T10:00,1,26.0,morning,1
B0003239,C01411,DXB-DEI,2026-01-15T15:00,2,64.0,midday,1
B0003240,C01154,DXB-MOE,2026-01-15T16:00,1,32.0,midday,1
B0003241,C01577,DXB-MAR,2026-01-15T17:00,2,50.0,evening,1
B0003242,C01410,DXB-DTN,2026-01-15T18:00,2,50.0,evening,1
B0003243,C01399,DXB-MAR,2026-01-15T18:00,2,36.0,evening,1
B0003244,C00135,DXB-MAR,2026-01-15T18:00,2,58.0,evening,1
B0003245,C00262,DXB-MOE,2026-01-15T19:00,1,24.0,evening,1
B0003246,C00909,DXB-MAR,2026-01-15T19:00,2,64.0,evening,1
B0003247,C02215,DXB-MAR,2026-01-15T19:00,2,50.0,evening,1
B0003248,C00495,DXB-MOE,2026-01-15T20:00,1,24.0,evening,1
B0003249,C00872,DXB-MAR,2026-01-15T20:00,1,32.0,evening,1
B0003250,C00439,DXB-DTN,2026-01-15T22:00,2,64.0,evening,1
B0003251,C01892,DXB-MAR,2026-01-15T22:00,3,74.0,evening,1
B0003252,C00463,DXB-MAR,2026-01-16T07:00,2,58.0,morning,1
B0003253,C01862,DXB-DEI,2026-01-16T07:00,1,32.0,morning,1
B0003254,C00697,DXB-MAR,2026-01-16T08:00,4,100.0,morning,1
B0003255,C02051,DXB-DEI,2026-01-16T08:00,3,76.0,morning,1
B0003256,C01840,DXB-MOE,2026-01-16T09:00,1,26.0,morning,1
B0003257,C00119,DXB-DEI,2026-01-16T09:00,1,32.0,morning,1
B0003258,C00115,DXB-DTN,2026-01-16T10:00,1,24.0,morning,1
B0003259,C00213,DXB-DEI,2026-01-16T10:00,3,90.0,morning,1
B0003260,C01371,DXB-DTN,2026-01-16T11:00,1,26.0,midday,1
B0003261,C01216,DXB-MOE,2026-01-16T11:00,1,18.0,midday,1
B0003262,C02380,DXB-DTN,2026-01-16T12:00,1,24.0,midday,1
B0003263,C00828,DXB-DTN,2026-01-16T13:00,2,64.0,midday,1
B0003264,C01847,DXB-MAR,2026-01-16T13:00,1,24.0,midday,1
B0003265,C00596,DXB-DTN,2026-01-16T14:00,2,42.0,midday,1
B0003266,C02285,DXB-MAR,2026-01-16T15:00,1,32.0,midday,1
B0003267,C00500,DXB-MOE,2026-01-16T16:00,1,26.0,midday,1
B0003268,C01232,DXB-MOE,2026-01-16T18:00,3,68.0,evening,1
B0003269,C00362,DXB-MAR,2026-01-16T18:00,1,26.0,evening,1
B0003270,C00610,DXB-DTN,2026-01-16T20:00,1,24.0,evening,1
B0003271,C02190,DXB-MAR,2026-01-16T20:00,2,50.0,evening,1
B0003272,C00444,DXB-MAR,2026-01-16T20:00,1,26.0,evening,1
B0003273,C01193,DXB-DTN,2026-01-16T22:00,5,130.0,evening,1
B0003274,C00802,DXB-MOE,2026-01-16T22:00,1,24.0,evening,1
B0003275,C02263,DXB-MAR,2026-01-16T22:00,2,48.0,evening,1
B0003276,C01735,DXB-MAR,2026-01-16T22:00,1,26.0,evening,1
B0003277,C01720,DXB-MAR,2026-01-16T23:00,2,50.0,evening,1
B0003278,C00463,DXB-MAR,2026-01-16T23:00,1,26.0,evening,1
B0003279,C00630,DXB-DTN,2026-01-17T08:00,1,26.0,morning,1
B0003280,C00591,DXB-DTN,2026-01-17T08:00,1,26.0,morning,1
B0003281,C01780,DXB-MOE,2026-01-17T09:00,3,74.0,morning,1
B0003282,C02224,DXB-MOE,2026-01-17T09:00,1,24.0,morning,1
B0003283,C00862,DXB-DEI,2026-01-17T09:00,1,18.0,morning,1
B0003284,C01513,DXB-DEI,2026-01-17T09:00,2,50.0,morning,1
B0003285,C00444,DXB-DTN,2026-01-17T10:00,2,56.0,morning,1
B0003286,C01862,DXB-DEI,2026-01-17T10:00,2,58.0,morning,1
B0003287,C00659,DXB-DTN,2026-01-17T11:00,1,18.0,midday,1
B0003288,C00222,DXB-MOE,2026-01-17T11:00,2,42.0,midday,1
B0003289,C00032,DXB-MOE,2026-01-17T11:00,2,56.0,midday,1
B0003290,C01096,DXB-MOE,2026-01-17T13:00,4,86.0,midday,1
B0003291,C00252,DXB-DEI,2026-01-17T15:00,1,18.0,midday,1
B0003292,C00201,DXB-MOE,2026-01-17T17:00,1,18.0,evening,1
B0003293,C01720,DXB-MAR,2026-01-17T18:00,3,84.0,evening,1
B0003294,C00942,DXB-DEI,2026-01-17T18:00,1,24.0,evening,1
B0003295,C00032,DXB-DTN,2026-01-17T20:00,1,24.0,evening,1
B0003296,C01469,DXB-DTN,2026-01-17T20:00,1,32.0,evening,1
B0003297,C01268,DXB-DTN,2026-01-17T20:00,2,52.0,evening,1
B0003298,C00304,DXB-MAR,2026-01-17T20:00,2,50.0,evening,1
B0003299,C00779,DXB-DTN,2026-01-17T21:00,4,86.0,evening,1
B0003300,C00150,DXB-MAR,2026-01-17T21:00,4,94.0,evening,1
B0003301,C00884,DXB-DEI,2026-01-18T06:00,1,26.0,morning,1
B0003302,C01386,DXB-MAR,2026-01-18T07:00,2,42.0,morning,1
B0003303,C01779,DXB-DEI,2026-01-18T08:00,2,50.0,morning,1
B0003304,C02051,DXB-DTN,2026-01-18T10:00,1,24.0,morning,1
B0003305,C01735,DXB-DTN,2026-01-18T12:00,2,56.0,midday,1
B0003306,C00659,DXB-DEI,2026-01-18T12:00,1,32.0,midday,1
B0003307,C00605,DXB-MOE,2026-01-18T13:00,3,68.0,midday,1
B0003308,C00308,DXB-MAR,2026-01-18T13:00,1,32.0,midday,1
B0003309,C01149,DXB-MAR,2026-01-18T16:00,2,56.0,midday,1
B0003310,C02338,DXB-DTN,2026-01-18T17:00,1,26.0,evening,1
B0003311,C00064,DXB-MOE,2026-01-18T17:00,2,52.0,evening,1
B0003312,C01552,DXB-MOE,2026-01-18T18:00,1,26.0,evening,1
B0003313,C01920,DXB-MOE,2026-01-18T18:00,1,26.0,evening,1
B0003314,C00901,DXB-MAR,2026-01-18T18:00,1,32.0,evening,1
B0003315,C01780,DXB-MAR,2026-01-18T18:00,1,18.0,evening,1
B0003316,C00275,DXB-MAR,2026-01-18T19:00,3,76.0,evening,1
B0003317,C00092,DXB-DEI,2026-01-18T19:00,1,32.0,evening,1
B0003318,C02347,DXB-DTN,2026-01-18T20:00,2,48.0,evening,1
B0003319,C01890,DXB-MOE,2026-01-18T20:00,1,32.0,evening,1
B0003320,C00046,DXB-MAR,2026-01-18T20:00,2,44.0,evening,1
B0003321,C01254,DXB-DTN,2026-01-18T21:00,1,24.0,evening,1
B0003322,C00769,DXB-DTN,2026-01-18T21:00,1,26.0,evening,1
B0003323,C01513,DXB-MAR,2026-01-18T21:00,1,26.0,evening,1
B0003324,C02262,DXB-MOE,2026-01-18T22:00,2,44.0,evening,1
B0003325,C01204,DXB-MAR,2026-01-18T22:00,1,26.0,evening,1
B0003326,C00328,DXB-DEI,2026-01-19T07:00,1,32.0,morning,1
B0003327,C02242,DXB-DEI,2026-01-19T08:00,2,50.0,morning,1
B0003328,C01337,DXB-DEI,2026-01-19T08:00,1,26.0,morning,1
B0003329,C01865,DXB-DEI,2026-01-19T08:00,1,18.0,morning,1
B0003330,C02285,DXB-DTN,2026-01-19T09:00,3,88.0,morning,1
B0003331,C00778,DXB-MAR,2026-01-19T09:00,1,18.0,morning,1
B0003332,C01623,DXB-MOE,2026-01-19T11:00,2,44.0,midday,1
B0003333,C01491,DXB-MAR,2026-01-19T11:00,2,44.0,midday,1
B0003334,C00586,DXB-MOE,2026-01-19T15:00,1,24.0,midday,1
B0003335,C02112,DXB-DTN,2026-01-19T16:00,3,74.0,midday,1
B0003336,C00399,DXB-MAR,2026-01-19T17:00,1,32.0,evening,1
B0003337,C00655,DXB-MAR,2026-01-19T18:00,2,56.0,evening,1
B0003338,C00410,DXB-DTN,2026-01-19T20:00,1,32.0,evening,1
B0003339,C01176,DXB-MOE,2026-01-19T21:00,1,26.0,evening,1
B0003340,C00092,DXB-MAR,2026-01-19T21:00,3,76.0,evening,1
B0003341,C00779,DXB-DTN,2026-01-20T07:00,2,64.0,morning,1
B0003342,C00938,DXB-DEI,2026-01-20T07:00,1,26.0,morning,1
B0003343,C01977,DXB-DEI,2026-01-20T08:00,1,18.0,morning,1
B0003344,C01531,DXB-DEI,2026-01-20T08:00,2,56.0,morning,1
B0003345,C01577,DXB-DTN,2026-01-20T09:00,1,24.0,morning,1
B0003346,C02169,DXB-MOE,2026-01-20T09:00,2,58.0,morning,1
B0003347,C01388,DXB-MAR,2026-01-20T09:00,2,48.0,morning,1
B0003348,C01771,DXB-DEI,2026-01-20T10:00,1,32.0,morning,1
B0003349,C01895,DXB-DTN,2026-01-20T11:00,2,42.0,midday,1
B0003350,C01422,DXB-MAR,2026-01-20T11:00,3,54.0,midday,1
B0003351,C02356,DXB-MOE,2026-01-20T14:00,2,50.0,midday,1
B0003352,C02221,DXB-MAR,2026-01-20T14:00,2,50.0,midday,1
B0003353,C00164,DXB-DTN,2026-01-20T17:00,2,58.0,evening,1
B0003354,C00084,DXB-MOE,2026-01-20T18:00,1,18.0,evening,1
B0003355,C01264,DXB-MAR,2026-01-20T18:00,2,44.0,evening,1
B0003356,C01507,DXB-DEI,2026-01-20T18:00,2,64.0,evening,1
B0003357,C00115,DXB-DTN,2026-01-20T19:00,1,26.0,evening,1
B0003358,C00304,DXB-MOE,2026-01-20T19:00,1,24.0,evening,1
B0003359,C00683,DXB-MAR,2026-01-20T19:00,1,26.0,evening,1
B0003360,C01028,DXB-DTN,2026-01-20T20:00,1,26.0,evening,1
B0003361,C01133,DXB-MAR,2026-01-20T21:00,3,68.0,evening,1
B0003362,C01095,DXB-MAR,2026-01-20T23:00,3,72.0,evening,1
B0003363,C01986,DXB-DEI,2026-01-21T06:00,3,88.0,morning,1
B0003364,C01094,DXB-DEI,2026-01-21T06:00,1,18.0,morning,1
B0003365,C02051,DXB-DTN,2026-01-21T07:00,3,68.0,morning,1
B0003366,C01194,DXB-MOE,2026-01-21T08:00,1,26.0,morning,1
B0003367,C01433,DXB-MOE,2026-01-21T08:00,1,26.0,morning,1
B0003368,C00495,DXB-DEI,2026-01-21T09:00,2,50.0,morning,1
B0003369,C01861,DXB-DEI,2026-01-21T10:00,1,32.0,morning,1
B0003370,C01967,DXB-MOE,2026-01-21T11:00,2,36.0,midday,1
B0003371,C00193,DXB-MOE,2026-01-21T11:00,2,44.0,midday,1
B0003372,C02398,DXB-MAR,2026-01-21T12:00,2,50.0,midday,1
B0003373,C00797,DXB-MOE,2026-01-21T13:00,1,26.0,midday,1
B0003374,C01170,DXB-MOE,2026-01-21T14:00,1,18.0,midday,1
B0003375,C01703,DXB-MOE,2026-01-21T15:00,2,52.0,midday,1
B0003376,C01424,DXB-MOE,2026-01-21T16:00,2,50.0,midday,1
B0003377,C02357,DXB-MAR,2026-01-21T16:00,2,58.0,midday,1
B0003378,C01154,DXB-MAR,2026-01-21T16:00,1,32.0,midday,1
B0003379,C02265,DXB-MOE,2026-01-21T17:00,1,24.0,evening,1
B0003380,C01030,DXB-MOE,2026-01-21T17:00,1,24.0,evening,1
B0003381,C01764,DXB-MOE,2026-01-21T18:00,1,18.0,evening,1
B0003382,C00239,DXB-MOE,2026-01-21T18:00,1,18.0,evening,1
B0003383,C01671,DXB-MAR,2026-01-21T18:00,1,24.0,evening,1
B0003384,C00410,DXB-MAR,2026-01-21T18:00,1,18.0,evening,1
B0003385,C00209,DXB-DTN,2026-01-21T19:00,1,18.0,evening,1
B0003386,C01584,DXB-DEI,2026-01-21T20:00,2,42.0,evening,1
B0003387,C00495,DXB-MAR,2026-01-21T21:00,1,18.0,evening,1
B0003388,C01499,DXB-MAR,2026-01-21T22:00,1,24.0,evening,1
B0003389,C01862,DXB-DEI,2026-01-22T06:00,1,26.0,morning,1
B0003390,C01149,DXB-MAR,2026-01-22T07:00,1,32.0,morning,1
B0003391,C01045,DXB-DEI,2026-01-22T07:00,3,74.0,morning,1
B0003392,C01873,DXB-MOE,2026-01-22T08:00,1,18.0,morning,1
B0003393,C01994,DXB-DTN,2026-01-22T09:00,1,24.0,morning,1
B0003394,C01824,DXB-DTN,2026-01-22T10:00,2,44.0,morning,1
B0003395,C00226,DXB-DTN,2026-01-22T10:00,1,18.0,morning,1
B0003396,C02263,DXB-MOE,2026-01-22T10:00,2,50.0,morning,1
B0003397,C00429,DXB-DTN,2026-01-22T12:00,3,62.0,midday,1
B0003398,C00033,DXB-DTN,2026-01-22T14:00,3,82.0,midday,1
B0003399,C00087,DXB-DTN,2026-01-22T18:00,1,32.0,evening,1
B0003400,C01337,DXB-MOE,2026-01-22T18:00,1,18.0,evening,1
B0003401,C01127,DXB-MOE,2026-01-22T18:00,2,42.0,evening,1
B0003402,C01862,DXB-DEI,2026-01-22T18:00,1,24.0,evening,1
B0003403,C01780,DXB-MOE,2026-01-22T19:00,2,42.0,evening,1
B0003404,C00330,DXB-MAR,2026-01-22T20:00,3,82.0,evening,1
B0003405,C00463,DXB-MAR,2026-01-22T21:00,2,36.0,evening,1
B0003406,C01899,DXB-MAR,2026-01-22T21:00,1,24.0,evening,1
B0003407,C00573,DXB-DTN,2026-01-23T07:00,2,50.0,morning,1
B0003408,C00444,DXB-MAR,2026-01-23T07:00,3,66.0,morning,1
B0003409,C00928,DXB-DEI,2026-01-23T07:00,2,56.0,morning,1
B0003410,C01417,DXB-DTN,2026-01-23T08:00,2,50.0,morning,1
B0003411,C01049,DXB-DTN,2026-01-23T08:00,3,78.0,morning,1
B0003412,C02058,DXB-MOE,2026-01-23T08:00,2,42.0,morning,1
B0003413,C01388,DXB-MOE,2026-01-23T09:00,3,66.0,morning,1
B0003414,C01912,DXB-MAR,2026-01-23T09:00,1,32.0,morning,1
B0003415,C01762,DXB-MAR,2026-01-23T09:00,2,64.0,morning,1
B0003416,C01592,DXB-DTN,2026-01-23T10:00,2,58.0,morning,1
B0003417,C00860,DXB-MAR,2026-01-23T10:00,3,88.0,morning,1
B0003418,C01554,DXB-DTN,2026-01-23T12:00,3,60.0,midday,1
B0003419,C01587,DXB-MOE,2026-01-23T13:00,3,84.0,midday,1
B0003420,C02237,DXB-MOE,2026-01-23T15:00,1,32.0,midday,1
B0003421,C01336,DXB-MAR,2026-01-23T16:00,2,42.0,midday,1
B0003422,C02332,DXB-MAR,2026-01-23T16:00,1,26.0,midday,1
B0003423,C00072,DXB-DEI,2026-01-23T16:00,1,26.0,midday,1
B0003424,C01684,DXB-MOE,2026-01-23T18:00,3,82.0,evening,1
B0003425,C02058,DXB-MOE,2026-01-23T18:00,2,56.0,evening,1
B0003426,C00450,DXB-MAR,2026-01-23T18:00,2,48.0,evening,1
B0003427,C01376,DXB-MOE,2026-01-23T19:00,1,24.0,evening,1
B0003428,C00688,DXB-MOE,2026-01-23T19:00,3,76.0,evening,1
B0003429,C02379,DXB-DTN,2026-01-23T20:00,1,26.0,evening,1
B0003430,C01384,DXB-MOE,2026-01-23T20:00,2,42.0,evening,1
B0003431,C00147,DXB-MAR,2026-01-23T20:00,2,58.0,evening,1
B0003432,C00386,DXB-MAR,2026-01-23T20:00,1,26.0,evening,1
B0003433,C00499,DXB-DTN,2026-01-23T21:00,1,18.0,evening,1
B0003434,C00765,DXB-MOE,2026-01-23T21:00,1,32.0,evening,1
B0003435,C01683,DXB-MAR,2026-01-23T21:00,1,32.0,evening,1
B0003436,C00068,DXB-MAR,2026-01-23T22:00,2,42.0,evening,1
B0003437,C00335,DXB-MAR,2026-01-23T23:00,2,56.0,evening,1
B0003438,C01096,DXB-DEI,2026-01-24T07:00,1,26.0,morning,1
B0003439,C00016,DXB-DTN,2026-01-24T08:00,2,56.0,morning,1
B0003440,C02088,DXB-DTN,2026-01-24T08:00,3,76.0,morning,1
B0003441,C01725,DXB-MAR,2026-01-24T08:00,2,56.0,morning,1
B0003442,C01337,DXB-MAR,2026-01-24T08:00,1,32.0,morning,1
B0003443,C00209,DXB-DEI,2026-01-24T08:00,1,32.0,morning,1
B0003444,C01447,DXB-DTN,2026-01-24T09:00,1,32.0,morning,1
B0003445,C01862,DXB-DTN,2026-01-24T09:00,2,36.0,morning,1
B0003446,C01174,DXB-MOE,2026-01-24T09:00,2,50.0,morning,1
B0003447,C01745,DXB-MOE,2026-01-24T10:00,1,24.0,morning,1
B0003448,C01337,DXB-MAR,2026-01-24T10:00,2,36.0,morning,1
B0003449,C02337,DXB-DTN,2026-01-24T16:00,2,50.0,midday,1
B0003450,C01424,DXB-DTN,2026-01-24T16:00,2,56.0,midday,1
B0003451,C02085,DXB-DTN,2026-01-24T16:00,3,68.0,midday,1
B0003452,C00419,DXB-MOE,2026-01-24T18:00,3,68.0,evening,1
B0003453,C01862,DXB-MAR,2026-01-24T19:00,3,82.0,evening,1
B0003454,C00193,DXB-DEI,2026-01-24T20:00,2,50.0,evening,1
B0003455,C00264,DXB-MAR,2026-01-24T21:00,1,32.0,evening,1
B0003456,C00020,DXB-MAR,2026-01-24T21:00,1,26.0,evening,1
B0003457,C00092,DXB-DTN,2026-01-24T22:00,3,60.0,evening,1
B0003458,C01373,DXB-MAR,2026-01-24T22:00,2,36.0,evening,1
B0003459,C00775,DXB-MAR,2026-01-24T22:00,1,24.0,evening,1
B0003460,C00698,DXB-MAR,2026-01-24T23:00,1,26.0,evening,1
B0003461,C02359,DXB-MAR,2026-01-24T23:00,3,76.0,evening,1
B0003462,C00587,DXB-DEI,2026-01-25T07:00,1,26.0,morning,1
B0003463,C01852,DXB-DEI,2026-01-25T07:00,2,64.0,morning,1
B0003464,C00595,DXB-MOE,2026-01-25T08:00,1,32.0,morning,1
B0003465,C00463,DXB-MAR,2026-01-25T08:00,2,36.0,morning,1
B0003466,C00305,DXB-MOE,2026-01-25T09:00,1,24.0,morning,1
B0003467,C01780,DXB-MOE,2026-01-25T09:00,2,50.0,morning,1
B0003468,C02312,DXB-DEI,2026-01-25T09:00,3,62.0,morning,1
B0003469,C00547,DXB-MOE,2026-01-25T10:00,3,68.0,morning,1
B0003470,C00612,DXB-MOE,2026-01-25T10:00,1,32.0,morning,1
B0003471,C01591,DXB-MAR,2026-01-25T12:00,2,42.0,midday,1
B0003472,C01496,DXB-MOE,2026-01-25T14:00,1,18.0,midday,1
B0003473,C01043,DXB-DTN,2026-01-25T15:00,1,18.0,midday,1
B0003474,C02127,DXB-MOE,2026-01-25T16:00,2,42.0,midday,1
B0003475,C00108,DXB-DTN,2026-01-25T18:00,1,24.0,evening,1
B0003476,C00277,DXB-MOE,2026-01-25T18:00,3,68.0,evening,1
B0003477,C00742,DXB-DTN,2026-01-25T19:00,1,24.0,evening,1
B0003478,C01133,DXB-DEI,2026-01-25T19:00,2,42.0,evening,1
B0003479,C00165,DXB-DTN,2026-01-25T20:00,2,50.0,evening,1
B0003480,C00328,DXB-MAR,2026-01-25T20:00,2,56.0,evening,1
B0003481,C01114,DXB-MAR,2026-01-25T21:00,4,84.0,evening,1
B0003482,C01491,DXB-DTN,2026-01-25T22:00,1,32.0,evening,1
B0003483,C01199,DXB-MAR,2026-01-25T22:00,2,50.0,evening,1
B0003484,C01605,DXB-MAR,2026-01-25T23:00,2,50.0,evening,1
B0003485,C01350,DXB-MAR,2026-01-25T23:00,2,36.0,evening,1
B0003486,C02241,DXB-MAR,2026-01-25T23:00,2,44.0,evening,1
B0003487,C02310,DXB-DEI,2026-01-26T06:00,4,92.0,morning,1
B0003488,C00391,DXB-DTN,2026-01-26T07:00,2,42.0,morning,1
B0003489,C01863,DXB-DTN,2026-01-26T08:00,2,64.0,morning,1
B0003490,C01040,DXB-MOE,2026-01-26T09:00,2,44.0,morning,1
B0003491,C00445,DXB-MOE,2026-01-26T14:00,1,24.0,midday,1
B0003492,C00655,DXB-MOE,2026-01-26T15:00,1,18.0,midday,1
B0003493,C00032,DXB-DTN,2026-01-26T16:00,2,56.0,midday,1
B0003494,C00659,DXB-MOE,2026-01-26T16:00,1,18.0,midday,1
B0003495,C01813,DXB-MAR,2026-01-26T16:00,4,84.0,midday,1
B0003496,C00311,DXB-DTN,2026-01-26T17:00,2,50.0,evening,1
B0003497,C01623,DXB-MAR,2026-01-26T17:00,2,50.0,evening,1
B0003498,C00959,DXB-DTN,2026-01-26T18:00,1,26.0,evening,1
B0003499,C00416,DXB-MAR,2026-01-26T18:00,3,82.0,evening,1
B0003500,C00275,DXB-MAR,2026-01-26T18:00,1,24.0,evening,1
B0003501,C00240,DXB-MAR,2026-01-26T19:00,2,44.0,evening,1
B0003502,C01337,DXB-MAR,2026-01-26T20:00,3,76.0,evening,1
B0003503,C01289,DXB-MAR,2026-01-26T21:00,1,24.0,evening,1
B0003504,C00901,DXB-MAR,2026-01-26T21:00,1,18.0,evening,1
B0003505,C02057,DXB-DTN,2026-01-26T22:00,2,58.0,evening,1
B0003506,C02305,DXB-MOE,2026-01-26T22:00,1,24.0,evening,1
B0003507,C00331,DXB-MAR,2026-01-26T23:00,2,58.0,evening,1
B0003508,C00368,DXB-DTN,2026-01-27T08:00,2,48.0,morning,1
B0003509,C01526,DXB-MOE,2026-01-27T08:00,1,26.0,morning,1
B0003510,C01712,DXB-MAR,2026-01-27T08:00,1,18.0,morning,1
B0003511,C01847,DXB-DEI,2026-01-27T09:00,2,52.0,morning,1
B0003512,C00862,DXB-MAR,2026-01-27T10:00,2,52.0,morning,1
B0003513,C02148,DXB-DTN,2026-01-27T11:00,2,36.0,midday,1
B0003514,C01181,DXB-MOE,2026-01-27T11:00,1,18.0,midday,1
B0003515,C01665,DXB-MOE,2026-01-27T11:00,1,18.0,midday,1
B0003516,C02271,DXB-DEI,2026-01-27T11:00,1,24.0,midday,1
B0003517,C00429,DXB-MOE,2026-01-27T12:00,2,50.0,midday,1
B0003518,C00855,DXB-MOE,2026-01-27T14:00,1,24.0,midday,1
B0003519,C00888,DXB-MOE,2026-01-27T14:00,2,58.0,midday,1
B0003520,C01532,DXB-MOE,2026-01-27T16:00,2,42.0,midday,1
B0003521,C00270,DXB-DEI,2026-01-27T16:00,1,26.0,midday,1
B0003522,C01967,DXB-MOE,2026-01-27T18:00,1,18.0,evening,1
B0003523,C00554,DXB-MAR,2026-01-27T18:00,3,76.0,evening,1
B0003524,C00070,DXB-MAR,2026-01-27T18:00,3,76.0,evening,1
B0003525,C01232,DXB-DTN,2026-01-27T19:00,1,26.0,evening,1
B0003526,C00998,DXB-MOE,2026-01-27T19:00,1,24.0,evening,1
B0003527,C00020,DXB-MAR,2026-01-27T19:00,1,24.0,evening,1
B0003528,C01504,DXB-MAR,2026-01-27T19:00,1,24.0,evening,1
B0003529,C00150,DXB-MAR,2026-01-27T19:00,1,18.0,evening,1
B0003530,C01658,DXB-MAR,2026-01-27T20:00,2,42.0,evening,1
B0003531,C00926,DXB-MAR,2026-01-27T21:00,2,42.0,evening,1
B0003532,C00876,DXB-MOE,2026-01-27T22:00,2,58.0,evening,1
B0003533,C01996,DXB-MOE,2026-01-27T22:00,1,26.0,evening,1
B0003534,C01751,DXB-MOE,2026-01-27T22:00,2,44.0,evening,1
B0003535,C00983,DXB-MAR,2026-01-27T22:00,1,18.0,evening,1
B0003536,C02385,DXB-DEI,2026-01-28T06:00,1,32.0,morning,1
B0003537,C02024,DXB-DTN,2026-01-28T07:00,1,18.0,morning,1
B0003538,C01254,DXB-MOE,2026-01-28T08:00,2,48.0,morning,1
B0003539,C00915,DXB-DTN,2026-01-28T09:00,2,56.0,morning,1
B0003540,C02158,DXB-DEI,2026-01-28T09:00,2,42.0,morning,1
B0003541,C01853,DXB-DTN,2026-01-28T10:00,2,42.0,morning,1
B0003542,C01994,DXB-DTN,2026-01-28T10:00,1,32.0,morning,1
B0003543,C00871,DXB-MOE,2026-01-28T10:00,1,18.0,morning,1
B0003544,C01600,DXB-DTN,2026-01-28T11:00,1,32.0,midday,1
B0003545,C00242,DXB-MOE,2026-01-28T11:00,1,18.0,midday,1
B0003546,C01059,DXB-MAR,2026-01-28T12:00,2,44.0,midday,1
B0003547,C01424,DXB-MAR,2026-01-28T12:00,1,18.0,midday,1
B0003548,C01230,DXB-DTN,2026-01-28T15:00,1,24.0,midday,1
B0003549,C01967,DXB-MOE,2026-01-28T15:00,2,42.0,midday,1
B0003550,C02262,DXB-MOE,2026-01-28T15:00,3,88.0,midday,1
B0003551,C00330,DXB-MAR,2026-01-28T15:00,3,82.0,midday,1
B0003552,C00421,DXB-MAR,2026-01-28T16:00,2,42.0,midday,1
B0003553,C01740,DXB-DTN,2026-01-28T17:00,2,50.0,evening,1
B0003554,C00546,DXB-DEI,2026-01-28T17:00,2,56.0,evening,1
B0003555,C00495,DXB-DTN,2026-01-28T18:00,1,24.0,evening,1
B0003556,C02088,DXB-DTN,2026-01-28T18:00,2,42.0,evening,1
B0003557,C01790,DXB-DTN,2026-01-28T18:00,1,26.0,evening,1
B0003558,C00210,DXB-MAR,2026-01-28T18:00,2,56.0,evening,1
B0003559,C01496,DXB-MAR,2026-01-28T20:00,1,18.0,evening,1
B0003560,C00519,DXB-DTN,2026-01-28T21:00,2,50.0,evening,1
B0003561,C02320,DXB-DTN,2026-01-28T21:00,1,18.0,evening,1
B0003562,C01898,DXB-MAR,2026-01-28T21:00,2,50.0,evening,1
B0003563,C00915,DXB-MAR,2026-01-28T21:00,1,32.0,evening,1
B0003564,C01295,DXB-DTN,2026-01-28T22:00,2,50.0,evening,1
B0003565,C01215,DXB-MAR,2026-01-28T22:00,1,26.0,evening,1
B0003566,C01424,DXB-MAR,2026-01-28T23:00,1,18.0,evening,1
B0003567,C00502,DXB-MAR,2026-01-28T23:00,1,18.0,evening,1
B0003568,C00277,DXB-DEI,2026-01-29T06:00,1,18.0,morning,1
B0003569,C01862,DXB-DTN,2026-01-29T08:00,1,32.0,morning,1
B0003570,C00930,DXB-MOE,2026-01-29T08:00,2,50.0,morning,1
B0003571,C01422,DXB-MAR,2026-01-29T08:00,2,50.0,morning,1
B0003572,C01337,DXB-MAR,2026-01-29T08:00,3,76.0,morning,1
B0003573,C00020,DXB-DTN,2026-01-29T09:00,1,26.0,morning,1
B0003574,C00020,DXB-MOE,2026-01-29T09:00,1,26.0,morning,1
B0003575,C02270,DXB-DEI,2026-01-29T09:00,1,26.0,morning,1
B0003576,C01499,DXB-MAR,2026-01-29T10:00,3,84.0,morning,1
B0003577,C01246,DXB-DTN,2026-01-29T11:00,1,32.0,midday,1
B0003578,C02110,DXB-MOE,2026-01-29T14:00,1,24.0,midday,1
B0003579,C02266,DXB-MOE,2026-01-29T16:00,2,42.0,midday,1
B0003580,C01064,DXB-MOE,2026-01-29T17:00,2,50.0,evening,1
B0003581,C01866,DXB-MOE,2026-01-29T17:00,2,50.0,evening,1
B0003582,C00379,DXB-MAR,2026-01-29T17:00,4,100.0,evening,1
B0003583,C01205,DXB-DEI,2026-01-29T17:00,1,24.0,evening,1
B0003584,C00478,DXB-MOE,2026-01-29T19:00,3,54.0,evening,1
B0003585,C02302,DXB-MOE,2026-01-29T19:00,1,18.0,evening,1
B0003586,C00335,DXB-MAR,2026-01-29T19:00,2,50.0,evening,1
B0003587,C00371,DXB-DTN,2026-01-29T20:00,1,18.0,evening,1
B0003588,C00305,DXB-MAR,2026-01-29T20:00,3,76.0,evening,1
B0003589,C00594,DXB-DTN,2026-01-29T21:00,1,18.0,evening,1
B0003590,C02076,DXB-MOE,2026-01-29T22:00,2,58.0,evening,1
B0003591,C02039,DXB-MAR,2026-01-29T22:00,2,50.0,evening,1
B0003592,C01990,DXB-MAR,2026-01-29T22:00,1,24.0,evening,1
B0003593,C01034,DXB-DTN,2026-01-30T07:00,3,70.0,morning,1
B0003594,C01232,DXB-DEI,2026-01-30T07:00,1,18.0,morning,1
B0003595,C01406,DXB-DEI,2026-01-30T07:00,1,26.0,morning,1
B0003596,C01623,DXB-DEI,2026-01-30T07:00,1,26.0,morning,1
B0003597,C02258,DXB-MAR,2026-01-30T09:00,1,32.0,morning,1
B0003598,C00638,DXB-DEI,2026-01-30T09:00,1,26.0,morning,1
B0003599,C02384,DXB-MOE,2026-01-30T10:00,1,18.0,morning,1
B0003600,C00835,DXB-MOE,2026-01-30T10:00,1,18.0,morning,1
B0003601,C01358,DXB-MAR,2026-01-30T10:00,1,18.0,morning,1
B0003602,C01399,DXB-DTN,2026-01-30T11:00,1,32.0,midday,1
B0003603,C02332,DXB-DEI,2026-01-30T11:00,2,56.0,midday,1
B0003604,C00487,DXB-MOE,2026-01-30T12:00,2,44.0,midday,1
B0003605,C01337,DXB-MOE,2026-01-30T16:00,3,80.0,midday,1
B0003606,C00532,DXB-MOE,2026-01-30T16:00,2,50.0,midday,1
B0003607,C00425,DXB-MAR,2026-01-30T16:00,2,44.0,midday,1
B0003608,C01193,DXB-DEI,2026-01-30T16:00,1,26.0,midday,1
B0003609,C00189,DXB-DEI,2026-01-30T16:00,3,78.0,midday,1
B0003610,C00550,DXB-DEI,2026-01-30T16:00,2,50.0,midday,1
B0003611,C01127,DXB-DTN,2026-01-30T17:00,1,32.0,evening,1
B0003612,C00665,DXB-MOE,2026-01-30T17:00,1,26.0,evening,1
B0003613,C01318,DXB-DTN,2026-01-30T19:00,2,58.0,evening,1
B0003614,C01014,DXB-MOE,2026-01-30T19:00,1,18.0,evening,1
B0003615,C01213,DXB-MAR,2026-01-30T19:00,1,32.0,evening,1
B0003616,C01128,DXB-DEI,2026-01-30T19:00,2,42.0,evening,1
B0003617,C00461,DXB-MOE,2026-01-30T20:00,1,32.0,evening,1
B0003618,C02258,DXB-MAR,2026-01-30T20:00,2,50.0,evening,1
B0003619,C00644,DXB-MAR,2026-01-30T20:00,1,32.0,evening,1
B0003620,C00334,DXB-MAR,2026-01-30T20:00,2,42.0,evening,1
B0003621,C00745,DXB-DTN,2026-01-30T21:00,3,74.0,evening,1
B0003622,C00245,DXB-DTN,2026-01-30T21:00,2,50.0,evening,1
B0003623,C01026,DXB-MAR,2026-01-30T21:00,2,58.0,evening,1
B0003624,C00474,DXB-MAR,2026-01-30T21:00,1,32.0,evening,1
B0003625,C01994,DXB-MAR,2026-01-31T07:00,1,32.0,morning,1
B0003626,C00429,DXB-DEI,2026-01-31T07:00,1,32.0,morning,1
B0003627,C02092,DXB-DEI,2026-01-31T07:00,2,58.0,morning,1
B0003628,C01305,DXB-MAR,2026-01-31T08:00,1,24.0,morning,1
B0003629,C00666,DXB-MAR,2026-01-31T08:00,1,26.0,morning,1
B0003630,C01619,DXB-DEI,2026-01-31T08:00,2,64.0,morning,1
B0003631,C02202,DXB-MOE,2026-01-31T09:00,2,42.0,morning,1
B0003632,C01318,DXB-DEI,2026-01-31T09:00,2,58.0,morning,1
B0003633,C01978,DXB-DTN,2026-01-31T10:00,3,82.0,morning,1
B0003634,C02366,DXB-MOE,2026-01-31T10:00,1,24.0,morning,1
B0003635,C01799,DXB-DEI,2026-01-31T10:00,3,96.0,morning,1
B0003636,C00631,DXB-DTN,2026-01-31T13:00,2,56.0,midday,1
B0003637,C00757,DXB-DTN,2026-01-31T16:00,1,26.0,midday,1
B0003638,C01149,DXB-MOE,2026-01-31T16:00,2,58.0,midday,1
B0003639,C01413,DXB-DEI,2026-01-31T16:00,2,52.0,midday,1
B0003640,C02330,DXB-MAR,2026-01-31T17:00,2,56.0,evening,1
B0003641,C00630,DXB-DTN,2026-01-31T18:00,2,50.0,evening,1
B0003642,C01672,DXB-MAR,2026-01-31T18:00,1,26.0,evening,1
B0003643,C00898,DXB-DTN,2026-01-31T19:00,3,76.0,evening,1
B0003644,C01660,DXB-DEI,2026-01-31T19:00,1,18.0,evening,1
B0003645,C00582,DXB-DTN,2026-01-31T20:00,1,26.0,evening,1
B0003646,C00020,DXB-MOE,2026-01-31T20:00,1,26.0,evening,1
B0003647,C01653,DXB-MAR,2026-01-31T20:00,2,58.0,evening,1
B0003648,C01155,DXB-DEI,2026-01-31T20:00,3,68.0,evening,1
B0003649,C01795,DXB-DTN,2026-01-31T21:00,1,26.0,evening,1
B0003650,C00130,DXB-MAR,2026-01-31T22:00,2,58.0,evening,1
B0003651,C01521,DXB-MAR,2026-01-31T22:00,1,18.0,evening,1
B0003652,C01823,DXB-MAR,2026-01-31T22:00,2,50.0,evening,1
B0003653,C00184,DXB-MAR,2026-01-31T22:00,2,42.0,evening,1
B0003654,C02186,DXB-DEI,2026-02-01T06:00,1,18.0,morning,1
B0003655,C01859,DXB-DTN,2026-02-01T08:00,1,24.0,morning,1
B0003656,C01187,DXB-MOE,2026-02-01T08:00,2,42.0,morning,1
B0003657,C01863,DXB-DEI,2026-02-01T08:00,4,92.0,morning,1
B0003658,C01996,DXB-DTN,2026-02-01T09:00,1,24.0,morning,1
B0003659,C01772,DXB-DTN,2026-02-01T09:00,2,50.0,morning,1
B0003660,C00299,DXB-DEI,2026-02-01T09:00,2,52.0,morning,1
B0003661,C01527,DXB-DEI,2026-02-01T09:00,3,76.0,morning,1
B0003662,C02051,DXB-MOE,2026-02-01T10:00,2,52.0,morning,1
B0003663,C00969,DXB-DEI,2026-02-01T10:00,3,76.0,morning,1
B0003664,C01120,DXB-DEI,2026-02-01T10:00,2,56.0,morning,1
B0003665,C01846,DXB-MOE,2026-02-01T12:00,3,82.0,midday,1
B0003666,C00552,DXB-DTN,2026-02-01T15:00,2,48.0,midday,1
B0003667,C02379,DXB-DTN,2026-02-01T16:00,2,56.0,midday,1
B0003668,C00858,DXB-MOE,2026-02-01T16:00,1,24.0,midday,1
B0003669,C01852,DXB-MOE,2026-02-01T17:00,1,26.0,evening,1
B0003670,C01659,DXB-DEI,2026-02-01T17:00,1,24.0,evening,1
B0003671,C00032,DXB-MOE,2026-02-01T19:00,2,56.0,evening,1
B0003672,C02242,DXB-MOE,2026-02-01T19:00,1,32.0,evening,1
B0003673,C00766,DXB-MAR,2026-02-01T20:00,1,26.0,evening,1
B0003674,C00363,DXB-MAR,2026-02-01T20:00,1,26.0,evening,1
B0003675,C00659,DXB-MAR,2026-02-01T20:00,4,108.0,evening,1
B0003676,C00244,DXB-MOE,2026-02-01T21:00,1,32.0,evening,1
B0003677,C02175,DXB-MOE,2026-02-01T22:00,2,44.0,evening,1
B0003678,C01916,DXB-DEI,2026-02-02T06:00,1,24.0,morning,1
B0003679,C00423,DXB-DEI,2026-02-02T07:00,1,24.0,morning,1
B0003680,C01127,DXB-MOE,2026-02-02T08:00,2,42.0,morning,1
B0003681,C00739,DXB-MAR,2026-02-02T08:00,3,76.0,morning,1
B0003682,C02263,DXB-DEI,2026-02-02T08:00,1,24.0,morning,1
B0003683,C00883,DXB-MOE,2026-02-02T09:00,1,26.0,morning,1
B0003684,C00429,DXB-DTN,2026-02-02T10:00,2,50.0,morning,1
B0003685,C02051,DXB-MOE,2026-02-02T11:00,2,56.0,midday,1
B0003686,C01383,DXB-MOE,2026-02-02T12:00,1,24.0,midday,1
B0003687,C00811,DXB-MOE,2026-02-02T15:00,2,42.0,midday,1
B0003688,C01702,DXB-MOE,2026-02-02T15:00,1,24.0,midday,1
B0003689,C01736,DXB-MOE,2026-02-02T16:00,1,24.0,midday,1
B0003690,C00329,DXB-MAR,2026-02-02T16:00,1,26.0,midday,1
B0003691,C01585,DXB-MOE,2026-02-02T17:00,1,18.0,evening,1
B0003692,C00226,DXB-DEI,2026-02-02T17:00,1,24.0,evening,1
B0003693,C02264,DXB-MOE,2026-02-02T18:00,2,44.0,evening,1
B0003694,C00495,DXB-MAR,2026-02-02T18:00,2,48.0,evening,1
B0003695,C01674,DXB-DTN,2026-02-02T19:00,3,68.0,evening,1
B0003696,C00589,DXB-MOE,2026-02-02T20:00,1,24.0,evening,1
B0003697,C00518,DXB-MAR,2026-02-02T22:00,2,64.0,evening,1
B0003698,C00817,DXB-MAR,2026-02-02T23:00,3,68.0,evening,1
B0003699,C01337,DXB-MAR,2026-02-02T23:00,2,56.0,evening,1
B0003700,C00669,DXB-DTN,2026-02-03T07:00,1,26.0,morning,1
B0003701,C01127,DXB-DEI,2026-02-03T08:00,1,24.0,morning,1
B0003702,C00598,DXB-DTN,2026-02-03T09:00,1,18.0,morning,1
B0003703,C01287,DXB-DTN,2026-02-03T09:00,1,24.0,morning,1
B0003704,C01804,DXB-MOE,2026-02-03T09:00,1,26.0,morning,1
B0003705,C01337,DXB-MOE,2026-02-03T09:00,1,26.0,morning,1
B0003706,C02219,DXB-DTN,2026-02-03T10:00,4,120.0,morning,1
B0003707,C00444,DXB-MOE,2026-02-03T10:00,1,24.0,morning,1
B0003708,C00257,DXB-MOE,2026-02-03T16:00,1,26.0,midday,1
B0003709,C01337,DXB-MOE,2026-02-03T16:00,1,18.0,midday,1
B0003710,C00624,DXB-DEI,2026-02-03T16:00,1,32.0,midday,1
B0003711,C01185,DXB-MOE,2026-02-03T17:00,1,26.0,evening,1
B0003712,C00596,DXB-MAR,2026-02-03T17:00,1,26.0,evening,1
B0003713,C01967,DXB-DTN,2026-02-03T18:00,1,18.0,evening,1
B0003714,C01126,DXB-DEI,2026-02-03T18:00,2,50.0,evening,1
B0003715,C00665,DXB-MOE,2026-02-03T19:00,1,32.0,evening,1
B0003716,C01729,DXB-MAR,2026-02-03T20:00,3,76.0,evening,1
B0003717,C00871,DXB-MOE,2026-02-03T21:00,1,24.0,evening,1
B0003718,C00493,DXB-DEI,2026-02-03T21:00,2,64.0,evening,1
B0003719,C00969,DXB-MAR,2026-02-03T22:00,1,26.0,evening,1
B0003720,C01396,DXB-MAR,2026-02-03T23:00,2,36.0,evening,1
B0003721,C00759,DXB-MAR,2026-02-04T07:00,1,24.0,morning,1
B0003722,C00629,DXB-DTN,2026-02-04T08:00,1,18.0,morning,1
B0003723,C00798,DXB-DTN,2026-02-04T08:00,1,18.0,morning,1
B0003724,C00775,DXB-DTN,2026-02-04T08:00,2,36.0,morning,1
B0003725,C00379,DXB-DEI,2026-02-04T08:00,2,42.0,morning,1
B0003726,C02246,DXB-DEI,2026-02-04T08:00,2,50.0,morning,1
B0003727,C00000,DXB-MOE,2026-02-04T09:00,2,52.0,morning,1
B0003728,C01432,DXB-MAR,2026-02-04T09:00,1,18.0,morning,1
B0003729,C01783,DXB-DTN,2026-02-04T11:00,1,24.0,midday,1
B0003730,C01453,DXB-MOE,2026-02-04T11:00,2,44.0,midday,1
B0003731,C02250,DXB-DEI,2026-02-04T11:00,1,18.0,midday,1
B0003732,C00624,DXB-MOE,2026-02-04T12:00,2,50.0,midday,1
B0003733,C00135,DXB-DTN,2026-02-04T13:00,1,32.0,midday,1
B0003734,C01761,DXB-DTN,2026-02-04T14:00,2,48.0,midday,1
B0003735,C00116,DXB-DTN,2026-02-04T15:00,1,32.0,midday,1
B0003736,C00967,DXB-DTN,2026-02-04T15:00,4,114.0,midday,1
B0003737,C02262,DXB-DTN,2026-02-04T16:00,2,44.0,midday,1
B0003738,C00859,DXB-MOE,2026-02-04T17:00,1,26.0,evening,1
B0003739,C00463,DXB-MAR,2026-02-04T19:00,2,58.0,evening,1
B0003740,C00092,DXB-DEI,2026-02-04T19:00,2,36.0,evening,1
B0003741,C00104,DXB-MAR,2026-02-04T20:00,1,18.0,evening,1
B0003742,C00165,DXB-MAR,2026-02-04T20:00,3,70.0,evening,1
B0003743,C01895,DXB-MAR,2026-02-04T20:00,3,68.0,evening,1
B0003744,C02281,DXB-MOE,2026-02-04T21:00,3,76.0,evening,1
B0003745,C00984,DXB-MAR,2026-02-04T21:00,2,36.0,evening,1
B0003746,C01997,DXB-MAR,2026-02-04T21:00,2,58.0,evening,1
B0003747,C01223,DXB-MAR,2026-02-04T22:00,1,32.0,evening,1
B0003748,C00020,DXB-MAR,2026-02-05T07:00,1,24.0,morning,1
B0003749,C01931,DXB-DEI,2026-02-05T07:00,2,44.0,morning,1
B0003750,C01873,DXB-DTN,2026-02-05T08:00,1,18.0,morning,1
B0003751,C01180,DXB-DTN,2026-02-05T09:00,2,50.0,morning,1
B0003752,C00067,DXB-MOE,2026-02-05T09:00,2,52.0,morning,1
B0003753,C01852,DXB-MOE,2026-02-05T09:00,2,50.0,morning,1
B0003754,C00253,DXB-MAR,2026-02-05T09:00,1,24.0,morning,1
B0003755,C00696,DXB-DEI,2026-02-05T10:00,1,18.0,morning,1
B0003756,C00400,DXB-MOE,2026-02-05T12:00,1,24.0,midday,1
B0003757,C00092,DXB-MOE,2026-02-05T13:00,1,32.0,midday,1
B0003758,C00692,DXB-DEI,2026-02-05T15:00,1,18.0,midday,1
B0003759,C00130,DXB-MOE,2026-02-05T16:00,2,64.0,midday,1
B0003760,C01923,DXB-MAR,2026-02-05T16:00,1,18.0,midday,1
B0003761,C02278,DXB-DEI,2026-02-05T16:00,2,48.0,midday,1
B0003762,C02140,DXB-MOE,2026-02-05T17:00,1,26.0,evening,1
B0003763,C01798,DXB-DTN,2026-02-05T19:00,2,50.0,evening,1
B0003764,C00726,DXB-MOE,2026-02-05T19:00,2,50.0,evening,1
B0003765,C00853,DXB-MAR,2026-02-05T19:00,3,68.0,evening,1
B0003766,C02110,DXB-MAR,2026-02-05T19:00,1,26.0,evening,1
B0003767,C01962,DXB-MAR,2026-02-05T19:00,2,64.0,evening,1
B0003768,C00871,DXB-MOE,2026-02-05T20:00,1,26.0,evening,1
B0003769,C01997,DXB-MAR,2026-02-05T20:00,2,44.0,evening,1
B0003770,C00690,DXB-DEI,2026-02-05T20:00,3,88.0,evening,1
B0003771,C01432,DXB-MOE,2026-02-05T21:00,1,24.0,evening,1
B0003772,C00637,DXB-MAR,2026-02-05T21:00,1,32.0,evening,1
B0003773,C01541,DXB-MAR,2026-02-05T21:00,5,138.0,evening,1
B0003774,C00444,DXB-MAR,2026-02-05T23:00,1,24.0,evening,1
B0003775,C00243,DXB-MAR,2026-02-05T23:00,1,32.0,evening,1
B0003776,C02244,DXB-DEI,2026-02-06T07:00,2,64.0,morning,1
B0003777,C00445,DXB-DTN,2026-02-06T08:00,2,50.0,morning,1
B0003778,C02296,DXB-MAR,2026-02-06T08:00,1,18.0,morning,1
B0003779,C00285,DXB-DTN,2026-02-06T09:00,1,24.0,morning,1
B0003780,C00314,DXB-DTN,2026-02-06T09:00,1,26.0,morning,1
B0003781,C00656,DXB-MOE,2026-02-06T09:00,2,56.0,morning,1
B0003782,C01767,DXB-DTN,2026-02-06T10:00,2,52.0,morning,1
B0003783,C01848,DXB-DTN,2026-02-06T10:00,2,44.0,morning,1
B0003784,C00731,DXB-MOE,2026-02-06T10:00,1,32.0,morning,1
B0003785,C01767,DXB-MOE,2026-02-06T12:00,3,76.0,midday,1
B0003786,C01409,DXB-MOE,2026-02-06T12:00,1,26.0,midday,1
B0003787,C01393,DXB-MOE,2026-02-06T14:00,1,32.0,midday,1
B0003788,C01094,DXB-MOE,2026-02-06T14:00,1,24.0,midday,1
B0003789,C01549,DXB-MOE,2026-02-06T16:00,2,58.0,midday,1
B0003790,C02071,DXB-MOE,2026-02-06T17:00,2,50.0,evening,1
B0003791,C00514,DXB-DEI,2026-02-06T17:00,3,74.0,evening,1
B0003792,C00800,DXB-MAR,2026-02-06T18:00,2,44.0,evening,1
B0003793,C01777,DXB-DTN,2026-02-06T19:00,2,48.0,evening,1
B0003794,C01990,DXB-MOE,2026-02-06T19:00,1,24.0,evening,1
B0003795,C00690,DXB-DTN,2026-02-06T20:00,1,32.0,evening,1
B0003796,C01417,DXB-MAR,2026-02-06T20:00,1,32.0,evening,1
B0003797,C01337,DXB-MAR,2026-02-06T21:00,1,26.0,evening,1
B0003798,C01220,DXB-MAR,2026-02-06T21:00,1,18.0,evening,1
B0003799,C00915,DXB-DTN,2026-02-06T22:00,2,42.0,evening,1
B0003800,C01480,DXB-MAR,2026-02-06T22:00,1,26.0,evening,1
B0003801,C00647,DXB-MAR,2026-02-06T22:00,2,64.0,evening,1
B0003802,C00630,DXB-MAR,2026-02-06T23:00,2,56.0,evening,1
B0003803,C00223,DXB-DEI,2026-02-07T06:00,1,18.0,morning,1
B0003804,C01024,DXB-DEI,2026-02-07T06:00,2,50.0,morning,1
B0003805,C00335,DXB-DTN,2026-02-07T07:00,1,32.0,morning,1
B0003806,C00872,DXB-MAR,2026-02-07T07:00,1,24.0,morning,1
B0003807,C01706,DXB-DEI,2026-02-07T07:00,1,32.0,morning,1
B0003808,C00555,DXB-MOE,2026-02-07T08:00,1,32.0,morning,1
B0003809,C01424,DXB-MAR,2026-02-07T08:00,2,50.0,morning,1
B0003810,C01720,DXB-DEI,2026-02-07T08:00,1,18.0,morning,1
B0003811,C00796,DXB-DEI,2026-02-07T09:00,1,24.0,morning,1
B0003812,C01953,DXB-DEI,2026-02-07T09:00,3,62.0,morning,1
B0003813,C02356,DXB-DTN,2026-02-07T10:00,3,74.0,morning,1
B0003814,C01551,DXB-DTN,2026-02-07T10:00,4,114.0,morning,1
B0003815,C01865,DXB-DTN,2026-02-07T10:00,1,24.0,morning,1
B0003816,C01736,DXB-MAR,2026-02-07T11:00,2,64.0,midday,1
B0003817,C02051,DXB-DEI,2026-02-07T11:00,1,24.0,midday,1
B0003818,C00372,DXB-MOE,2026-02-07T12:00,1,26.0,midday,1
B0003819,C00046,DXB-MOE,2026-02-07T12:00,3,60.0,midday,1
B0003820,C02051,DXB-MOE,2026-02-07T12:00,3,70.0,midday,1
B0003821,C01738,DXB-MOE,2026-02-07T13:00,2,56.0,midday,1
B0003822,C01906,DXB-MOE,2026-02-07T16:00,3,80.0,midday,1
B0003823,C01907,DXB-MAR,2026-02-07T16:00,3,80.0,midday,1
B0003824,C01967,DXB-DEI,2026-02-07T16:00,2,48.0,midday,1
B0003825,C00594,DXB-MOE,2026-02-07T18:00,1,24.0,evening,1
B0003826,C01940,DXB-MAR,2026-02-07T19:00,2,56.0,evening,1
B0003827,C00262,DXB-DTN,2026-02-07T20:00,2,50.0,evening,1
B0003828,C02083,DXB-MOE,2026-02-07T20:00,2,48.0,evening,1
B0003829,C01842,DXB-MOE,2026-02-07T20:00,1,32.0,evening,1
B0003830,C01584,DXB-MOE,2026-02-07T20:00,4,112.0,evening,1
B0003831,C01758,DXB-MAR,2026-02-07T20:00,2,56.0,evening,1
B0003832,C00662,DXB-MAR,2026-02-07T20:00,3,68.0,evening,1
B0003833,C00764,DXB-DEI,2026-02-07T20:00,2,36.0,evening,1
B0003834,C02096,DXB-DTN,2026-02-07T21:00,1,26.0,evening,1
B0003835,C02258,DXB-DTN,2026-02-07T21:00,2,50.0,evening,1
B0003836,C02244,DXB-DTN,2026-02-07T21:00,1,26.0,evening,1
B0003837,C01997,DXB-MOE,2026-02-07T21:00,3,70.0,evening,1
B0003838,C01337,DXB-MOE,2026-02-07T21:00,1,26.0,evening,1
B0003839,C00802,DXB-MAR,2026-02-07T21:00,1,26.0,evening,1
B0003840,C02110,DXB-DEI,2026-02-07T21:00,2,58.0,evening,1
B0003841,C00829,DXB-MOE,2026-02-07T22:00,1,32.0,evening,1
B0003842,C02191,DXB-MAR,2026-02-07T22:00,1,18.0,evening,1
B0003843,C00922,DXB-MAR,2026-02-07T22:00,3,70.0,evening,1
B0003844,C00180,DXB-MAR,2026-02-07T23:00,2,50.0,evening,1
B0003845,C00198,DXB-DEI,2026-02-08T06:00,3,62.0,morning,1
B0003846,C01338,DXB-MAR,2026-02-08T07:00,1,18.0,morning,1
B0003847,C00907,DXB-MAR,2026-02-08T07:00,1,24.0,morning,1
B0003848,C01423,DXB-DEI,2026-02-08T07:00,2,36.0,morning,1
B0003849,C01288,DXB-DTN,2026-02-08T08:00,3,82.0,morning,1
B0003850,C00550,DXB-DTN,2026-02-08T08:00,2,52.0,morning,1
B0003851,C01516,DXB-DTN,2026-02-08T08:00,1,24.0,morning,1
B0003852,C00268,DXB-DEI,2026-02-08T08:00,1,24.0,morning,1
B0003853,C01490,DXB-DTN,2026-02-08T09:00,1,32.0,morning,1
B0003854,C00171,DXB-MOE,2026-02-08T10:00,1,26.0,morning,1
B0003855,C01638,DXB-MOE,2026-02-08T11:00,1,18.0,midday,1
B0003856,C01795,DXB-MOE,2026-02-08T17:00,1,32.0,evening,1
B0003857,C00956,DXB-MAR,2026-02-08T17:00,4,88.0,evening,1
B0003858,C01824,DXB-DEI,2026-02-08T17:00,2,50.0,evening,1
B0003859,C02237,DXB-MOE,2026-02-08T18:00,1,18.0,evening,1
B0003860,C00041,DXB-MAR,2026-02-08T18:00,1,24.0,evening,1
B0003861,C00096,DXB-MOE,2026-02-08T19:00,2,58.0,evening,1
B0003862,C01468,DXB-MOE,2026-02-08T20:00,1,18.0,evening,1
B0003863,C01155,DXB-MAR,2026-02-08T20:00,2,50.0,evening,1
B0003864,C00488,DXB-MAR,2026-02-08T21:00,1,18.0,evening,1
B0003865,C01862,DXB-MAR,2026-02-08T21:00,4,96.0,evening,1
B0003866,C02117,DXB-MAR,2026-02-08T22:00,1,32.0,evening,1
B0003867,C00932,DXB-MAR,2026-02-08T23:00,1,32.0,evening,1
B0003868,C01162,DXB-MAR,2026-02-09T07:00,2,50.0,morning,1
B0003869,C00178,DXB-MAR,2026-02-09T08:00,1,24.0,morning,1
B0003870,C01824,DXB-DEI,2026-02-09T08:00,1,24.0,morning,1
B0003871,C02112,DXB-DEI,2026-02-09T08:00,2,52.0,morning,1
B0003872,C02072,DXB-MOE,2026-02-09T09:00,1,24.0,morning,1
B0003873,C00073,DXB-MAR,2026-02-09T09:00,1,18.0,morning,1
B0003874,C00222,DXB-DTN,2026-02-09T10:00,1,26.0,morning,1
B0003875,C01189,DXB-DTN,2026-02-09T11:00,1,24.0,midday,1
B0003876,C00379,DXB-MOE,2026-02-09T11:00,2,50.0,midday,1
B0003877,C02398,DXB-MOE,2026-02-09T11:00,1,26.0,midday,1
B0003878,C01678,DXB-MAR,2026-02-09T12:00,1,26.0,midday,1
B0003879,C00647,DXB-MOE,2026-02-09T15:00,2,42.0,midday,1
B0003880,C02163,DXB-DTN,2026-02-09T16:00,2,56.0,midday,1
B0003881,C00074,DXB-MOE,2026-02-09T16:00,2,56.0,midday,1
B0003882,C00060,DXB-MAR,2026-02-09T16:00,2,64.0,midday,1
B0003883,C01864,DXB-MAR,2026-02-09T17:00,3,82.0,evening,1
B0003884,C00426,DXB-DEI,2026-02-09T19:00,1,26.0,evening,1
B0003885,C00668,DXB-DEI,2026-02-09T19:00,4,84.0,evening,1
B0003886,C01981,DXB-MOE,2026-02-09T20:00,1,24.0,evening,1
B0003887,C00128,DXB-MAR,2026-02-09T21:00,1,32.0,evening,1
B0003888,C01862,DXB-MAR,2026-02-09T21:00,1,32.0,evening,1
B0003889,C01422,DXB-MAR,2026-02-09T21:00,1,18.0,evening,1
B0003890,C01028,DXB-DTN,2026-02-09T22:00,2,58.0,evening,1
B0003891,C01862,DXB-MAR,2026-02-09T22:00,1,24.0,evening,1
B0003892,C02088,DXB-MAR,2026-02-09T22:00,2,44.0,evening,1
B0003893,C01119,DXB-DEI,2026-02-10T06:00,1,18.0,morning,1
B0003894,C01260,DXB-DEI,2026-02-10T06:00,2,52.0,morning,1
B0003895,C01713,DXB-DTN,2026-02-10T07:00,3,74.0,morning,1
B0003896,C00717,DXB-MAR,2026-02-10T07:00,2,42.0,morning,1
B0003897,C02362,DXB-DEI,2026-02-10T07:00,1,26.0,morning,1
B0003898,C01028,DXB-DTN,2026-02-10T08:00,3,72.0,morning,1
B0003899,C01237,DXB-DTN,2026-02-10T08:00,1,26.0,morning,1
B0003900,C01788,DXB-DTN,2026-02-10T09:00,2,42.0,morning,1
B0003901,C02088,DXB-MOE,2026-02-10T09:00,1,24.0,morning,1
B0003902,C01997,DXB-MAR,2026-02-10T10:00,3,74.0,morning,1
B0003903,C01852,DXB-DEI,2026-02-10T10:00,1,26.0,morning,1
B0003904,C01158,DXB-DTN,2026-02-10T14:00,2,50.0,midday,1
B0003905,C00862,DXB-MAR,2026-02-10T16:00,1,24.0,midday,1
B0003906,C02182,DXB-MOE,2026-02-10T18:00,1,32.0,evening,1
B0003907,C00816,DXB-MAR,2026-02-10T20:00,2,58.0,evening,1
B0003908,C01653,DXB-MAR,2026-02-10T20:00,3,80.0,evening,1
B0003909,C01826,DXB-DTN,2026-02-10T21:00,2,42.0,evening,1
B0003910,C00523,DXB-MAR,2026-02-10T23:00,2,64.0,evening,1
B0003911,C01390,DXB-DTN,2026-02-11T09:00,1,26.0,morning,1
B0003912,C02104,DXB-DTN,2026-02-11T12:00,1,18.0,midday,1
B0003913,C02392,DXB-MOE,2026-02-11T14:00,1,24.0,midday,1
B0003914,C01223,DXB-MOE,2026-02-11T14:00,2,42.0,midday,1
B0003915,C00612,DXB-DTN,2026-02-11T15:00,2,42.0,midday,1
B0003916,C01160,DXB-MOE,2026-02-11T15:00,1,18.0,midday,1
B0003917,C00260,DXB-MOE,2026-02-11T16:00,2,58.0,midday,1
B0003918,C01634,DXB-MOE,2026-02-11T17:00,1,26.0,evening,1
B0003919,C01896,DXB-MOE,2026-02-11T17:00,1,18.0,evening,1
B0003920,C01622,DXB-MOE,2026-02-11T19:00,2,50.0,evening,1
B0003921,C02332,DXB-DTN,2026-02-11T20:00,2,58.0,evening,1
B0003922,C01967,DXB-DEI,2026-02-11T20:00,1,26.0,evening,1
B0003923,C01318,DXB-MOE,2026-02-11T21:00,3,68.0,evening,1
B0003924,C01318,DXB-DEI,2026-02-12T06:00,3,82.0,morning,1
B0003925,C02338,DXB-MAR,2026-02-12T07:00,1,18.0,morning,1
B0003926,C01556,DXB-DTN,2026-02-12T08:00,1,18.0,morning,1
B0003927,C02362,DXB-DEI,2026-02-12T08:00,1,26.0,morning,1
B0003928,C01729,DXB-DEI,2026-02-12T08:00,1,32.0,morning,1
B0003929,C02031,DXB-MOE,2026-02-12T09:00,1,26.0,morning,1
B0003930,C00970,DXB-MOE,2026-02-12T09:00,3,76.0,morning,1
B0003931,C00444,DXB-DEI,2026-02-12T09:00,2,50.0,morning,1
B0003932,C00781,DXB-DTN,2026-02-12T10:00,1,18.0,morning,1
B0003933,C00813,DXB-DTN,2026-02-12T10:00,2,44.0,morning,1
B0003934,C01654,DXB-MOE,2026-02-12T10:00,2,48.0,morning,1
B0003935,C00891,DXB-MOE,2026-02-12T10:00,2,56.0,morning,1
B0003936,C01340,DXB-DEI,2026-02-12T10:00,2,56.0,morning,1
B0003937,C02123,DXB-DEI,2026-02-12T12:00,2,50.0,midday,1
B0003938,C01824,DXB-MOE,2026-02-12T13:00,3,68.0,midday,1
B0003939,C00292,DXB-MOE,2026-02-12T13:00,1,32.0,midday,1
B0003940,C00277,DXB-MOE,2026-02-12T14:00,1,24.0,midday,1
B0003941,C01436,DXB-MOE,2026-02-12T15:00,2,44.0,midday,1
B0003942,C00873,DXB-DTN,2026-02-12T16:00,1,26.0,midday,1
B0003943,C01693,DXB-DEI,2026-02-12T16:00,1,18.0,midday,1
B0003944,C01128,DXB-MOE,2026-02-12T17:00,2,56.0,evening,1
B0003945,C00451,DXB-MOE,2026-02-12T17:00,3,68.0,evening,1
B0003946,C00175,DXB-DEI,2026-02-12T17:00,2,50.0,evening,1
B0003947,C01862,DXB-MOE,2026-02-12T18:00,2,50.0,evening,1
B0003948,C00176,DXB-DEI,2026-02-12T18:00,1,26.0,evening,1
B0003949,C00631,DXB-DTN,2026-02-12T19:00,1,24.0,evening,1
B0003950,C01084,DXB-DTN,2026-02-12T19:00,2,56.0,evening,1
B0003951,C02303,DXB-DTN,2026-02-12T19:00,2,36.0,evening,1
B0003952,C00444,DXB-MOE,2026-02-12T19:00,2,48.0,evening,1
B0003953,C01784,DXB-MAR,2026-02-12T19:00,1,26.0,evening,1
B0003954,C00928,DXB-MAR,2026-02-12T19:00,2,44.0,evening,1
B0003955,C00329,DXB-MAR,2026-02-12T19:00,2,48.0,evening,1
B0003956,C01516,DXB-MAR,2026-02-12T19:00,2,50.0,evening,1
B0003957,C01801,DXB-MAR,2026-02-12T19:00,2,50.0,evening,1
B0003958,C01503,DXB-DTN,2026-02-12T20:00,1,26.0,evening,1
B0003959,C01460,DXB-DTN,2026-02-12T20:00,1,24.0,evening,1
B0003960,C00688,DXB-MAR,2026-02-12T20:00,1,24.0,evening,1
B0003961,C00104,DXB-MOE,2026-02-12T21:00,1,26.0,evening,1
B0003962,C00400,DXB-MOE,2026-02-12T21:00,2,36.0,evening,1
B0003963,C02166,DXB-MOE,2026-02-12T21:00,1,18.0,evening,1
B0003964,C01339,DXB-MAR,2026-02-12T21:00,1,24.0,evening,1
B0003965,C00167,DXB-MAR,2026-02-12T21:00,1,32.0,evening,1
B0003966,C00802,DXB-MAR,2026-02-12T21:00,2,44.0,evening,1
B0003967,C00245,DXB-MOE,2026-02-12T22:00,2,48.0,evening,1
B0003968,C00687,DXB-MAR,2026-02-12T23:00,1,24.0,evening,1
B0003969,C01793,DXB-DTN,2026-02-13T07:00,1,18.0,morning,1
B0003970,C01284,DXB-DTN,2026-02-13T07:00,2,58.0,morning,1
B0003971,C02175,DXB-MAR,2026-02-13T07:00,1,26.0,morning,1
B0003972,C01205,DXB-MAR,2026-02-13T09:00,1,18.0,morning,1
B0003973,C01766,DXB-DTN,2026-02-13T10:00,1,24.0,morning,1
B0003974,C01786,DXB-MOE,2026-02-13T10:00,1,18.0,morning,1
B0003975,C00777,DXB-DEI,2026-02-13T11:00,3,82.0,midday,1
B0003976,C01133,DXB-MOE,2026-02-13T13:00,4,120.0,midday,1
B0003977,C00275,DXB-DTN,2026-02-13T14:00,1,24.0,midday,1
B0003978,C00692,DXB-MOE,2026-02-13T16:00,1,24.0,midday,1
B0003979,C00463,DXB-MAR,2026-02-13T16:00,1,26.0,midday,1
B0003980,C02357,DXB-MAR,2026-02-13T17:00,1,24.0,evening,1
B0003981,C01716,DXB-DTN,2026-02-13T18:00,2,58.0,evening,1
B0003982,C00220,DXB-MOE,2026-02-13T18:00,2,56.0,evening,1
B0003983,C02036,DXB-DEI,2026-02-13T19:00,1,24.0,evening,1
B0003984,C01614,DXB-DTN,2026-02-13T20:00,1,18.0,evening,1
B0003985,C01094,DXB-MAR,2026-02-13T20:00,2,48.0,evening,1
B0003986,C00860,DXB-MOE,2026-02-13T21:00,1,24.0,evening,1
B0003987,C00305,DXB-MAR,2026-02-13T22:00,2,56.0,evening,1
B0003988,C01876,DXB-DEI,2026-02-14T06:00,1,24.0,morning,1
B0003989,C00921,DXB-DEI,2026-02-14T06:00,1,26.0,morning,1
B0003990,C01094,DXB-DTN,2026-02-14T07:00,2,48.0,morning,1
B0003991,C00500,DXB-DTN,2026-02-14T08:00,2,58.0,morning,1
B0003992,C00961,DXB-MAR,2026-02-14T08:00,2,58.0,morning,1
B0003993,C01836,DXB-DEI,2026-02-14T09:00,2,50.0,morning,1
B0003994,C00868,DXB-MOE,2026-02-14T10:00,3,76.0,morning,1
B0003995,C00630,DXB-DTN,2026-02-14T13:00,3,82.0,midday,1
B0003996,C02397,DXB-MOE,2026-02-14T13:00,1,26.0,midday,1
B0003997,C01862,DXB-MOE,2026-02-14T13:00,2,50.0,midday,1
B0003998,C01132,DXB-MOE,2026-02-14T14:00,2,56.0,midday,1
B0003999,C01533,DXB-DEI,2026-02-14T15:00,2,50.0,midday,1
B0004000,C02061,DXB-MOE,2026-02-14T16:00,1,18.0,midday,1
B0004001,C00859,DXB-DTN,2026-02-14T17:00,1,24.0,evening,1
B0004002,C01684,DXB-MOE,2026-02-14T17:00,1,18.0,evening,1
B0004003,C01316,DXB-DTN,2026-02-14T18:00,2,50.0,evening,1
B0004004,C01760,DXB-MOE,2026-02-14T18:00,1,18.0,evening,1
B0004005,C01630,DXB-MOE,2026-02-14T18:00,2,50.0,evening,1
B0004006,C02257,DXB-MAR,2026-02-14T19:00,2,50.0,evening,1
B0004007,C00665,DXB-DTN,2026-02-14T20:00,1,24.0,evening,1
B0004008,C01801,DXB-MAR,2026-02-14T20:00,2,36.0,evening,1
B0004009,C01864,DXB-MAR,2026-02-14T21:00,1,32.0,evening,1
B0004010,C01387,DXB-MAR,2026-02-14T21:00,2,50.0,evening,1
B0004011,C01667,DXB-DTN,2026-02-14T22:00,2,56.0,evening,1
B0004012,C01900,DXB-MOE,2026-02-14T22:00,1,26.0,evening,1
B0004013,C01291,DXB-DEI,2026-02-15T06:00,2,50.0,morning,1
B0004014,C00890,DXB-DTN,2026-02-15T07:00,2,58.0,morning,1
B0004015,C00724,DXB-DEI,2026-02-15T07:00,2,42.0,morning,1
B0004016,C00868,DXB-DTN,2026-02-15T08:00,2,52.0,morning,1
B0004017,C01862,DXB-MOE,2026-02-15T08:00,2,44.0,morning,1
B0004018,C02088,DXB-MOE,2026-02-15T08:00,2,50.0,morning,1
B0004019,C02137,DXB-DTN,2026-02-15T09:00,3,62.0,morning,1
B0004020,C01738,DXB-MOE,2026-02-15T09:00,2,44.0,morning,1
B0004021,C02320,DXB-MOE,2026-02-15T09:00,2,50.0,morning,1
B0004022,C00318,DXB-DEI,2026-02-15T09:00,1,26.0,morning,1
B0004023,C00108,DXB-DTN,2026-02-15T10:00,1,18.0,morning,1
B0004024,C02238,DXB-MAR,2026-02-15T12:00,1,26.0,midday,1
B0004025,C02076,DXB-DTN,2026-02-15T13:00,1,32.0,midday,1
B0004026,C02182,DXB-MOE,2026-02-15T16:00,3,74.0,midday,1
B0004027,C00238,DXB-DEI,2026-02-15T16:00,1,18.0,midday,1
B0004028,C00382,DXB-MOE,2026-02-15T17:00,2,50.0,evening,1
B0004029,C01949,DXB-DTN,2026-02-15T18:00,2,42.0,evening,1
B0004030,C01986,DXB-MOE,2026-02-15T18:00,2,50.0,evening,1
B0004031,C02051,DXB-MAR,2026-02-15T18:00,2,56.0,evening,1
B0004032,C00689,DXB-MAR,2026-02-15T18:00,1,24.0,evening,1
B0004033,C00135,DXB-DEI,2026-02-15T18:00,1,32.0,evening,1
B0004034,C01760,DXB-MOE,2026-02-15T19:00,1,32.0,evening,1
B0004035,C02058,DXB-MOE,2026-02-15T20:00,3,82.0,evening,1
B0004036,C00444,DXB-MAR,2026-02-15T20:00,1,24.0,evening,1
B0004037,C00410,DXB-MAR,2026-02-15T20:00,1,26.0,evening,1
B0004038,C02088,DXB-DTN,2026-02-15T21:00,2,56.0,evening,1
B0004039,C00413,DXB-DTN,2026-02-15T21:00,2,52.0,evening,1
B0004040,C00449,DXB-MOE,2026-02-15T21:00,1,26.0,evening,1
B0004041,C02252,DXB-MOE,2026-02-15T21:00,1,24.0,evening,1
B0004042,C01994,DXB-MAR,2026-02-15T21:00,3,80.0,evening,1
B0004043,C00780,DXB-MAR,2026-02-15T23:00,2,56.0,evening,1
B0004044,C01106,DXB-DEI,2026-02-16T07:00,2,50.0,morning,1
B0004045,C01194,DXB-DEI,2026-02-16T08:00,2,42.0,morning,1
B0004046,C02224,DXB-DEI,2026-02-16T08:00,3,66.0,morning,1
B0004047,C00851,DXB-DEI,2026-02-16T08:00,1,18.0,morning,1
B0004048,C00759,DXB-DEI,2026-02-16T08:00,1,26.0,morning,1
B0004049,C01742,DXB-MOE,2026-02-16T09:00,1,18.0,morning,1
B0004050,C00373,DXB-MAR,2026-02-16T09:00,1,18.0,morning,1
B0004051,C02255,DXB-DEI,2026-02-16T09:00,1,32.0,morning,1
B0004052,C01152,DXB-MOE,2026-02-16T10:00,2,50.0,morning,1
B0004053,C01674,DXB-MAR,2026-02-16T10:00,1,18.0,morning,1
B0004054,C00802,DXB-DEI,2026-02-16T11:00,2,50.0,midday,1
B0004055,C01227,DXB-DTN,2026-02-16T12:00,2,50.0,midday,1
B0004056,C01942,DXB-DTN,2026-02-16T13:00,1,18.0,midday,1
B0004057,C01895,DXB-MOE,2026-02-16T13:00,1,24.0,midday,1
B0004058,C01603,DXB-DTN,2026-02-16T14:00,1,26.0,midday,1
B0004059,C00059,DXB-MOE,2026-02-16T14:00,1,26.0,midday,1
B0004060,C01735,DXB-DEI,2026-02-16T14:00,1,26.0,midday,1
B0004061,C01850,DXB-DTN,2026-02-16T17:00,2,58.0,evening,1
B0004062,C00445,DXB-MOE,2026-02-16T18:00,2,58.0,evening,1
B0004063,C00233,DXB-DTN,2026-02-16T19:00,1,18.0,evening,1
B0004064,C00669,DXB-MOE,2026-02-16T19:00,3,80.0,evening,1
B0004065,C00080,DXB-MAR,2026-02-16T19:00,3,74.0,evening,1
B0004066,C01544,DXB-MAR,2026-02-16T19:00,1,24.0,evening,1
B0004067,C00795,DXB-MAR,2026-02-16T19:00,1,26.0,evening,1
B0004068,C02244,DXB-DEI,2026-02-16T19:00,2,64.0,evening,1
B0004069,C00068,DXB-MAR,2026-02-16T20:00,1,32.0,evening,1
B0004070,C01093,DXB-DTN,2026-02-16T21:00,1,32.0,evening,1
B0004071,C01735,DXB-DTN,2026-02-16T21:00,3,76.0,evening,1
B0004072,C01905,DXB-DTN,2026-02-16T21:00,1,18.0,evening,1
B0004073,C01133,DXB-DTN,2026-02-16T22:00,2,52.0,evening,1
B0004074,C00742,DXB-MAR,2026-02-16T22:00,1,24.0,evening,1
B0004075,C01007,DXB-DEI,2026-02-17T07:00,2,50.0,morning,1
B0004076,C00655,DXB-MOE,2026-02-17T08:00,2,56.0,morning,1
B0004077,C00802,DXB-DEI,2026-02-17T08:00,3,68.0,morning,1
B0004078,C01431,DXB-DEI,2026-02-17T08:00,1,32.0,morning,1
B0004079,C00400,DXB-DTN,2026-02-17T09:00,2,64.0,morning,1
B0004080,C00037,DXB-DTN,2026-02-17T09:00,1,26.0,morning,1
B0004081,C01105,DXB-MOE,2026-02-17T09:00,3,66.0,morning,1
B0004082,C02362,DXB-MOE,2026-02-17T10:00,1,24.0,morning,1
B0004083,C01997,DXB-DEI,2026-02-17T10:00,1,26.0,morning,1
B0004084,C00495,DXB-DTN,2026-02-17T11:00,1,18.0,midday,1
B0004085,C00923,DXB-DTN,2026-02-17T11:00,2,58.0,midday,1
B0004086,C01249,DXB-MAR,2026-02-17T11:00,4,84.0,midday,1
B0004087,C01189,DXB-DTN,2026-02-17T15:00,1,26.0,midday,1
B0004088,C02013,DXB-MOE,2026-02-17T15:00,2,50.0,midday,1
B0004089,C00922,DXB-MOE,2026-02-17T16:00,1,24.0,midday,1
B0004090,C01060,DXB-MOE,2026-02-17T17:00,3,84.0,evening,1
B0004091,C00921,DXB-MAR,2026-02-17T17:00,1,18.0,evening,1
B0004092,C02248,DXB-DEI,2026-02-17T17:00,2,58.0,evening,1
B0004093,C00944,DXB-MOE,2026-02-17T18:00,1,18.0,evening,1
B0004094,C01918,DXB-MAR,2026-02-17T18:00,1,32.0,evening,1
B0004095,C00674,DXB-MAR,2026-02-17T19:00,1,24.0,evening,1
B0004096,C00605,DXB-MOE,2026-02-17T20:00,1,32.0,evening,1
B0004097,C00556,DXB-MAR,2026-02-17T20:00,2,42.0,evening,1
B0004098,C00772,DXB-DTN,2026-02-17T22:00,2,52.0,evening,1
B0004099,C02068,DXB-MAR,2026-02-17T23:00,1,18.0,evening,1
B0004100,C00758,DXB-DTN,2026-02-18T07:00,1,18.0,morning,1
B0004101,C01109,DXB-DEI,2026-02-18T07:00,1,32.0,morning,1
B0004102,C01617,DXB-DTN,2026-02-18T09:00,3,74.0,morning,1
B0004103,C00032,DXB-MOE,2026-02-18T12:00,2,58.0,midday,1
B0004104,C02362,DXB-DTN,2026-02-18T16:00,1,32.0,midday,1
B0004105,C00802,DXB-MOE,2026-02-18T18:00,2,42.0,evening,1
B0004106,C00400,DXB-DEI,2026-02-18T18:00,1,32.0,evening,1
B0004107,C00495,DXB-DEI,2026-02-18T18:00,1,26.0,evening,1
B0004108,C00867,DXB-DTN,2026-02-18T19:00,1,18.0,evening,1
B0004109,C01064,DXB-DTN,2026-02-18T19:00,1,18.0,evening,1
B0004110,C00153,DXB-MOE,2026-02-18T19:00,2,44.0,evening,1
B0004111,C02085,DXB-MAR,2026-02-18T19:00,1,18.0,evening,1
B0004112,C00108,DXB-MOE,2026-02-18T20:00,1,18.0,evening,1
B0004113,C01521,DXB-MAR,2026-02-18T20:00,2,42.0,evening,1
B0004114,C01907,DXB-MAR,2026-02-18T20:00,2,36.0,evening,1
B0004115,C01128,DXB-MAR,2026-02-18T20:00,1,26.0,evening,1
B0004116,C00884,DXB-DEI,2026-02-18T20:00,1,26.0,evening,1
B0004117,C01023,DXB-DEI,2026-02-18T20:00,2,50.0,evening,1
B0004118,C01098,DXB-MAR,2026-02-18T21:00,1,32.0,evening,1
B0004119,C00072,DXB-MAR,2026-02-18T21:00,2,48.0,evening,1
B0004120,C01000,DXB-MAR,2026-02-18T21:00,2,36.0,evening,1
B0004121,C02295,DXB-MAR,2026-02-18T21:00,3,78.0,evening,1
B0004122,C00049,DXB-MAR,2026-02-18T22:00,2,50.0,evening,1
B0004123,C01233,DXB-MAR,2026-02-18T22:00,1,24.0,evening,1
B0004124,C01168,DXB-MAR,2026-02-19T07:00,2,52.0,morning,1
B0004125,C00653,DXB-DTN,2026-02-19T10:00,2,42.0,morning,1
B0004126,C01076,DXB-DTN,2026-02-19T10:00,2,42.0,morning,1
B0004127,C01507,DXB-MOE,2026-02-19T13:00,2,58.0,midday,1
B0004128,C00638,DXB-MOE,2026-02-19T15:00,2,56.0,midday,1
B0004129,C00444,DXB-MAR,2026-02-19T15:00,1,18.0,midday,1
B0004130,C01043,DXB-DTN,2026-02-19T18:00,2,58.0,evening,1
B0004131,C02112,DXB-DEI,2026-02-19T18:00,2,42.0,evening,1
B0004132,C00862,DXB-DEI,2026-02-19T18:00,1,24.0,evening,1
B0004133,C00495,DXB-MOE,2026-02-19T19:00,1,32.0,evening,1
B0004134,C01840,DXB-MAR,2026-02-19T19:00,1,18.0,evening,1
B0004135,C00379,DXB-DTN,2026-02-19T20:00,1,26.0,evening,1
B0004136,C01614,DXB-MOE,2026-02-19T20:00,3,80.0,evening,1
B0004137,C00488,DXB-DEI,2026-02-19T20:00,2,44.0,evening,1
B0004138,C00575,DXB-DTN,2026-02-19T21:00,1,32.0,evening,1
B0004139,C01173,DXB-MOE,2026-02-19T21:00,1,32.0,evening,1
B0004140,C00085,DXB-MAR,2026-02-19T21:00,1,24.0,evening,1
B0004141,C01411,DXB-DTN,2026-02-19T22:00,1,18.0,evening,1
B0004142,C02086,DXB-MAR,2026-02-19T22:00,2,64.0,evening,1
B0004143,C00495,DXB-MAR,2026-02-19T22:00,1,26.0,evening,1
B0004144,C01151,DXB-MAR,2026-02-19T23:00,4,108.0,evening,1
B0004145,C00153,DXB-DTN,2026-02-20T07:00,2,58.0,morning,1
B0004146,C02215,DXB-MAR,2026-02-20T08:00,3,76.0,morning,1
B0004147,C02103,DXB-DEI,2026-02-20T08:00,3,74.0,morning,1
B0004148,C00773,DXB-DTN,2026-02-20T10:00,1,24.0,morning,1
B0004149,C01865,DXB-MOE,2026-02-20T11:00,1,32.0,midday,1
B0004150,C01760,DXB-DTN,2026-02-20T12:00,2,48.0,midday,1
B0004151,C01544,DXB-DTN,2026-02-20T13:00,1,18.0,midday,1
B0004152,C00222,DXB-MOE,2026-02-20T14:00,1,32.0,midday,1
B0004153,C01576,DXB-MOE,2026-02-20T15:00,2,44.0,midday,1
B0004154,C01958,DXB-DTN,2026-02-20T16:00,1,32.0,midday,1
B0004155,C00595,DXB-DTN,2026-02-20T17:00,2,44.0,evening,1
B0004156,C00542,DXB-MAR,2026-02-20T17:00,3,96.0,evening,1
B0004157,C00692,DXB-DEI,2026-02-20T17:00,1,18.0,evening,1
B0004158,C01076,DXB-DTN,2026-02-20T18:00,1,26.0,evening,1
B0004159,C01969,DXB-MOE,2026-02-20T18:00,2,42.0,evening,1
B0004160,C00982,DXB-MOE,2026-02-20T18:00,1,32.0,evening,1
B0004161,C01418,DXB-MOE,2026-02-20T18:00,1,24.0,evening,1
B0004162,C00282,DXB-MAR,2026-02-20T18:00,1,26.0,evening,1
B0004163,C01233,DXB-MAR,2026-02-20T18:00,1,24.0,evening,1
B0004164,C02285,DXB-MAR,2026-02-20T18:00,2,58.0,evening,1
B0004165,C00561,DXB-DEI,2026-02-20T18:00,1,18.0,evening,1
B0004166,C00444,DXB-DTN,2026-02-20T19:00,2,56.0,evening,1
B0004167,C00650,DXB-MOE,2026-02-20T19:00,2,56.0,evening,1
B0004168,C00230,DXB-MAR,2026-02-20T19:00,3,76.0,evening,1
B0004169,C02075,DXB-DEI,2026-02-20T19:00,1,32.0,evening,1
B0004170,C00946,DXB-DTN,2026-02-20T20:00,2,50.0,evening,1
B0004171,C02263,DXB-MOE,2026-02-20T20:00,1,26.0,evening,1
B0004172,C00279,DXB-MOE,2026-02-20T20:00,1,18.0,evening,1
B0004173,C02143,DXB-MOE,2026-02-20T20:00,2,56.0,evening,1
B0004174,C01227,DXB-MAR,2026-02-20T20:00,1,26.0,evening,1
B0004175,C00330,DXB-DEI,2026-02-20T20:00,2,64.0,evening,1
B0004176,C00322,DXB-MOE,2026-02-20T21:00,3,66.0,evening,1
B0004177,C01969,DXB-MAR,2026-02-20T21:00,1,26.0,evening,1
B0004178,C00495,DXB-MAR,2026-02-20T21:00,2,64.0,evening,1
B0004179,C02220,DXB-DTN,2026-02-20T22:00,1,32.0,evening,1
B0004180,C01012,DXB-MAR,2026-02-20T22:00,1,32.0,evening,1
B0004181,C00175,DXB-MAR,2026-02-20T22:00,1,18.0,evening,1
B0004182,C02106,DXB-MAR,2026-02-20T22:00,2,44.0,evening,1
B0004183,C01659,DXB-MAR,2026-02-20T22:00,2,58.0,evening,1
B0004184,C00259,DXB-MAR,2026-02-20T22:00,3,76.0,evening,1
B0004185,C01218,DXB-MAR,2026-02-20T22:00,3,82.0,evening,1
B0004186,C00409,DXB-MAR,2026-02-20T23:00,2,50.0,evening,1
B0004187,C01698,DXB-MAR,2026-02-20T23:00,1,24.0,evening,1
B0004188,C01461,DXB-DEI,2026-02-21T07:00,2,50.0,morning,1
B0004189,C01376,DXB-DTN,2026-02-21T08:00,1,24.0,morning,1
B0004190,C00922,DXB-MOE,2026-02-21T08:00,3,68.0,morning,1
B0004191,C02162,DXB-DEI,2026-02-21T08:00,1,24.0,morning,1
B0004192,C01490,DXB-MOE,2026-02-21T09:00,1,18.0,morning,1
B0004193,C00626,DXB-MOE,2026-02-21T12:00,2,58.0,midday,1
B0004194,C01226,DXB-MOE,2026-02-21T12:00,1,32.0,midday,1
B0004195,C01601,DXB-MOE,2026-02-21T13:00,1,18.0,midday,1
B0004196,C02074,DXB-DEI,2026-02-21T13:00,3,88.0,midday,1
B0004197,C00010,DXB-MOE,2026-02-21T15:00,2,44.0,midday,1
B0004198,C00773,DXB-MOE,2026-02-21T16:00,1,26.0,midday,1
B0004199,C01990,DXB-DTN,2026-02-21T17:00,3,82.0,evening,1
B0004200,C00911,DXB-MOE,2026-02-21T17:00,3,68.0,evening,1
B0004201,C01940,DXB-MOE,2026-02-21T18:00,1,26.0,evening,1
B0004202,C00871,DXB-MOE,2026-02-21T18:00,2,52.0,evening,1
B0004203,C00275,DXB-MAR,2026-02-21T18:00,1,26.0,evening,1
B0004204,C00656,DXB-DEI,2026-02-21T18:00,3,68.0,evening,1
B0004205,C00858,DXB-DTN,2026-02-21T19:00,2,48.0,evening,1
B0004206,C01905,DXB-DTN,2026-02-21T19:00,3,96.0,evening,1
B0004207,C00249,DXB-DTN,2026-02-21T19:00,1,24.0,evening,1
B0004208,C00844,DXB-MOE,2026-02-21T19:00,3,76.0,evening,1
B0004209,C00669,DXB-MAR,2026-02-21T19:00,2,50.0,evening,1
B0004210,C00792,DXB-MAR,2026-02-21T19:00,1,18.0,evening,1
B0004211,C01225,DXB-MAR,2026-02-21T19:00,2,36.0,evening,1
B0004212,C00241,DXB-DEI,2026-02-21T19:00,3,72.0,evening,1
B0004213,C00863,DXB-MAR,2026-02-21T20:00,2,50.0,evening,1
B0004214,C01040,DXB-MAR,2026-02-21T20:00,1,26.0,evening,1
B0004215,C00308,DXB-MAR,2026-02-21T20:00,1,26.0,evening,1
B0004216,C00795,DXB-DEI,2026-02-21T20:00,1,18.0,evening,1
B0004217,C01114,DXB-MOE,2026-02-21T21:00,1,26.0,evening,1
B0004218,C01738,DXB-MAR,2026-02-21T21:00,1,18.0,evening,1
B0004219,C00339,DXB-DEI,2026-02-21T21:00,1,18.0,evening,1
B0004220,C01126,DXB-MAR,2026-02-21T22:00,1,26.0,evening,1
B0004221,C00698,DXB-MAR,2026-02-21T23:00,3,68.0,evening,1
B0004222,C00432,DXB-MAR,2026-02-21T23:00,2,36.0,evening,1
B0004223,C01064,DXB-DTN,2026-02-22T07:00,2,44.0,morning,1
B0004224,C01337,DXB-DTN,2026-02-22T08:00,2,42.0,morning,1
B0004225,C00463,DXB-MAR,2026-02-22T08:00,2,64.0,morning,1
B0004226,C02362,DXB-MOE,2026-02-22T10:00,1,32.0,morning,1
B0004227,C00061,DXB-MAR,2026-02-22T10:00,4,108.0,morning,1
B0004228,C00961,DXB-DTN,2026-02-22T13:00,1,32.0,midday,1
B0004229,C00353,DXB-MOE,2026-02-22T16:00,1,24.0,midday,1
B0004230,C01895,DXB-DTN,2026-02-22T17:00,1,26.0,evening,1
B0004231,C01254,DXB-MAR,2026-02-22T17:00,3,90.0,evening,1
B0004232,C01889,DXB-MOE,2026-02-22T18:00,2,48.0,evening,1
B0004233,C01337,DXB-MOE,2026-02-22T18:00,2,50.0,evening,1
B0004234,C00032,DXB-MAR,2026-02-22T18:00,2,36.0,evening,1
B0004235,C00164,DXB-MAR,2026-02-22T18:00,1,18.0,evening,1
B0004236,C02138,DXB-DEI,2026-02-22T18:00,1,24.0,evening,1
B0004237,C00444,DXB-DEI,2026-02-22T18:00,2,50.0,evening,1
B0004238,C00072,DXB-DTN,2026-02-22T19:00,2,56.0,evening,1
B0004239,C02246,DXB-DTN,2026-02-22T19:00,2,50.0,evening,1
B0004240,C01824,DXB-MOE,2026-02-22T19:00,2,36.0,evening,1
B0004241,C01545,DXB-MOE,2026-02-22T19:00,2,56.0,evening,1
B0004242,C00739,DXB-MAR,2026-02-22T19:00,1,26.0,evening,1
B0004243,C00734,DXB-MAR,2026-02-22T19:00,2,50.0,evening,1
B0004244,C00731,DXB-DTN,2026-02-22T20:00,3,66.0,evening,1
B0004245,C00060,DXB-MOE,2026-02-22T20:00,1,32.0,evening,1
B0004246,C01583,DXB-MAR,2026-02-22T21:00,2,58.0,evening,1
B0004247,C01347,DXB-MAR,2026-02-22T21:00,4,94.0,evening,1
B0004248,C01223,DXB-DTN,2026-02-22T22:00,3,88.0,evening,1
B0004249,C00413,DXB-MAR,2026-02-22T22:00,1,32.0,evening,1
B0004250,C01553,DXB-MAR,2026-02-22T23:00,2,50.0,evening,1
B0004251,C01366,DXB-MAR,2026-02-23T08:00,3,60.0,morning,1
B0004252,C00206,DXB-MAR,2026-02-23T08:00,2,44.0,morning,1
B0004253,C00447,DXB-DTN,2026-02-23T10:00,2,36.0,morning,1
B0004254,C02067,DXB-DTN,2026-02-23T12:00,2,36.0,midday,1
B0004255,C00241,DXB-MOE,2026-02-23T12:00,1,26.0,midday,1
B0004256,C02278,DXB-MOE,2026-02-23T14:00,1,32.0,midday,1
B0004257,C00774,DXB-DTN,2026-02-23T15:00,1,26.0,midday,1
B0004258,C00249,DXB-DEI,2026-02-23T18:00,2,44.0,evening,1
B0004259,C00025,DXB-DTN,2026-02-23T19:00,1,24.0,evening,1
B0004260,C00074,DXB-DTN,2026-02-23T19:00,1,32.0,evening,1
B0004261,C02224,DXB-MOE,2026-02-23T19:00,3,76.0,evening,1
B0004262,C01339,DXB-MOE,2026-02-23T19:00,4,106.0,evening,1
B0004263,C01355,DXB-DEI,2026-02-23T19:00,1,18.0,evening,1
B0004264,C01852,DXB-DTN,2026-02-23T20:00,2,58.0,evening,1
B0004265,C00494,DXB-MOE,2026-02-23T20:00,2,58.0,evening,1
B0004266,C00606,DXB-DEI,2026-02-23T20:00,2,58.0,evening,1
B0004267,C01921,DXB-MOE,2026-02-23T21:00,1,32.0,evening,1
B0004268,C00209,DXB-MOE,2026-02-23T21:00,2,56.0,evening,1
B0004269,C01863,DXB-MAR,2026-02-23T21:00,2,64.0,evening,1
B0004270,C00833,DXB-MAR,2026-02-23T21:00,2,44.0,evening,1
B0004271,C02300,DXB-MAR,2026-02-23T21:00,1,18.0,evening,1
B0004272,C01358,DXB-MOE,2026-02-23T22:00,2,50.0,evening,1
B0004273,C01097,DXB-MOE,2026-02-23T22:00,2,48.0,evening,1
B0004274,C00499,DXB-MAR,2026-02-23T22:00,1,18.0,evening,1
B0004275,C00637,DXB-DTN,2026-02-24T08:00,1,18.0,morning,1
B0004276,C01575,DXB-MAR,2026-02-24T08:00,1,32.0,morning,1
B0004277,C00754,DXB-DTN,2026-02-24T09:00,1,24.0,morning,1
B0004278,C00135,DXB-DTN,2026-02-24T09:00,1,26.0,morning,1
B0004279,C00616,DXB-MAR,2026-02-24T09:00,1,18.0,morning,1
B0004280,C01745,DXB-MAR,2026-02-24T10:00,1,24.0,morning,1
B0004281,C01907,DXB-MOE,2026-02-24T11:00,3,82.0,midday,1
B0004282,C01233,DXB-MOE,2026-02-24T11:00,1,18.0,midday,1
B0004283,C00059,DXB-DTN,2026-02-24T18:00,3,66.0,evening,1
B0004284,C02074,DXB-DTN,2026-02-24T18:00,2,50.0,evening,1
B0004285,C01516,DXB-DTN,2026-02-24T19:00,2,56.0,evening,1
B0004286,C01269,DXB-MOE,2026-02-24T19:00,2,42.0,evening,1
B0004287,C00244,DXB-MOE,2026-02-24T19:00,1,32.0,evening,1
B0004288,C01336,DXB-MAR,2026-02-24T19:00,1,18.0,evening,1
B0004289,C02248,DXB-MAR,2026-02-24T19:00,1,24.0,evening,1
B0004290,C01848,DXB-MOE,2026-02-24T20:00,1,26.0,evening,1
B0004291,C02132,DXB-MOE,2026-02-24T20:00,1,32.0,evening,1
B0004292,C00739,DXB-MOE,2026-02-24T21:00,2,36.0,evening,1
B0004293,C01337,DXB-MOE,2026-02-24T21:00,2,44.0,evening,1
B0004294,C01424,DXB-MAR,2026-02-24T21:00,2,42.0,evening,1
B0004295,C00802,DXB-DTN,2026-02-24T22:00,2,52.0,evening,1
B0004296,C00414,DXB-MAR,2026-02-24T22:00,1,24.0,evening,1
B0004297,C00444,DXB-DTN,2026-02-25T17:00,1,18.0,evening,1
B0004298,C00872,DXB-DTN,2026-02-25T18:00,2,56.0,evening,1
B0004299,C00092,DXB-MOE,2026-02-25T18:00,2,44.0,evening,1
B0004300,C00519,DXB-MOE,2026-02-25T18:00,2,52.0,evening,1
B0004301,C01396,DXB-MAR,2026-02-25T18:00,1,32.0,evening,1
B0004302,C01729,DXB-MAR,2026-02-25T18:00,3,70.0,evening,1
B0004303,C00133,DXB-MAR,2026-02-25T18:00,1,18.0,evening,1
B0004304,C01119,DXB-DEI,2026-02-25T18:00,3,68.0,evening,1
B0004305,C01213,DXB-MAR,2026-02-25T19:00,3,74.0,evening,1
B0004306,C02209,DXB-MAR,2026-02-25T19:00,1,26.0,evening,1
B0004307,C01432,DXB-MOE,2026-02-25T20:00,2,50.0,evening,1
B0004308,C00998,DXB-MAR,2026-02-25T20:00,3,84.0,evening,1
B0004309,C00862,DXB-MOE,2026-02-25T21:00,2,50.0,evening,1
B0004310,C00268,DXB-MOE,2026-02-25T21:00,1,32.0,evening,1
B0004311,C00379,DXB-MAR,2026-02-25T21:00,2,50.0,evening,1
B0004312,C02241,DXB-MAR,2026-02-25T21:00,1,26.0,evening,1
B0004313,C01378,DXB-MAR,2026-02-25T21:00,1,32.0,evening,1
B0004314,C02103,DXB-DTN,2026-02-25T22:00,1,26.0,evening,1
B0004315,C00959,DXB-MAR,2026-02-25T22:00,1,32.0,evening,1
B0004316,C01485,DXB-MAR,2026-02-25T23:00,2,56.0,evening,1
B0004317,C02271,DXB-MAR,2026-02-25T23:00,3,60.0,evening,1
B0004318,C01887,DXB-MAR,2026-02-26T09:00,3,70.0,morning,1
B0004319,C00562,DXB-DTN,2026-02-26T10:00,2,52.0,morning,1
B0004320,C00495,DXB-DTN,2026-02-26T10:00,2,58.0,morning,1
B0004321,C01381,DXB-MOE,2026-02-26T14:00,1,18.0,midday,1
B0004322,C00908,DXB-MAR,2026-02-26T15:00,1,24.0,midday,1
B0004323,C01254,DXB-MOE,2026-02-26T16:00,2,50.0,midday,1
B0004324,C01491,DXB-MOE,2026-02-26T17:00,1,26.0,evening,1
B0004325,C00135,DXB-MOE,2026-02-26T18:00,2,50.0,evening,1
B0004326,C00607,DXB-MAR,2026-02-26T18:00,1,18.0,evening,1
B0004327,C01483,DXB-DEI,2026-02-26T18:00,1,32.0,evening,1
B0004328,C02270,DXB-DTN,2026-02-26T19:00,3,82.0,evening,1
B0004329,C01213,DXB-MOE,2026-02-26T19:00,1,18.0,evening,1
B0004330,C01269,DXB-DEI,2026-02-26T19:00,3,90.0,evening,1
B0004331,C01302,DXB-DEI,2026-02-26T19:00,1,32.0,evening,1
B0004332,C01788,DXB-DTN,2026-02-26T20:00,2,50.0,evening,1
B0004333,C01300,DXB-DTN,2026-02-26T20:00,1,26.0,evening,1
B0004334,C00495,DXB-MOE,2026-02-26T20:00,1,18.0,evening,1
B0004335,C01824,DXB-MAR,2026-02-26T21:00,1,26.0,evening,1
B0004336,C01189,DXB-MAR,2026-02-26T21:00,1,24.0,evening,1
B0004337,C00245,DXB-MAR,2026-02-26T23:00,2,64.0,evening,1
B0004338,C01393,DXB-MAR,2026-02-27T08:00,4,106.0,morning,1
B0004339,C00608,DXB-MOE,2026-02-27T11:00,1,24.0,midday,1
B0004340,C01432,DXB-MAR,2026-02-27T11:00,2,56.0,midday,1
B0004341,C00928,DXB-DTN,2026-02-27T14:00,1,18.0,midday,1
B0004342,C00959,DXB-DEI,2026-02-27T15:00,1,26.0,midday,1
B0004343,C01341,DXB-MOE,2026-02-27T16:00,1,24.0,midday,1
B0004344,C00447,DXB-MAR,2026-02-27T16:00,1,32.0,midday,1
B0004345,C01189,DXB-DTN,2026-02-27T17:00,1,32.0,evening,1
B0004346,C00304,DXB-DTN,2026-02-27T18:00,2,52.0,evening,1
B0004347,C01468,DXB-MAR,2026-02-27T18:00,4,92.0,evening,1
B0004348,C00758,DXB-DEI,2026-02-27T18:00,1,18.0,evening,1
B0004349,C00893,DXB-DEI,2026-02-27T18:00,4,108.0,evening,1
B0004350,C01181,DXB-DTN,2026-02-27T19:00,3,90.0,evening,1
B0004351,C01761,DXB-MAR,2026-02-27T19:00,1,26.0,evening,1
B0004352,C00598,DXB-DTN,2026-02-27T20:00,1,24.0,evening,1
B0004353,C00239,DXB-DTN,2026-02-27T20:00,1,24.0,evening,1
B0004354,C00871,DXB-MOE,2026-02-27T20:00,2,58.0,evening,1
B0004355,C02148,DXB-MOE,2026-02-27T20:00,2,36.0,evening,1
B0004356,C01862,DXB-MAR,2026-02-27T20:00,1,26.0,evening,1
B0004357,C01040,DXB-MAR,2026-02-27T20:00,1,32.0,evening,1
B0004358,C01233,DXB-MAR,2026-02-27T20:00,2,48.0,evening,1
B0004359,C00778,DXB-DEI,2026-02-27T20:00,5,138.0,evening,1
B0004360,C00629,DXB-DEI,2026-02-27T20:00,2,50.0,evening,1
B0004361,C01173,DXB-DTN,2026-02-27T21:00,4,108.0,evening,1
B0004362,C01289,DXB-DTN,2026-02-27T21:00,2,56.0,evening,1
B0004363,C00495,DXB-DTN,2026-02-27T21:00,3,62.0,evening,1
B0004364,C00787,DXB-MOE,2026-02-27T21:00,1,32.0,evening,1
B0004365,C01254,DXB-MAR,2026-02-27T21:00,1,32.0,evening,1
B0004366,C01175,DXB-MAR,2026-02-27T22:00,2,52.0,evening,1
B0004367,C00209,DXB-MAR,2026-02-27T23:00,1,32.0,evening,1
B0004368,C00272,DXB-MAR,2026-02-27T23:00,1,24.0,evening,1
B0004369,C01939,DXB-MAR,2026-02-27T23:00,2,50.0,evening,1
B0004370,C00600,DXB-DTN,2026-02-28T07:00,2,50.0,morning,1
B0004371,C02216,DXB-MAR,2026-02-28T08:00,1,26.0,morning,1
B0004372,C01967,DXB-MAR,2026-02-28T08:00,3,68.0,morning,1
B0004373,C02128,DXB-DEI,2026-02-28T09:00,3,82.0,morning,1
B0004374,C00607,DXB-MAR,2026-02-28T10:00,2,52.0,morning,1
B0004375,C01525,DXB-DTN,2026-02-28T15:00,1,32.0,midday,1
B0004376,C00928,DXB-MAR,2026-02-28T15:00,3,60.0,midday,1
B0004377,C00739,DXB-DEI,2026-02-28T16:00,2,36.0,midday,1
B0004378,C01343,DXB-DTN,2026-02-28T17:00,2,36.0,evening,1
B0004379,C01861,DXB-MOE,2026-02-28T18:00,3,76.0,evening,1
B0004380,C01088,DXB-MOE,2026-02-28T18:00,1,18.0,evening,1
B0004381,C00556,DXB-DTN,2026-02-28T19:00,3,74.0,evening,1
B0004382,C00828,DXB-DTN,2026-02-28T19:00,1,32.0,evening,1
B0004383,C01433,DXB-MAR,2026-02-28T19:00,2,50.0,evening,1
B0004384,C00546,DXB-MAR,2026-02-28T19:00,1,24.0,evening,1
B0004385,C00073,DXB-MAR,2026-02-28T19:00,1,32.0,evening,1
B0004386,C01852,DXB-DEI,2026-02-28T19:00,2,58.0,evening,1
B0004387,C00928,DXB-MOE,2026-02-28T20:00,2,64.0,evening,1
B0004388,C01011,DXB-MAR,2026-02-28T20:00,2,52.0,evening,1
B0004389,C02362,DXB-MAR,2026-02-28T20:00,2,42.0,evening,1
B0004390,C02397,DXB-MAR,2026-02-28T20:00,1,32.0,evening,1
B0004391,C00959,DXB-MAR,2026-02-28T21:00,1,26.0,evening,1
B0004392,C00971,DXB-MAR,2026-02-28T21:00,1,24.0,evening,1
B0004393,C01967,DXB-DEI,2026-02-28T21:00,3,80.0,evening,1
B0004394,C01275,DXB-MAR,2026-02-28T23:00,1,18.0,evening,1
B0004395,C00672,DXB-DTN,2026-03-01T07:00,3,84.0,morning,1
B0004396,C01386,DXB-MOE,2026-03-01T08:00,2,58.0,morning,1
B0004397,C01907,DXB-MAR,2026-03-01T10:00,3,82.0,morning,1
B0004398,C00147,DXB-MOE,2026-03-01T12:00,2,64.0,midday,1
B0004399,C01623,DXB-DTN,2026-03-01T13:00,1,32.0,midday,1
B0004400,C01060,DXB-MAR,2026-03-01T17:00,1,26.0,evening,1
B0004401,C00139,DXB-DTN,2026-03-01T18:00,1,26.0,evening,1
B0004402,C01678,DXB-MOE,2026-03-01T19:00,3,76.0,evening,1
B0004403,C01539,DXB-MOE,2026-03-01T19:00,1,32.0,evening,1
B0004404,C00266,DXB-DEI,2026-03-01T19:00,1,18.0,evening,1
B0004405,C01286,DXB-MOE,2026-03-01T20:00,2,36.0,evening,1
B0004406,C02013,DXB-DTN,2026-03-01T21:00,1,18.0,evening,1
B0004407,C00368,DXB-DTN,2026-03-01T21:00,1,18.0,evening,1
B0004408,C01206,DXB-MOE,2026-03-01T21:00,2,56.0,evening,1
B0004409,C01725,DXB-MAR,2026-03-01T21:00,2,58.0,evening,1
B0004410,C00442,DXB-MAR,2026-03-01T21:00,2,50.0,evening,1
B0004411,C01962,DXB-MAR,2026-03-01T22:00,2,58.0,evening,1
B0004412,C01735,DXB-MAR,2026-03-01T22:00,1,32.0,evening,1
B0004413,C01585,DXB-MAR,2026-03-01T22:00,1,26.0,evening,1
B0004414,C00377,DXB-MAR,2026-03-01T23:00,2,58.0,evening,1
B0004415,C02295,DXB-DTN,2026-03-02T07:00,3,62.0,morning,1
B0004416,C01133,DXB-DTN,2026-03-02T09:00,1,32.0,morning,1
B0004417,C00532,DXB-MOE,2026-03-02T09:00,1,24.0,morning,1
B0004418,C02163,DXB-MOE,2026-03-02T09:00,1,32.0,morning,1
B0004419,C01340,DXB-DTN,2026-03-02T10:00,1,18.0,morning,1
B0004420,C01762,DXB-DTN,2026-03-02T10:00,3,68.0,morning,1
B0004421,C01233,DXB-MAR,2026-03-02T10:00,2,64.0,morning,1
B0004422,C02263,DXB-MAR,2026-03-02T10:00,1,24.0,morning,1
B0004423,C01704,DXB-DTN,2026-03-02T13:00,1,24.0,midday,1
B0004424,C00334,DXB-MAR,2026-03-02T14:00,2,44.0,midday,1
B0004425,C01332,DXB-DTN,2026-03-02T15:00,1,32.0,midday,1
B0004426,C01990,DXB-DTN,2026-03-02T19:00,1,26.0,evening,1
B0004427,C00491,DXB-DEI,2026-03-02T20:00,2,48.0,evening,1
B0004428,C01375,DXB-DTN,2026-03-02T21:00,3,62.0,evening,1
B0004429,C00009,DXB-DTN,2026-03-02T21:00,2,52.0,evening,1
B0004430,C02062,DXB-MOE,2026-03-02T21:00,1,32.0,evening,1
B0004431,C00881,DXB-DEI,2026-03-02T21:00,2,64.0,evening,1
B0004432,C01671,DXB-DEI,2026-03-02T21:00,3,68.0,evening,1
B0004433,C00583,DXB-MAR,2026-03-02T22:00,2,50.0,evening,1
B0004434,C00034,DXB-MAR,2026-03-02T23:00,1,32.0,evening,1
B0004435,C00463,DXB-MAR,2026-03-03T07:00,1,32.0,morning,1
B0004436,C00066,DXB-DEI,2026-03-03T10:00,1,18.0,morning,1
B0004437,C01738,DXB-MOE,2026-03-03T13:00,5,152.0,midday,1
B0004438,C00066,DXB-DTN,2026-03-03T14:00,3,76.0,midday,1
B0004439,C01777,DXB-MAR,2026-03-03T18:00,2,56.0,evening,1
B0004440,C00549,DXB-DTN,2026-03-03T19:00,1,24.0,evening,1
B0004441,C00050,DXB-MOE,2026-03-03T19:00,2,36.0,evening,1
B0004442,C00092,DXB-MAR,2026-03-03T19:00,1,32.0,evening,1
B0004443,C00304,DXB-MAR,2026-03-03T19:00,1,24.0,evening,1
B0004444,C02068,DXB-MAR,2026-03-03T19:00,2,58.0,evening,1
B0004445,C01795,DXB-DEI,2026-03-03T19:00,3,88.0,evening,1
B0004446,C01158,DXB-DTN,2026-03-03T20:00,2,42.0,evening,1
B0004447,C01657,DXB-DTN,2026-03-03T20:00,1,32.0,evening,1
B0004448,C02193,DXB-MAR,2026-03-03T20:00,2,48.0,evening,1
B0004449,C00243,DXB-MOE,2026-03-03T22:00,1,24.0,evening,1
B0004450,C02385,DXB-MAR,2026-03-04T08:00,3,62.0,morning,1
B0004451,C02076,DXB-MOE,2026-03-04T09:00,1,24.0,morning,1
B0004452,C01742,DXB-MAR,2026-03-04T09:00,1,32.0,morning,1
B0004453,C01189,DXB-DEI,2026-03-04T09:00,1,24.0,morning,1
B0004454,C01986,DXB-DTN,2026-03-04T10:00,4,100.0,morning,1
B0004455,C01994,DXB-MOE,2026-03-04T10:00,2,42.0,morning,1
B0004456,C00728,DXB-DTN,2026-03-04T11:00,1,24.0,midday,1
B0004457,C01446,DXB-DTN,2026-03-04T12:00,2,58.0,midday,1
B0004458,C02365,DXB-MOE,2026-03-04T13:00,1,32.0,midday,1
B0004459,C01265,DXB-MOE,2026-03-04T15:00,2,56.0,midday,1
B0004460,C02224,DXB-MOE,2026-03-04T15:00,1,26.0,midday,1
B0004461,C00979,DXB-MOE,2026-03-04T16:00,1,32.0,midday,1
B0004462,C00746,DXB-MOE,2026-03-04T16:00,2,44.0,midday,1
B0004463,C00873,DXB-DTN,2026-03-04T17:00,1,32.0,evening,1
B0004464,C00862,DXB-MOE,2026-03-04T17:00,2,56.0,evening,1
B0004465,C02056,DXB-MOE,2026-03-04T18:00,2,50.0,evening,1
B0004466,C01035,DXB-DTN,2026-03-04T19:00,2,56.0,evening,1
B0004467,C00546,DXB-MOE,2026-03-04T19:00,3,76.0,evening,1
B0004468,C01232,DXB-MAR,2026-03-04T19:00,1,32.0,evening,1
B0004469,C00054,DXB-MAR,2026-03-04T19:00,1,26.0,evening,1
B0004470,C01281,DXB-DEI,2026-03-04T19:00,1,24.0,evening,1
B0004471,C02203,DXB-DEI,2026-03-04T20:00,1,32.0,evening,1
B0004472,C00229,DXB-MAR,2026-03-04T21:00,2,50.0,evening,1
B0004473,C00495,DXB-DTN,2026-03-04T22:00,1,26.0,evening,1
B0004474,C01337,DXB-DTN,2026-03-04T22:00,2,58.0,evening,1
B0004475,C01584,DXB-MOE,2026-03-04T22:00,1,32.0,evening,1
B0004476,C01141,DXB-MAR,2026-03-04T22:00,2,50.0,evening,1
B0004477,C00687,DXB-MAR,2026-03-04T22:00,1,32.0,evening,1
B0004478,C00915,DXB-DTN,2026-03-05T07:00,1,24.0,morning,1
B0004479,C02066,DXB-DTN,2026-03-05T07:00,1,18.0,morning,1
B0004480,C02051,DXB-MAR,2026-03-05T07:00,2,56.0,morning,1
B0004481,C00495,DXB-MAR,2026-03-05T09:00,2,64.0,morning,1
B0004482,C00565,DXB-MOE,2026-03-05T11:00,1,32.0,midday,1
B0004483,C00416,DXB-MOE,2026-03-05T13:00,2,48.0,midday,1
B0004484,C01448,DXB-MAR,2026-03-05T16:00,2,58.0,midday,1
B0004485,C02347,DXB-DEI,2026-03-05T17:00,2,42.0,evening,1
B0004486,C00845,DXB-DTN,2026-03-05T18:00,1,24.0,evening,1
B0004487,C00802,DXB-MOE,2026-03-05T18:00,2,50.0,evening,1
B0004488,C02004,DXB-MAR,2026-03-05T18:00,1,24.0,evening,1
B0004489,C02086,DXB-DTN,2026-03-05T19:00,2,56.0,evening,1
B0004490,C01417,DXB-MAR,2026-03-05T19:00,1,32.0,evening,1
B0004491,C01593,DXB-MAR,2026-03-05T19:00,1,32.0,evening,1
B0004492,C01722,DXB-DEI,2026-03-05T19:00,2,58.0,evening,1
B0004493,C01264,DXB-DTN,2026-03-05T20:00,2,50.0,evening,1
B0004494,C02156,DXB-DTN,2026-03-05T20:00,1,32.0,evening,1
B0004495,C00433,DXB-DTN,2026-03-05T20:00,3,68.0,evening,1
B0004496,C00613,DXB-MOE,2026-03-05T20:00,1,24.0,evening,1
B0004497,C01484,DXB-MAR,2026-03-05T20:00,3,74.0,evening,1
B0004498,C01907,DXB-MAR,2026-03-05T20:00,1,18.0,evening,1
B0004499,C00869,DXB-MAR,2026-03-05T20:00,2,50.0,evening,1
B0004500,C00928,DXB-MAR,2026-03-05T20:00,2,42.0,evening,1
B0004501,C00135,DXB-DEI,2026-03-05T20:00,2,36.0,evening,1
B0004502,C00584,DXB-MOE,2026-03-05T21:00,4,108.0,evening,1
B0004503,C02356,DXB-MOE,2026-03-05T21:00,1,24.0,evening,1
B0004504,C01745,DXB-MAR,2026-03-05T21:00,3,68.0,evening,1
B0004505,C01643,DXB-MAR,2026-03-05T21:00,1,26.0,evening,1
B0004506,C00690,DXB-MAR,2026-03-05T21:00,1,32.0,evening,1
B0004507,C01340,DXB-MAR,2026-03-05T21:00,2,58.0,evening,1
B0004508,C00915,DXB-DTN,2026-03-05T22:00,1,26.0,evening,1
B0004509,C00574,DXB-MAR,2026-03-05T22:00,2,58.0,evening,1
B0004510,C00883,DXB-MAR,2026-03-05T23:00,2,50.0,evening,1
B0004511,C00660,DXB-MAR,2026-03-05T23:00,3,68.0,evening,1
B0004512,C02162,DXB-DEI,2026-03-06T06:00,2,58.0,morning,1
B0004513,C00819,DXB-DTN,2026-03-06T08:00,2,44.0,morning,1
B0004514,C01132,DXB-MAR,2026-03-06T08:00,1,18.0,morning,1
B0004515,C00262,DXB-MAR,2026-03-06T11:00,3,80.0,midday,1
B0004516,C00417,DXB-MOE,2026-03-06T15:00,3,74.0,midday,1
B0004517,C01634,DXB-MOE,2026-03-06T15:00,4,100.0,midday,1
B0004518,C01275,DXB-MOE,2026-03-06T18:00,2,56.0,evening,1
B0004519,C01860,DXB-DEI,2026-03-06T18:00,2,50.0,evening,1
B0004520,C01623,DXB-MOE,2026-03-06T19:00,2,58.0,evening,1
B0004521,C00928,DXB-MOE,2026-03-06T19:00,1,26.0,evening,1
B0004522,C00288,DXB-MOE,2026-03-06T19:00,3,54.0,evening,1
B0004523,C00703,DXB-MAR,2026-03-06T19:00,3,62.0,evening,1
B0004524,C01338,DXB-DTN,2026-03-06T20:00,1,26.0,evening,1
B0004525,C01417,DXB-MOE,2026-03-06T20:00,4,108.0,evening,1
B0004526,C00802,DXB-MAR,2026-03-06T20:00,1,26.0,evening,1
B0004527,C01189,DXB-DEI,2026-03-06T20:00,1,18.0,evening,1
B0004528,C02249,DXB-DTN,2026-03-06T21:00,1,26.0,evening,1
B0004529,C01584,DXB-MOE,2026-03-06T21:00,2,58.0,evening,1
B0004530,C01800,DXB-MOE,2026-03-06T21:00,2,58.0,evening,1
B0004531,C00585,DXB-MOE,2026-03-06T21:00,2,36.0,evening,1
B0004532,C01650,DXB-MAR,2026-03-06T21:00,2,50.0,evening,1
B0004533,C01847,DXB-MAR,2026-03-06T21:00,3,90.0,evening,1
B0004534,C00911,DXB-DTN,2026-03-06T22:00,3,76.0,evening,1
B0004535,C00264,DXB-MAR,2026-03-06T22:00,2,50.0,evening,1
B0004536,C02325,DXB-MAR,2026-03-06T22:00,2,56.0,evening,1
B0004537,C01742,DXB-MAR,2026-03-06T22:00,2,64.0,evening,1
B0004538,C00951,DXB-MAR,2026-03-06T23:00,2,50.0,evening,1
B0004539,C02379,DXB-DEI,2026-03-07T06:00,3,74.0,morning,1
B0004540,C00624,DXB-MAR,2026-03-07T07:00,1,26.0,morning,1
B0004541,C01978,DXB-DTN,2026-03-07T08:00,1,18.0,morning,1
B0004542,C02187,DXB-DEI,2026-03-07T10:00,2,64.0,morning,1
B0004543,C01815,DXB-DTN,2026-03-07T12:00,2,44.0,midday,1
B0004544,C01772,DXB-MOE,2026-03-07T14:00,1,24.0,midday,1
B0004545,C00650,DXB-MOE,2026-03-07T15:00,1,32.0,midday,1
B0004546,C00701,DXB-MOE,2026-03-07T15:00,1,32.0,midday,1
B0004547,C00030,DXB-MOE,2026-03-07T17:00,1,32.0,evening,1
B0004548,C00802,DXB-MOE,2026-03-07T17:00,3,82.0,evening,1
B0004549,C01069,DXB-MAR,2026-03-07T17:00,1,26.0,evening,1
B0004550,C00883,DXB-DTN,2026-03-07T18:00,1,24.0,evening,1
B0004551,C00422,DXB-MOE,2026-03-07T18:00,1,32.0,evening,1
B0004552,C00624,DXB-MAR,2026-03-07T18:00,1,26.0,evening,1
B0004553,C00868,DXB-DEI,2026-03-07T18:00,2,64.0,evening,1
B0004554,C02132,DXB-DTN,2026-03-07T20:00,2,36.0,evening,1
B0004555,C01491,DXB-MOE,2026-03-07T20:00,2,58.0,evening,1
B0004556,C02165,DXB-MAR,2026-03-07T20:00,2,36.0,evening,1
B0004557,C00342,DXB-MAR,2026-03-07T20:00,1,24.0,evening,1
B0004558,C01490,DXB-DEI,2026-03-07T20:00,2,58.0,evening,1
B0004559,C00268,DXB-DEI,2026-03-07T20:00,1,18.0,evening,1
B0004560,C01435,DXB-MAR,2026-03-07T21:00,1,18.0,evening,1
B0004561,C01114,DXB-DEI,2026-03-07T21:00,1,24.0,evening,1
B0004562,C01146,DXB-MOE,2026-03-07T22:00,1,26.0,evening,1
B0004563,C00759,DXB-MAR,2026-03-07T23:00,1,26.0,evening,1
B0004564,C00629,DXB-MAR,2026-03-08T08:00,2,50.0,morning,1
B0004565,C01038,DXB-MAR,2026-03-08T09:00,3,60.0,morning,1
B0004566,C00466,DXB-DEI,2026-03-08T10:00,2,44.0,morning,1
B0004567,C01087,DXB-DTN,2026-03-08T12:00,1,24.0,midday,1
B0004568,C00634,DXB-DTN,2026-03-08T13:00,2,36.0,midday,1
B0004569,C01490,DXB-DTN,2026-03-08T14:00,1,26.0,midday,1
B0004570,C01349,DXB-DTN,2026-03-08T18:00,1,24.0,evening,1
B0004571,C02338,DXB-DTN,2026-03-08T18:00,1,32.0,evening,1
B0004572,C02051,DXB-DTN,2026-03-08T18:00,1,32.0,evening,1
B0004573,C01862,DXB-MOE,2026-03-08T18:00,1,32.0,evening,1
B0004574,C01119,DXB-MOE,2026-03-08T18:00,2,50.0,evening,1
B0004575,C01249,DXB-MOE,2026-03-08T18:00,2,58.0,evening,1
B0004576,C01780,DXB-MAR,2026-03-08T18:00,1,18.0,evening,1
B0004577,C00521,DXB-DEI,2026-03-08T19:00,2,52.0,evening,1
B0004578,C00045,DXB-MAR,2026-03-08T20:00,2,64.0,evening,1
B0004579,C00463,DXB-MAR,2026-03-08T20:00,2,56.0,evening,1
B0004580,C01133,DXB-DEI,2026-03-08T20:00,1,18.0,evening,1
B0004581,C01635,DXB-DTN,2026-03-08T21:00,2,44.0,evening,1
B0004582,C00485,DXB-MAR,2026-03-08T21:00,1,26.0,evening,1
B0004583,C00552,DXB-MOE,2026-03-08T22:00,2,56.0,evening,1
B0004584,C00305,DXB-MAR,2026-03-08T22:00,2,48.0,evening,1
B0004585,C01051,DXB-MAR,2026-03-08T22:00,1,18.0,evening,1
B0004586,C00236,DXB-MAR,2026-03-08T22:00,2,56.0,evening,1
B0004587,C01768,DXB-MAR,2026-03-08T22:00,1,18.0,evening,1
B0004588,C01912,DXB-MAR,2026-03-08T22:00,3,82.0,evening,1
B0004589,C00519,DXB-MAR,2026-03-08T22:00,1,18.0,evening,1
B0004590,C00279,DXB-MAR,2026-03-08T23:00,4,102.0,evening,1
B0004591,C00742,DXB-MAR,2026-03-08T23:00,2,56.0,evening,1
B0004592,C00305,DXB-DEI,2026-03-09T07:00,1,18.0,morning,1
B0004593,C00172,DXB-MOE,2026-03-09T08:00,1,24.0,morning,1
B0004594,C01247,DXB-MAR,2026-03-09T08:00,1,18.0,morning,1
B0004595,C01749,DXB-DEI,2026-03-09T09:00,2,50.0,morning,1
B0004596,C00928,DXB-MOE,2026-03-09T11:00,1,32.0,midday,1
B0004597,C00334,DXB-DEI,2026-03-09T11:00,1,18.0,midday,1
B0004598,C01801,DXB-MOE,2026-03-09T13:00,2,52.0,midday,1
B0004599,C01791,DXB-DEI,2026-03-09T13:00,2,50.0,midday,1
B0004600,C01902,DXB-DTN,2026-03-09T14:00,2,50.0,midday,1
B0004601,C00820,DXB-DTN,2026-03-09T15:00,3,84.0,midday,1
B0004602,C00985,DXB-DEI,2026-03-09T18:00,2,36.0,evening,1
B0004603,C02039,DXB-DEI,2026-03-09T18:00,1,18.0,evening,1
B0004604,C00463,DXB-DEI,2026-03-09T18:00,3,74.0,evening,1
B0004605,C01840,DXB-MOE,2026-03-09T19:00,3,68.0,evening,1
B0004606,C00456,DXB-MAR,2026-03-09T19:00,2,56.0,evening,1
B0004607,C00756,DXB-DEI,2026-03-09T19:00,2,36.0,evening,1
B0004608,C01997,DXB-MAR,2026-03-09T20:00,3,74.0,evening,1
B0004609,C02271,DXB-MAR,2026-03-09T20:00,1,18.0,evening,1
B0004610,C00334,DXB-DEI,2026-03-09T20:00,1,18.0,evening,1
B0004611,C01569,DXB-DEI,2026-03-09T21:00,1,18.0,evening,1
B0004612,C02148,DXB-MOE,2026-03-09T22:00,1,24.0,evening,1
B0004613,C00101,DXB-MAR,2026-03-09T22:00,2,50.0,evening,1
B0004614,C00887,DXB-DTN,2026-03-10T07:00,1,26.0,morning,1
B0004615,C00108,DXB-DEI,2026-03-10T07:00,3,82.0,morning,1
B0004616,C02208,DXB-MAR,2026-03-10T08:00,1,24.0,morning,1
B0004617,C01366,DXB-DTN,2026-03-10T09:00,2,44.0,morning,1
B0004618,C02262,DXB-DTN,2026-03-10T10:00,1,32.0,morning,1
B0004619,C00444,DXB-MOE,2026-03-10T12:00,1,24.0,midday,1
B0004620,C01025,DXB-MOE,2026-03-10T13:00,1,24.0,midday,1
B0004621,C00022,DXB-DTN,2026-03-10T14:00,1,18.0,midday,1
B0004622,C00116,DXB-DEI,2026-03-10T14:00,1,24.0,midday,1
B0004623,C02037,DXB-MOE,2026-03-10T15:00,2,58.0,midday,1
B0004624,C01420,DXB-MOE,2026-03-10T17:00,3,88.0,evening,1
B0004625,C00536,DXB-DTN,2026-03-10T18:00,2,44.0,evening,1
B0004626,C00552,DXB-MOE,2026-03-10T18:00,1,18.0,evening,1
B0004627,C01087,DXB-MAR,2026-03-10T18:00,1,26.0,evening,1
B0004628,C00450,DXB-DEI,2026-03-10T18:00,1,24.0,evening,1
B0004629,C00532,DXB-DEI,2026-03-10T18:00,2,44.0,evening,1
B0004630,C00495,DXB-MAR,2026-03-10T19:00,2,44.0,evening,1
B0004631,C01014,DXB-MAR,2026-03-10T19:00,2,50.0,evening,1
B0004632,C02051,DXB-MAR,2026-03-10T19:00,1,18.0,evening,1
B0004633,C01769,DXB-DEI,2026-03-10T19:00,2,42.0,evening,1
B0004634,C00551,DXB-DTN,2026-03-10T20:00,2,56.0,evening,1
B0004635,C01337,DXB-MAR,2026-03-10T20:00,2,50.0,evening,1
B0004636,C02281,DXB-DTN,2026-03-10T21:00,1,26.0,evening,1
B0004637,C01127,DXB-MOE,2026-03-10T21:00,2,56.0,evening,1
B0004638,C00309,DXB-MOE,2026-03-10T22:00,2,56.0,evening,1
B0004639,C00855,DXB-MAR,2026-03-10T23:00,1,24.0,evening,1
B0004640,C00624,DXB-MAR,2026-03-11T07:00,2,56.0,morning,1
B0004641,C00499,DXB-DTN,2026-03-11T08:00,2,58.0,morning,1
B0004642,C01763,DXB-DEI,2026-03-11T08:00,2,50.0,morning,1
B0004643,C01840,DXB-DTN,2026-03-11T09:00,1,26.0,morning,1
B0004644,C00435,DXB-MAR,2026-03-11T11:00,2,64.0,midday,1
B0004645,C00215,DXB-DEI,2026-03-11T11:00,3,68.0,midday,1
B0004646,C00956,DXB-DEI,2026-03-11T14:00,1,24.0,midday,1
B0004647,C01040,DXB-MOE,2026-03-11T17:00,1,32.0,evening,1
B0004648,C00594,DXB-DTN,2026-03-11T19:00,1,18.0,evening,1
B0004649,C02262,DXB-MOE,2026-03-11T19:00,2,56.0,evening,1
B0004650,C00495,DXB-MAR,2026-03-11T19:00,3,84.0,evening,1
B0004651,C01254,DXB-DEI,2026-03-11T19:00,1,26.0,evening,1
B0004652,C01178,DXB-MOE,2026-03-11T20:00,2,56.0,evening,1
B0004653,C00438,DXB-MAR,2026-03-11T20:00,1,24.0,evening,1
B0004654,C01231,DXB-DEI,2026-03-11T20:00,1,32.0,evening,1
B0004655,C00746,DXB-DTN,2026-03-11T21:00,1,18.0,evening,1
B0004656,C01340,DXB-DTN,2026-03-11T21:00,1,32.0,evening,1
B0004657,C01276,DXB-MOE,2026-03-11T21:00,2,64.0,evening,1
B0004658,C02305,DXB-MAR,2026-03-11T21:00,2,58.0,evening,1
B0004659,C00233,DXB-DTN,2026-03-11T22:00,1,24.0,evening,1
B0004660,C02286,DXB-MAR,2026-03-11T22:00,1,32.0,evening,1
B0004661,C00851,DXB-MAR,2026-03-11T23:00,1,26.0,evening,1
B0004662,C00429,DXB-MAR,2026-03-11T23:00,1,24.0,evening,1
B0004663,C00423,DXB-DEI,2026-03-12T07:00,2,50.0,morning,1
B0004664,C01487,DXB-MOE,2026-03-12T08:00,3,80.0,morning,1
B0004665,C01696,DXB-MOE,2026-03-12T09:00,2,42.0,morning,1
B0004666,C01268,DXB-MAR,2026-03-12T09:00,2,56.0,morning,1
B0004667,C00514,DXB-MAR,2026-03-12T09:00,2,58.0,morning,1
B0004668,C01812,DXB-MOE,2026-03-12T10:00,1,24.0,morning,1
B0004669,C00520,DXB-MOE,2026-03-12T11:00,3,82.0,midday,1
B0004670,C00495,DXB-MOE,2026-03-12T11:00,1,26.0,midday,1
B0004671,C00233,DXB-DTN,2026-03-12T12:00,3,68.0,midday,1
B0004672,C00515,DXB-DEI,2026-03-12T16:00,1,32.0,midday,1
B0004673,C00802,DXB-DEI,2026-03-12T17:00,2,50.0,evening,1
B0004674,C01973,DXB-DTN,2026-03-12T18:00,2,50.0,evening,1
B0004675,C00411,DXB-DTN,2026-03-12T18:00,1,32.0,evening,1
B0004676,C01375,DXB-MOE,2026-03-12T18:00,1,26.0,evening,1
B0004677,C01706,DXB-MAR,2026-03-12T18:00,1,32.0,evening,1
B0004678,C00381,DXB-MAR,2026-03-12T18:00,3,76.0,evening,1
B0004679,C02358,DXB-MAR,2026-03-12T18:00,1,26.0,evening,1
B0004680,C00013,DXB-DEI,2026-03-12T18:00,3,74.0,evening,1
B0004681,C01978,DXB-MOE,2026-03-12T19:00,2,52.0,evening,1
B0004682,C00285,DXB-DTN,2026-03-12T20:00,1,18.0,evening,1
B0004683,C02397,DXB-DTN,2026-03-12T20:00,1,24.0,evening,1
B0004684,C01786,DXB-DTN,2026-03-12T20:00,1,18.0,evening,1
B0004685,C01751,DXB-DTN,2026-03-12T20:00,3,76.0,evening,1
B0004686,C00342,DXB-DTN,2026-03-12T20:00,3,82.0,evening,1
B0004687,C01896,DXB-MAR,2026-03-12T20:00,2,42.0,evening,1
B0004688,C00922,DXB-MAR,2026-03-12T20:00,3,74.0,evening,1
B0004689,C00759,DXB-DEI,2026-03-12T20:00,1,24.0,evening,1
B0004690,C01748,DXB-DEI,2026-03-12T20:00,1,24.0,evening,1
B0004691,C00130,DXB-MAR,2026-03-12T21:00,1,18.0,evening,1
B0004692,C01337,DXB-DTN,2026-03-12T22:00,3,60.0,evening,1
B0004693,C00448,DXB-MOE,2026-03-12T22:00,2,42.0,evening,1
B0004694,C00265,DXB-MAR,2026-03-12T22:00,1,26.0,evening,1
B0004695,C00629,DXB-MAR,2026-03-12T22:00,1,32.0,evening,1
B0004696,C01374,DXB-MAR,2026-03-12T22:00,1,24.0,evening,1
B0004697,C02098,DXB-MAR,2026-03-12T22:00,1,26.0,evening,1
B0004698,C01848,DXB-MAR,2026-03-12T22:00,2,50.0,evening,1
B0004699,C00020,DXB-MAR,2026-03-12T23:00,1,26.0,evening,1
B0004700,C01906,DXB-DTN,2026-03-13T07:00,1,24.0,morning,1
B0004701,C00324,DXB-DTN,2026-03-13T07:00,1,26.0,morning,1
B0004702,C01276,DXB-DTN,2026-03-13T07:00,1,24.0,morning,1
B0004703,C02137,DXB-DTN,2026-03-13T07:00,1,26.0,morning,1
B0004704,C01218,DXB-DTN,2026-03-13T09:00,3,74.0,morning,1
B0004705,C01815,DXB-MOE,2026-03-13T10:00,2,50.0,morning,1
B0004706,C00223,DXB-MOE,2026-03-13T10:00,1,26.0,morning,1
B0004707,C00953,DXB-MAR,2026-03-13T11:00,1,32.0,midday,1
B0004708,C02062,DXB-DTN,2026-03-13T18:00,1,18.0,evening,1
B0004709,C01714,DXB-MOE,2026-03-13T18:00,2,56.0,evening,1
B0004710,C00947,DXB-DTN,2026-03-13T19:00,2,50.0,evening,1
B0004711,C02263,DXB-MOE,2026-03-13T19:00,1,18.0,evening,1
B0004712,C01233,DXB-MAR,2026-03-13T19:00,1,18.0,evening,1
B0004713,C01882,DXB-DEI,2026-03-13T19:00,1,24.0,evening,1
B0004714,C02332,DXB-MOE,2026-03-13T20:00,1,32.0,evening,1
B0004715,C00458,DXB-MOE,2026-03-13T20:00,1,18.0,evening,1
B0004716,C00116,DXB-MAR,2026-03-13T20:00,1,32.0,evening,1
B0004717,C01696,DXB-MAR,2026-03-13T20:00,1,18.0,evening,1
B0004718,C00979,DXB-DEI,2026-03-13T20:00,1,18.0,evening,1
B0004719,C02096,DXB-MAR,2026-03-13T21:00,1,26.0,evening,1
B0004720,C01436,DXB-MAR,2026-03-13T21:00,1,26.0,evening,1
B0004721,C02309,DXB-MAR,2026-03-13T21:00,2,50.0,evening,1
B0004722,C02363,DXB-MAR,2026-03-13T22:00,2,58.0,evening,1
B0004723,C01853,DXB-MAR,2026-03-13T22:00,1,18.0,evening,1
B0004724,C01862,DXB-MAR,2026-03-13T23:00,4,98.0,evening,1
B0004725,C01948,DXB-MAR,2026-03-13T23:00,2,50.0,evening,1
B0004726,C01193,DXB-MAR,2026-03-13T23:00,2,42.0,evening,1
B0004727,C01318,DXB-DTN,2026-03-14T09:00,2,42.0,morning,1
B0004728,C01600,DXB-MAR,2026-03-14T09:00,1,32.0,morning,1
B0004729,C00521,DXB-DTN,2026-03-14T10:00,1,24.0,morning,1
B0004730,C00135,DXB-MOE,2026-03-14T10:00,2,50.0,morning,1
B0004731,C01178,DXB-DTN,2026-03-14T15:00,1,32.0,midday,1
B0004732,C00665,DXB-MAR,2026-03-14T17:00,1,32.0,evening,1
B0004733,C00872,DXB-DTN,2026-03-14T18:00,1,26.0,evening,1
B0004734,C01219,DXB-MAR,2026-03-14T18:00,3,68.0,evening,1
B0004735,C00921,DXB-MAR,2026-03-14T18:00,2,58.0,evening,1
B0004736,C01755,DXB-DEI,2026-03-14T18:00,2,36.0,evening,1
B0004737,C01994,DXB-MOE,2026-03-14T19:00,4,88.0,evening,1
B0004738,C00802,DXB-MAR,2026-03-14T19:00,1,24.0,evening,1
B0004739,C01129,DXB-MAR,2026-03-14T19:00,1,26.0,evening,1
B0004740,C01480,DXB-DEI,2026-03-14T19:00,1,18.0,evening,1
B0004741,C00845,DXB-DEI,2026-03-14T19:00,2,42.0,evening,1
B0004742,C00855,DXB-MOE,2026-03-14T20:00,2,50.0,evening,1
B0004743,C01181,DXB-MOE,2026-03-14T20:00,3,82.0,evening,1
B0004744,C00849,DXB-MOE,2026-03-14T20:00,1,26.0,evening,1
B0004745,C01907,DXB-MAR,2026-03-14T21:00,1,24.0,evening,1
B0004746,C01351,DXB-MAR,2026-03-14T21:00,2,50.0,evening,1
B0004747,C01337,DXB-MAR,2026-03-14T21:00,2,44.0,evening,1
B0004748,C00433,DXB-MAR,2026-03-14T22:00,1,32.0,evening,1
B0004749,C02187,DXB-MAR,2026-03-14T22:00,3,76.0,evening,1
B0004750,C01815,DXB-MAR,2026-03-14T22:00,1,24.0,evening,1
B0004751,C02029,DXB-DTN,2026-03-15T07:00,3,84.0,morning,1
B0004752,C01840,DXB-DEI,2026-03-15T07:00,1,32.0,morning,1
B0004753,C00041,DXB-MOE,2026-03-15T08:00,2,44.0,morning,1
B0004754,C00154,DXB-MOE,2026-03-15T09:00,3,76.0,morning,1
B0004755,C00189,DXB-MAR,2026-03-15T09:00,1,32.0,morning,1
B0004756,C02299,DXB-MOE,2026-03-15T10:00,3,82.0,morning,1
B0004757,C01189,DXB-MOE,2026-03-15T11:00,2,52.0,midday,1
B0004758,C00135,DXB-DTN,2026-03-15T13:00,1,26.0,midday,1
B0004759,C01416,DXB-MOE,2026-03-15T16:00,1,32.0,midday,1
B0004760,C01040,DXB-DTN,2026-03-15T18:00,3,76.0,evening,1
B0004761,C00872,DXB-MOE,2026-03-15T18:00,2,44.0,evening,1
B0004762,C01565,DXB-DTN,2026-03-15T19:00,2,56.0,evening,1
B0004763,C00652,DXB-DTN,2026-03-15T19:00,1,18.0,evening,1
B0004764,C01254,DXB-MOE,2026-03-15T19:00,1,26.0,evening,1
B0004765,C01132,DXB-MAR,2026-03-15T19:00,1,18.0,evening,1
B0004766,C01469,DXB-MAR,2026-03-15T19:00,2,50.0,evening,1
B0004767,C01565,DXB-MAR,2026-03-15T20:00,4,92.0,evening,1
B0004768,C00020,DXB-MAR,2026-03-15T20:00,4,94.0,evening,1
B0004769,C01499,DXB-MAR,2026-03-15T21:00,2,42.0,evening,1
B0004770,C00513,DXB-DEI,2026-03-15T21:00,1,18.0,evening,1
B0004771,C01864,DXB-MAR,2026-03-15T22:00,1,26.0,evening,1
B0004772,C00108,DXB-MAR,2026-03-15T22:00,2,64.0,evening,1
B0004773,C00370,DXB-MAR,2026-03-15T23:00,6,164.0,evening,1
B0004774,C02265,DXB-DEI,2026-03-16T08:00,1,24.0,morning,1
B0004775,C01887,DXB-MOE,2026-03-16T10:00,3,74.0,morning,1
B0004776,C00779,DXB-MAR,2026-03-16T10:00,1,26.0,morning,1
B0004777,C00172,DXB-MOE,2026-03-16T12:00,1,32.0,midday,1
B0004778,C00849,DXB-MAR,2026-03-16T17:00,2,42.0,evening,1
B0004779,C00072,DXB-DTN,2026-03-16T18:00,1,24.0,evening,1
B0004780,C02058,DXB-DTN,2026-03-16T18:00,2,44.0,evening,1
B0004781,C00874,DXB-MOE,2026-03-16T19:00,2,48.0,evening,1
B0004782,C00020,DXB-DTN,2026-03-16T20:00,3,74.0,evening,1
B0004783,C01363,DXB-DTN,2026-03-16T20:00,3,68.0,evening,1
B0004784,C00308,DXB-MOE,2026-03-16T20:00,1,24.0,evening,1
B0004785,C01431,DXB-MAR,2026-03-16T20:00,1,32.0,evening,1
B0004786,C01957,DXB-DTN,2026-03-16T21:00,3,88.0,evening,1
B0004787,C01159,DXB-MAR,2026-03-16T21:00,2,36.0,evening,1
B0004788,C00904,DXB-DEI,2026-03-17T08:00,1,24.0,morning,1
B0004789,C02271,DXB-DTN,2026-03-17T09:00,1,32.0,morning,1
B0004790,C00583,DXB-DTN,2026-03-17T10:00,1,26.0,morning,1
B0004791,C02241,DXB-MOE,2026-03-17T12:00,2,58.0,midday,1
B0004792,C00731,DXB-MOE,2026-03-17T14:00,1,26.0,midday,1
B0004793,C01076,DXB-MOE,2026-03-17T16:00,1,24.0,midday,1
B0004794,C01926,DXB-DTN,2026-03-17T19:00,1,26.0,evening,1
B0004795,C00305,DXB-MAR,2026-03-17T19:00,4,102.0,evening,1
B0004796,C01892,DXB-MOE,2026-03-17T20:00,2,58.0,evening,1
B0004797,C01776,DXB-MOE,2026-03-17T20:00,2,52.0,evening,1
B0004798,C00922,DXB-MAR,2026-03-17T20:00,3,68.0,evening,1
B0004799,C01114,DXB-MAR,2026-03-17T20:00,1,24.0,evening,1
B0004800,C00302,DXB-MAR,2026-03-17T20:00,2,64.0,evening,1
B0004801,C01181,DXB-DEI,2026-03-17T21:00,2,50.0,evening,1
B0004802,C00377,DXB-MOE,2026-03-18T08:00,2,56.0,morning,1
B0004803,C02051,DXB-MOE,2026-03-18T08:00,2,64.0,morning,1
B0004804,C02263,DXB-DEI,2026-03-18T09:00,1,26.0,morning,1
B0004805,C02255,DXB-MOE,2026-03-18T17:00,2,50.0,evening,1
B0004806,C00103,DXB-DTN,2026-03-18T19:00,1,32.0,evening,1
B0004807,C00036,DXB-DEI,2026-03-18T19:00,1,32.0,evening,1
B0004808,C00194,DXB-DEI,2026-03-18T19:00,2,50.0,evening,1
B0004809,C01862,DXB-DTN,2026-03-18T20:00,2,52.0,evening,1
B0004810,C00034,DXB-MOE,2026-03-18T20:00,2,64.0,evening,1
B0004811,C01373,DXB-MOE,2026-03-18T20:00,2,64.0,evening,1
B0004812,C01717,DXB-MAR,2026-03-18T20:00,2,50.0,evening,1
B0004813,C01253,DXB-MAR,2026-03-18T20:00,2,42.0,evening,1
B0004814,C01074,DXB-MOE,2026-03-18T21:00,1,26.0,evening,1
B0004815,C01573,DXB-MAR,2026-03-18T23:00,2,42.0,evening,1
B0004816,C01172,DXB-DEI,2026-03-19T07:00,2,48.0,morning,1
B0004817,C01675,DXB-DTN,2026-03-19T08:00,2,58.0,morning,1
B0004818,C00356,DXB-DEI,2026-03-19T08:00,2,58.0,morning,1
B0004819,C02337,DXB-DTN,2026-03-19T09:00,1,32.0,morning,1
B0004820,C00544,DXB-MOE,2026-03-19T09:00,2,44.0,morning,1
B0004821,C02167,DXB-DEI,2026-03-19T09:00,1,32.0,morning,1
B0004822,C00723,DXB-DTN,2026-03-19T10:00,1,32.0,morning,1
B0004823,C01419,DXB-MOE,2026-03-19T16:00,1,26.0,midday,1
B0004824,C00092,DXB-MAR,2026-03-19T16:00,1,18.0,midday,1
B0004825,C02204,DXB-DTN,2026-03-19T18:00,2,36.0,evening,1
B0004826,C01852,DXB-DTN,2026-03-19T18:00,2,50.0,evening,1
B0004827,C01489,DXB-MOE,2026-03-19T18:00,3,72.0,evening,1
B0004828,C00512,DXB-DTN,2026-03-19T19:00,1,18.0,evening,1
B0004829,C01890,DXB-MOE,2026-03-19T19:00,2,50.0,evening,1
B0004830,C02392,DXB-MAR,2026-03-19T19:00,3,60.0,evening,1
B0004831,C00025,DXB-MOE,2026-03-19T20:00,2,50.0,evening,1
B0004832,C00658,DXB-MAR,2026-03-19T20:00,1,26.0,evening,1
B0004833,C01149,DXB-MAR,2026-03-19T20:00,1,32.0,evening,1
B0004834,C01181,DXB-MAR,2026-03-19T20:00,2,42.0,evening,1
B0004835,C02110,DXB-DEI,2026-03-19T20:00,1,32.0,evening,1
B0004836,C01504,DXB-DTN,2026-03-19T21:00,2,56.0,evening,1
B0004837,C01862,DXB-DTN,2026-03-19T21:00,2,42.0,evening,1
B0004838,C00677,DXB-DTN,2026-03-19T21:00,2,42.0,evening,1
B0004839,C02271,DXB-DTN,2026-03-19T21:00,1,24.0,evening,1
B0004840,C01268,DXB-MOE,2026-03-19T21:00,2,44.0,evening,1
B0004841,C01969,DXB-MAR,2026-03-19T21:00,2,50.0,evening,1
B0004842,C00268,DXB-MAR,2026-03-19T22:00,3,90.0,evening,1
B0004843,C01758,DXB-DEI,2026-03-20T07:00,1,18.0,morning,1
B0004844,C02268,DXB-MAR,2026-03-20T08:00,3,82.0,morning,1
B0004845,C01496,DXB-MAR,2026-03-20T08:00,3,68.0,morning,1
B0004846,C00498,DXB-DTN,2026-03-20T09:00,4,96.0,morning,1
B0004847,C02294,DXB-MOE,2026-03-20T10:00,3,68.0,morning,1
B0004848,C00044,DXB-MOE,2026-03-20T11:00,1,32.0,midday,1
B0004849,C00747,DXB-MOE,2026-03-20T11:00,2,42.0,midday,1
B0004850,C00782,DXB-MOE,2026-03-20T11:00,3,60.0,midday,1
B0004851,C01409,DXB-MOE,2026-03-20T11:00,1,18.0,midday,1
B0004852,C00495,DXB-MAR,2026-03-20T11:00,2,52.0,midday,1
B0004853,C01594,DXB-MOE,2026-03-20T12:00,1,24.0,midday,1
B0004854,C01707,DXB-DTN,2026-03-20T13:00,3,82.0,midday,1
B0004855,C01432,DXB-MOE,2026-03-20T13:00,1,32.0,midday,1
B0004856,C00488,DXB-DTN,2026-03-20T14:00,2,64.0,midday,1
B0004857,C00513,DXB-MOE,2026-03-20T14:00,3,74.0,midday,1
B0004858,C01127,DXB-DEI,2026-03-20T15:00,1,26.0,midday,1
B0004859,C01338,DXB-DTN,2026-03-20T16:00,3,76.0,midday,1
B0004860,C00125,DXB-MOE,2026-03-20T16:00,1,18.0,midday,1
B0004861,C00391,DXB-MOE,2026-03-20T16:00,2,50.0,midday,1
B0004862,C00314,DXB-DTN,2026-03-20T17:00,1,18.0,evening,1
B0004863,C01929,DXB-DTN,2026-03-20T18:00,2,42.0,evening,1
B0004864,C01653,DXB-MOE,2026-03-20T18:00,2,44.0,evening,1
B0004865,C00183,DXB-MOE,2026-03-20T18:00,1,24.0,evening,1
B0004866,C01237,DXB-MAR,2026-03-20T18:00,2,52.0,evening,1
B0004867,C00850,DXB-MAR,2026-03-20T18:00,1,26.0,evening,1
B0004868,C00787,DXB-DEI,2026-03-20T18:00,2,50.0,evening,1
B0004869,C00009,DXB-MOE,2026-03-20T19:00,3,76.0,evening,1
B0004870,C00245,DXB-MOE,2026-03-20T19:00,2,58.0,evening,1
B0004871,C00083,DXB-MOE,2026-03-20T19:00,1,18.0,evening,1
B0004872,C00690,DXB-DTN,2026-03-20T20:00,1,18.0,evening,1
B0004873,C01433,DXB-MOE,2026-03-20T20:00,3,76.0,evening,1
B0004874,C02272,DXB-MAR,2026-03-20T20:00,2,44.0,evening,1
B0004875,C00268,DXB-DTN,2026-03-20T21:00,2,42.0,evening,1
B0004876,C00904,DXB-MOE,2026-03-20T21:00,1,26.0,evening,1
B0004877,C01047,DXB-MAR,2026-03-20T21:00,3,74.0,evening,1
B0004878,C00495,DXB-MAR,2026-03-20T21:00,1,32.0,evening,1
B0004879,C00279,DXB-MAR,2026-03-20T22:00,2,48.0,evening,1
B0004880,C01227,DXB-MAR,2026-03-20T23:00,1,32.0,evening,1
B0004881,C00742,DXB-MAR,2026-03-20T23:00,1,26.0,evening,1
B0004882,C00256,DXB-DEI,2026-03-21T08:00,1,24.0,morning,1
B0004883,C01170,DXB-DEI,2026-03-21T08:00,3,74.0,morning,1
B0004884,C01861,DXB-MOE,2026-03-21T09:00,1,18.0,morning,1
B0004885,C01406,DXB-MAR,2026-03-21T09:00,1,24.0,morning,1
B0004886,C00928,DXB-MAR,2026-03-21T09:00,2,52.0,morning,1
B0004887,C00681,DXB-DTN,2026-03-21T10:00,2,50.0,morning,1
B0004888,C00762,DXB-MOE,2026-03-21T10:00,2,56.0,morning,1
B0004889,C01717,DXB-MOE,2026-03-21T10:00,2,56.0,morning,1
B0004890,C02077,DXB-MAR,2026-03-21T10:00,1,32.0,morning,1
B0004891,C00670,DXB-DTN,2026-03-21T11:00,1,18.0,midday,1
B0004892,C01292,DXB-MOE,2026-03-21T11:00,1,32.0,midday,1
B0004893,C00108,DXB-MOE,2026-03-21T11:00,1,18.0,midday,1
B0004894,C00405,DXB-MOE,2026-03-21T11:00,1,26.0,midday,1
B0004895,C02004,DXB-MOE,2026-03-21T12:00,2,52.0,midday,1
B0004896,C00084,DXB-MOE,2026-03-21T13:00,1,26.0,midday,1
B0004897,C01862,DXB-MOE,2026-03-21T15:00,2,50.0,midday,1
B0004898,C00503,DXB-DTN,2026-03-21T17:00,1,26.0,evening,1
B0004899,C02197,DXB-MOE,2026-03-21T17:00,1,18.0,evening,1
B0004900,C01337,DXB-MOE,2026-03-21T17:00,2,36.0,evening,1
B0004901,C00757,DXB-MAR,2026-03-21T18:00,2,36.0,evening,1
B0004902,C00413,DXB-DTN,2026-03-21T20:00,1,24.0,evening,1
B0004903,C00455,DXB-DTN,2026-03-21T20:00,3,66.0,evening,1
B0004904,C02088,DXB-MOE,2026-03-21T20:00,1,18.0,evening,1
B0004905,C02383,DXB-MOE,2026-03-21T20:00,3,74.0,evening,1
B0004906,C01986,DXB-MAR,2026-03-21T20:00,2,58.0,evening,1
B0004907,C02000,DXB-MAR,2026-03-21T20:00,1,18.0,evening,1
B0004908,C00260,DXB-MAR,2026-03-21T20:00,2,42.0,evening,1
B0004909,C01780,DXB-DEI,2026-03-21T20:00,1,26.0,evening,1
B0004910,C01623,DXB-MOE,2026-03-21T21:00,2,42.0,evening,1
B0004911,C00669,DXB-MOE,2026-03-21T21:00,1,32.0,evening,1
B0004912,C00299,DXB-MAR,2026-03-21T22:00,2,42.0,evening,1
B0004913,C00073,DXB-MAR,2026-03-21T23:00,1,32.0,evening,1
B0004914,C01678,DXB-DEI,2026-03-22T06:00,1,26.0,morning,1
B0004915,C01689,DXB-DEI,2026-03-22T08:00,1,18.0,morning,1
B0004916,C01921,DXB-DTN,2026-03-22T09:00,3,60.0,morning,1
B0004917,C01669,DXB-MAR,2026-03-22T09:00,1,32.0,morning,1
B0004918,C00647,DXB-DTN,2026-03-22T10:00,2,58.0,morning,1
B0004919,C02051,DXB-MAR,2026-03-22T12:00,3,88.0,midday,1
B0004920,C02288,DXB-DTN,2026-03-22T13:00,1,18.0,midday,1
B0004921,C00787,DXB-DTN,2026-03-22T14:00,2,50.0,midday,1
B0004922,C02366,DXB-MAR,2026-03-22T14:00,1,32.0,midday,1
B0004923,C00268,DXB-MOE,2026-03-22T16:00,2,56.0,midday,1
B0004924,C00104,DXB-MOE,2026-03-22T16:00,2,58.0,midday,1
B0004925,C00184,DXB-MOE,2026-03-22T17:00,3,68.0,evening,1
B0004926,C00268,DXB-DTN,2026-03-22T18:00,1,24.0,evening,1
B0004927,C02136,DXB-DTN,2026-03-22T18:00,2,50.0,evening,1
B0004928,C01994,DXB-DTN,2026-03-22T18:00,2,50.0,evening,1
B0004929,C01288,DXB-MOE,2026-03-22T18:00,1,18.0,evening,1
B0004930,C01662,DXB-MOE,2026-03-22T19:00,1,32.0,evening,1
B0004931,C00445,DXB-MAR,2026-03-22T19:00,1,32.0,evening,1
B0004932,C00241,DXB-DEI,2026-03-22T19:00,1,18.0,evening,1
B0004933,C00582,DXB-MAR,2026-03-22T20:00,1,32.0,evening,1
B0004934,C00949,DXB-DTN,2026-03-22T21:00,1,24.0,evening,1
B0004935,C00116,DXB-DTN,2026-03-22T21:00,2,50.0,evening,1
B0004936,C00092,DXB-MOE,2026-03-22T21:00,1,18.0,evening,1
B0004937,C00845,DXB-MOE,2026-03-22T21:00,1,24.0,evening,1
B0004938,C02088,DXB-MAR,2026-03-22T21:00,3,60.0,evening,1
B0004939,C01934,DXB-MAR,2026-03-22T21:00,1,32.0,evening,1
B0004940,C00570,DXB-DEI,2026-03-22T21:00,1,24.0,evening,1
B0004941,C01671,DXB-MAR,2026-03-22T22:00,2,42.0,evening,1
B0004942,C00289,DXB-MAR,2026-03-22T23:00,3,62.0,evening,1
B0004943,C00587,DXB-DEI,2026-03-23T07:00,2,36.0,morning,1
B0004944,C00175,DXB-DTN,2026-03-23T08:00,3,62.0,morning,1
B0004945,C02227,DXB-DEI,2026-03-23T08:00,1,24.0,morning,1
B0004946,C01355,DXB-MAR,2026-03-23T09:00,1,26.0,morning,1
B0004947,C01776,DXB-DEI,2026-03-23T09:00,1,26.0,morning,1
B0004948,C01824,DXB-DEI,2026-03-23T09:00,1,32.0,morning,1
B0004949,C02271,DXB-DTN,2026-03-23T16:00,3,90.0,midday,1
B0004950,C00876,DXB-MOE,2026-03-23T18:00,1,18.0,evening,1
B0004951,C02305,DXB-MOE,2026-03-23T18:00,1,18.0,evening,1
B0004952,C01651,DXB-DEI,2026-03-23T18:00,1,32.0,evening,1
B0004953,C01709,DXB-DTN,2026-03-23T20:00,1,18.0,evening,1
B0004954,C01041,DXB-MOE,2026-03-23T21:00,3,82.0,evening,1
B0004955,C01776,DXB-MAR,2026-03-23T22:00,3,82.0,evening,1
B0004956,C00418,DXB-DEI,2026-03-24T07:00,2,44.0,morning,1
B0004957,C01862,DXB-DTN,2026-03-24T09:00,3,84.0,morning,1
B0004958,C00848,DXB-MAR,2026-03-24T09:00,3,66.0,morning,1
B0004959,C00779,DXB-MOE,2026-03-24T10:00,1,24.0,morning,1
B0004960,C00216,DXB-MOE,2026-03-24T10:00,2,56.0,morning,1
B0004961,C01040,DXB-MOE,2026-03-24T11:00,1,24.0,midday,1
B0004962,C02088,DXB-DEI,2026-03-24T14:00,2,50.0,midday,1
B0004963,C01349,DXB-MOE,2026-03-24T15:00,2,42.0,midday,1
B0004964,C00032,DXB-MOE,2026-03-24T16:00,3,80.0,midday,1
B0004965,C01042,DXB-DTN,2026-03-24T18:00,1,32.0,evening,1
B0004966,C00778,DXB-MAR,2026-03-24T19:00,4,108.0,evening,1
B0004967,C00652,DXB-MOE,2026-03-24T21:00,2,36.0,evening,1
B0004968,C01876,DXB-MAR,2026-03-24T22:00,1,18.0,evening,1
B0004969,C01053,DXB-MAR,2026-03-25T07:00,1,32.0,morning,1
B0004970,C00248,DXB-DEI,2026-03-25T07:00,2,50.0,morning,1
B0004971,C01350,DXB-DTN,2026-03-25T08:00,1,32.0,morning,1
B0004972,C01197,DXB-DEI,2026-03-25T08:00,2,50.0,morning,1
B0004973,C01546,DXB-DEI,2026-03-25T09:00,2,42.0,morning,1
B0004974,C00659,DXB-MOE,2026-03-25T10:00,1,32.0,morning,1
B0004975,C00858,DXB-DTN,2026-03-25T14:00,1,24.0,midday,1
B0004976,C02169,DXB-MOE,2026-03-25T15:00,1,32.0,midday,1
B0004977,C01240,DXB-DTN,2026-03-25T16:00,1,32.0,midday,1
B0004978,C01788,DXB-DTN,2026-03-25T19:00,1,32.0,evening,1
B0004979,C00290,DXB-MOE,2026-03-25T19:00,2,50.0,evening,1
B0004980,C01725,DXB-DTN,2026-03-25T20:00,3,76.0,evening,1
B0004981,C00783,DXB-MAR,2026-03-25T20:00,2,42.0,evening,1
B0004982,C01013,DXB-DTN,2026-03-25T21:00,2,50.0,evening,1
B0004983,C01406,DXB-MAR,2026-03-25T23:00,2,52.0,evening,1
B0004984,C01861,DXB-DEI,2026-03-26T08:00,2,42.0,morning,1
B0004985,C01094,DXB-MAR,2026-03-26T10:00,1,26.0,morning,1
B0004986,C01618,DXB-MAR,2026-03-26T10:00,2,64.0,morning,1
B0004987,C02158,DXB-MOE,2026-03-26T12:00,2,50.0,midday,1
B0004988,C02051,DXB-MOE,2026-03-26T14:00,2,58.0,midday,1
B0004989,C02124,DXB-MAR,2026-03-26T17:00,2,50.0,evening,1
B0004990,C00634,DXB-MOE,2026-03-26T18:00,1,26.0,evening,1
B0004991,C02102,DXB-MAR,2026-03-26T18:00,1,26.0,evening,1
B0004992,C01291,DXB-DTN,2026-03-26T19:00,1,26.0,evening,1
B0004993,C00130,DXB-MOE,2026-03-26T19:00,1,26.0,evening,1
B0004994,C00239,DXB-DTN,2026-03-26T21:00,1,18.0,evening,1
B0004995,C01298,DXB-DEI,2026-03-26T21:00,2,48.0,evening,1
B0004996,C02247,DXB-MAR,2026-03-26T22:00,3,68.0,evening,1
B0004997,C01049,DXB-MAR,2026-03-26T22:00,3,76.0,evening,1
B0004998,C01846,DXB-MAR,2026-03-26T22:00,1,24.0,evening,1
B0004999,C01159,DXB-MAR,2026-03-27T07:00,1,26.0,morning,1
B0005000,C01133,DXB-DEI,2026-03-27T07:00,2,42.0,morning,1
B0005001,C01128,DXB-MOE,2026-03-27T08:00,1,18.0,morning,1
B0005002,C01834,DXB-MOE,2026-03-27T08:00,1,24.0,morning,1
B0005003,C01951,DXB-MAR,2026-03-27T09:00,2,50.0,morning,1
B0005004,C00444,DXB-MAR,2026-03-27T09:00,1,24.0,morning,1
B0005005,C00896,DXB-DTN,2026-03-27T13:00,1,32.0,midday,1
B0005006,C00368,DXB-MOE,2026-03-27T14:00,3,54.0,midday,1
B0005007,C01679,DXB-MOE,2026-03-27T15:00,1,18.0,midday,1
B0005008,C02110,DXB-DTN,2026-03-27T16:00,2,58.0,midday,1
B0005009,C01760,DXB-MOE,2026-03-27T16:00,2,64.0,midday,1
B0005010,C00758,DXB-DTN,2026-03-27T18:00,3,76.0,evening,1
B0005011,C01619,DXB-MOE,2026-03-27T18:00,4,80.0,evening,1
B0005012,C01923,DXB-MOE,2026-03-27T18:00,1,26.0,evening,1
B0005013,C01865,DXB-DTN,2026-03-27T19:00,1,32.0,evening,1
B0005014,C01678,DXB-MOE,2026-03-27T20:00,1,26.0,evening,1
B0005015,C01368,DXB-MAR,2026-03-27T20:00,2,50.0,evening,1
B0005016,C01588,DXB-DTN,2026-03-27T21:00,1,26.0,evening,1
B0005017,C01327,DXB-MOE,2026-03-27T22:00,2,50.0,evening,1
B0005018,C00956,DXB-MOE,2026-03-27T22:00,2,42.0,evening,1
B0005019,C00254,DXB-MAR,2026-03-27T22:00,1,24.0,evening,1
B0005020,C01622,DXB-MAR,2026-03-27T23:00,2,36.0,evening,1
B0005021,C00395,DXB-DTN,2026-03-28T07:00,2,50.0,morning,1
B0005022,C01431,DXB-DTN,2026-03-28T08:00,5,118.0,morning,1
B0005023,C00599,DXB-DTN,2026-03-28T08:00,2,36.0,morning,1
B0005024,C00318,DXB-DTN,2026-03-28T09:00,2,50.0,morning,1
B0005025,C01191,DXB-DEI,2026-03-28T09:00,2,56.0,morning,1
B0005026,C00779,DXB-DEI,2026-03-28T09:00,1,18.0,morning,1
B0005027,C00954,DXB-DEI,2026-03-28T09:00,2,58.0,morning,1
B0005028,C00585,DXB-DTN,2026-03-28T10:00,2,50.0,morning,1
B0005029,C01411,DXB-MOE,2026-03-28T10:00,2,56.0,morning,1
B0005030,C02110,DXB-MOE,2026-03-28T11:00,1,26.0,midday,1
B0005031,C00662,DXB-MOE,2026-03-28T12:00,2,48.0,midday,1
B0005032,C01124,DXB-MOE,2026-03-28T12:00,1,18.0,midday,1
B0005033,C00747,DXB-MOE,2026-03-28T12:00,2,48.0,midday,1
B0005034,C00499,DXB-MOE,2026-03-28T13:00,2,50.0,midday,1
B0005035,C02398,DXB-MOE,2026-03-28T14:00,2,36.0,midday,1
B0005036,C00872,DXB-DTN,2026-03-28T16:00,1,26.0,midday,1
B0005037,C01657,DXB-MOE,2026-03-28T16:00,3,60.0,midday,1
B0005038,C01994,DXB-MAR,2026-03-28T18:00,1,24.0,evening,1
B0005039,C01292,DXB-MOE,2026-03-28T19:00,1,18.0,evening,1
B0005040,C01016,DXB-MOE,2026-03-28T19:00,1,26.0,evening,1
B0005041,C00692,DXB-MAR,2026-03-28T19:00,2,50.0,evening,1
B0005042,C02267,DXB-DTN,2026-03-28T20:00,3,74.0,evening,1
B0005043,C00413,DXB-MOE,2026-03-28T20:00,2,56.0,evening,1
B0005044,C00463,DXB-MOE,2026-03-28T20:00,1,18.0,evening,1
B0005045,C01337,DXB-MAR,2026-03-28T20:00,2,56.0,evening,1
B0005046,C00659,DXB-DEI,2026-03-28T20:00,1,24.0,evening,1
B0005047,C00968,DXB-MOE,2026-03-28T21:00,2,44.0,evening,1
B0005048,C01971,DXB-DTN,2026-03-28T22:00,2,44.0,evening,1
B0005049,C00108,DXB-MAR,2026-03-28T22:00,1,24.0,evening,1
B0005050,C02242,DXB-MAR,2026-03-29T07:00,2,56.0,morning,1
B0005051,C01863,DXB-DEI,2026-03-29T07:00,2,44.0,morning,1
B0005052,C00609,DXB-MAR,2026-03-29T08:00,2,44.0,morning,1
B0005053,C00416,DXB-DTN,2026-03-29T09:00,2,42.0,morning,1
B0005054,C02132,DXB-DTN,2026-03-29T10:00,1,18.0,morning,1
B0005055,C00139,DXB-DTN,2026-03-29T10:00,1,18.0,morning,1
B0005056,C02362,DXB-DTN,2026-03-29T10:00,1,32.0,morning,1
B0005057,C01016,DXB-DTN,2026-03-29T11:00,1,24.0,midday,1
B0005058,C00455,DXB-MOE,2026-03-29T12:00,3,82.0,midday,1
B0005059,C02130,DXB-MOE,2026-03-29T15:00,2,48.0,midday,1
B0005060,C02092,DXB-DEI,2026-03-29T17:00,1,18.0,evening,1
B0005061,C01585,DXB-DTN,2026-03-29T18:00,1,24.0,evening,1
B0005062,C01780,DXB-DTN,2026-03-29T18:00,2,42.0,evening,1
B0005063,C00657,DXB-MOE,2026-03-29T20:00,2,58.0,evening,1
B0005064,C00444,DXB-MAR,2026-03-29T20:00,1,26.0,evening,1
B0005065,C00310,DXB-DEI,2026-03-29T20:00,1,24.0,evening,1
B0005066,C01759,DXB-DEI,2026-03-29T20:00,1,18.0,evening,1
B0005067,C01482,DXB-DTN,2026-03-29T21:00,2,50.0,evening,1
B0005068,C01268,DXB-MOE,2026-03-29T21:00,3,82.0,evening,1
B0005069,C02344,DXB-DTN,2026-03-30T07:00,1,32.0,morning,1
B0005070,C00813,DXB-DTN,2026-03-30T08:00,2,52.0,morning,1
B0005071,C00113,DXB-DTN,2026-03-30T08:00,2,48.0,morning,1
B0005072,C00764,DXB-MAR,2026-03-30T08:00,2,48.0,morning,1
B0005073,C01064,DXB-MAR,2026-03-30T09:00,1,32.0,morning,1
B0005074,C00018,DXB-DEI,2026-03-30T09:00,3,78.0,morning,1
B0005075,C02045,DXB-DEI,2026-03-30T09:00,1,26.0,morning,1
B0005076,C01233,DXB-DEI,2026-03-30T09:00,2,64.0,morning,1
B0005077,C01692,DXB-DEI,2026-03-30T09:00,2,44.0,morning,1
B0005078,C01862,DXB-DEI,2026-03-30T09:00,2,58.0,morning,1
B0005079,C02086,DXB-MOE,2026-03-30T10:00,1,26.0,morning,1
B0005080,C00455,DXB-MOE,2026-03-30T12:00,2,58.0,midday,1
B0005081,C00528,DXB-MOE,2026-03-30T13:00,2,52.0,midday,1
B0005082,C01912,DXB-MOE,2026-03-30T16:00,1,26.0,midday,1
B0005083,C01137,DXB-DEI,2026-03-30T16:00,1,24.0,midday,1
B0005084,C00299,DXB-DEI,2026-03-30T17:00,1,24.0,evening,1
B0005085,C01006,DXB-DTN,2026-03-30T18:00,2,48.0,evening,1
B0005086,C01042,DXB-DEI,2026-03-30T18:00,1,32.0,evening,1
B0005087,C00930,DXB-MOE,2026-03-30T19:00,1,18.0,evening,1
B0005088,C00239,DXB-MAR,2026-03-30T19:00,1,32.0,evening,1
B0005089,C00466,DXB-MAR,2026-03-30T19:00,2,44.0,evening,1
B0005090,C01034,DXB-DEI,2026-03-30T19:00,1,24.0,evening,1
B0005091,C01952,DXB-MOE,2026-03-30T20:00,1,32.0,evening,1
B0005092,C01496,DXB-MAR,2026-03-30T21:00,1,26.0,evening,1
B0005093,C00503,DXB-MOE,2026-03-30T22:00,1,18.0,evening,1
B0005094,C01337,DXB-MAR,2026-03-30T22:00,1,32.0,evening,1
B0005095,C02183,DXB-DEI,2026-03-31T06:00,1,32.0,morning,1
B0005096,C00152,DXB-MOE,2026-03-31T09:00,3,88.0,morning,1
B0005097,C00166,DXB-MAR,2026-03-31T10:00,1,18.0,morning,1
B0005098,C02323,DXB-DTN,2026-03-31T12:00,2,36.0,midday,1
B0005099,C01825,DXB-DTN,2026-03-31T14:00,2,44.0,midday,1
B0005100,C00546,DXB-MAR,2026-03-31T14:00,2,50.0,midday,1
B0005101,C00816,DXB-DTN,2026-03-31T15:00,2,50.0,midday,1
B0005102,C01653,DXB-MOE,2026-03-31T15:00,1,32.0,midday,1
B0005103,C00108,DXB-MAR,2026-03-31T15:00,1,32.0,midday,1
B0005104,C01746,DXB-DTN,2026-03-31T17:00,3,66.0,evening,1
B0005105,C00456,DXB-DTN,2026-03-31T17:00,1,24.0,evening,1
B0005106,C01487,DXB-MOE,2026-03-31T18:00,2,56.0,evening,1
B0005107,C01740,DXB-DEI,2026-03-31T18:00,1,24.0,evening,1
B0005108,C00659,DXB-DTN,2026-03-31T19:00,1,32.0,evening,1
B0005109,C00851,DXB-DTN,2026-03-31T19:00,4,92.0,evening,1
B0005110,C00926,DXB-MOE,2026-03-31T19:00,2,50.0,evening,1
B0005111,C02255,DXB-MAR,2026-03-31T19:00,2,64.0,evening,1
B0005112,C01191,DXB-MAR,2026-03-31T20:00,2,56.0,evening,1
B0005113,C01084,DXB-MAR,2026-03-31T20:00,1,18.0,evening,1
B0005114,C01070,DXB-DTN,2026-03-31T22:00,2,64.0,evening,1
B0005115,C01518,DXB-DTN,2026-04-01T07:00,2,56.0,morning,1
B0005116,C00143,DXB-DEI,2026-04-01T07:00,1,26.0,morning,1
B0005117,C01776,DXB-DEI,2026-04-01T07:00,1,18.0,morning,1
B0005118,C01584,DXB-DTN,2026-04-01T08:00,1,24.0,morning,1
B0005119,C00391,DXB-MOE,2026-04-01T08:00,2,50.0,morning,1
B0005120,C01923,DXB-DEI,2026-04-01T08:00,1,24.0,morning,1
B0005121,C01907,DXB-DTN,2026-04-01T09:00,2,52.0,morning,1
B0005122,C00108,DXB-DTN,2026-04-01T11:00,2,58.0,midday,1
B0005123,C01847,DXB-MOE,2026-04-01T14:00,4,102.0,midday,1
B0005124,C00382,DXB-DEI,2026-04-01T14:00,3,82.0,midday,1
B0005125,C00444,DXB-MAR,2026-04-01T16:00,1,18.0,midday,1
B0005126,C00192,DXB-DTN,2026-04-01T17:00,1,26.0,evening,1
B0005127,C01669,DXB-MOE,2026-04-01T17:00,1,18.0,evening,1
B0005128,C00867,DXB-DTN,2026-04-01T18:00,2,58.0,evening,1
B0005129,C01862,DXB-MOE,2026-04-01T18:00,2,56.0,evening,1
B0005130,C00342,DXB-MAR,2026-04-01T19:00,2,50.0,evening,1
B0005131,C01499,DXB-MAR,2026-04-01T19:00,3,80.0,evening,1
B0005132,C01249,DXB-DEI,2026-04-01T20:00,2,58.0,evening,1
B0005133,C02088,DXB-DTN,2026-04-01T21:00,1,18.0,evening,1
B0005134,C00688,DXB-MAR,2026-04-01T23:00,2,56.0,evening,1
B0005135,C00416,DXB-MAR,2026-04-02T07:00,2,56.0,morning,1
B0005136,C00061,DXB-DEI,2026-04-02T07:00,1,26.0,morning,1
B0005137,C00193,DXB-DTN,2026-04-02T08:00,2,50.0,morning,1
B0005138,C00092,DXB-DEI,2026-04-02T08:00,1,18.0,morning,1
B0005139,C01422,DXB-DEI,2026-04-02T08:00,2,52.0,morning,1
B0005140,C02362,DXB-DEI,2026-04-02T08:00,1,26.0,morning,1
B0005141,C00359,DXB-MOE,2026-04-02T09:00,1,26.0,morning,1
B0005142,C02136,DXB-MAR,2026-04-02T09:00,1,18.0,morning,1
B0005143,C01162,DXB-DEI,2026-04-02T09:00,1,18.0,morning,1
B0005144,C00463,DXB-MOE,2026-04-02T10:00,1,18.0,morning,1
B0005145,C00308,DXB-MOE,2026-04-02T11:00,1,18.0,midday,1
B0005146,C01170,DXB-DTN,2026-04-02T12:00,1,24.0,midday,1
B0005147,C00609,DXB-MOE,2026-04-02T12:00,1,32.0,midday,1
B0005148,C01577,DXB-DTN,2026-04-02T13:00,1,32.0,midday,1
B0005149,C02248,DXB-DTN,2026-04-02T15:00,1,18.0,midday,1
B0005150,C00962,DXB-MOE,2026-04-02T17:00,2,58.0,evening,1
B0005151,C02058,DXB-MAR,2026-04-02T17:00,1,32.0,evening,1
B0005152,C00485,DXB-DTN,2026-04-02T18:00,1,18.0,evening,1
B0005153,C00641,DXB-MOE,2026-04-02T18:00,3,70.0,evening,1
B0005154,C01824,DXB-MAR,2026-04-02T18:00,1,32.0,evening,1
B0005155,C01861,DXB-MAR,2026-04-02T18:00,3,80.0,evening,1
B0005156,C02174,DXB-DEI,2026-04-02T18:00,3,74.0,evening,1
B0005157,C01392,DXB-MAR,2026-04-02T19:00,1,18.0,evening,1
B0005158,C01191,DXB-DTN,2026-04-02T20:00,1,24.0,evening,1
B0005159,C01250,DXB-DEI,2026-04-02T20:00,3,60.0,evening,1
B0005160,C00575,DXB-DTN,2026-04-02T21:00,2,48.0,evening,1
B0005161,C00064,DXB-DTN,2026-04-02T21:00,2,42.0,evening,1
B0005162,C01431,DXB-MAR,2026-04-02T22:00,1,24.0,evening,1
B0005163,C00445,DXB-MAR,2026-04-02T23:00,1,26.0,evening,1
B0005164,C00862,DXB-DEI,2026-04-03T06:00,1,32.0,morning,1
B0005165,C01181,DXB-DTN,2026-04-03T08:00,4,112.0,morning,1
B0005166,C00774,DXB-MOE,2026-04-03T08:00,3,70.0,morning,1
B0005167,C01247,DXB-DTN,2026-04-03T10:00,1,32.0,morning,1
B0005168,C01050,DXB-MOE,2026-04-03T10:00,2,56.0,morning,1
B0005169,C02143,DXB-MAR,2026-04-03T10:00,1,32.0,morning,1
B0005170,C00921,DXB-MOE,2026-04-03T12:00,1,18.0,midday,1
B0005171,C02216,DXB-MOE,2026-04-03T12:00,2,56.0,midday,1
B0005172,C01862,DXB-MAR,2026-04-03T14:00,1,18.0,midday,1
B0005173,C00165,DXB-MAR,2026-04-03T14:00,1,18.0,midday,1
B0005174,C01032,DXB-MOE,2026-04-03T16:00,2,42.0,midday,1
B0005175,C00296,DXB-MAR,2026-04-03T16:00,1,24.0,midday,1
B0005176,C01424,DXB-DEI,2026-04-03T16:00,1,18.0,midday,1
B0005177,C00548,DXB-MOE,2026-04-03T17:00,2,50.0,evening,1
B0005178,C00883,DXB-DEI,2026-04-03T17:00,1,32.0,evening,1
B0005179,C00266,DXB-MAR,2026-04-03T18:00,3,78.0,evening,1
B0005180,C01923,DXB-MAR,2026-04-03T18:00,1,26.0,evening,1
B0005181,C00227,DXB-DEI,2026-04-03T18:00,1,24.0,evening,1
B0005182,C00304,DXB-MOE,2026-04-03T19:00,1,24.0,evening,1
B0005183,C01292,DXB-MAR,2026-04-03T19:00,2,56.0,evening,1
B0005184,C01126,DXB-MAR,2026-04-03T21:00,3,74.0,evening,1
B0005185,C00117,DXB-MAR,2026-04-03T21:00,1,32.0,evening,1
B0005186,C01618,DXB-MAR,2026-04-03T21:00,1,32.0,evening,1
B0005187,C02310,DXB-DTN,2026-04-03T22:00,3,82.0,evening,1
B0005188,C01613,DXB-MAR,2026-04-03T23:00,4,106.0,evening,1
B0005189,C01424,DXB-DEI,2026-04-04T07:00,1,24.0,morning,1
B0005190,C01237,DXB-DEI,2026-04-04T07:00,2,58.0,morning,1
B0005191,C01023,DXB-DEI,2026-04-04T08:00,4,94.0,morning,1
B0005192,C00495,DXB-DEI,2026-04-04T08:00,1,18.0,morning,1
B0005193,C01735,DXB-DTN,2026-04-04T09:00,1,32.0,morning,1
B0005194,C01040,DXB-MOE,2026-04-04T09:00,2,64.0,morning,1
B0005195,C00773,DXB-MAR,2026-04-04T09:00,1,24.0,morning,1
B0005196,C01189,DXB-MAR,2026-04-04T09:00,1,18.0,morning,1
B0005197,C02190,DXB-MAR,2026-04-04T10:00,1,18.0,morning,1
B0005198,C01678,DXB-DTN,2026-04-04T11:00,1,24.0,midday,1
B0005199,C01050,DXB-DTN,2026-04-04T11:00,1,18.0,midday,1
B0005200,C00607,DXB-MOE,2026-04-04T11:00,1,26.0,midday,1
B0005201,C01892,DXB-MOE,2026-04-04T12:00,2,50.0,midday,1
B0005202,C02332,DXB-MOE,2026-04-04T13:00,1,18.0,midday,1
B0005203,C00860,DXB-DTN,2026-04-04T14:00,1,18.0,midday,1
B0005204,C01050,DXB-MAR,2026-04-04T15:00,2,44.0,midday,1
B0005205,C01607,DXB-DTN,2026-04-04T16:00,2,56.0,midday,1
B0005206,C00779,DXB-MAR,2026-04-04T16:00,1,26.0,midday,1
B0005207,C00020,DXB-DEI,2026-04-04T16:00,2,58.0,midday,1
B0005208,C02158,DXB-MAR,2026-04-04T19:00,5,112.0,evening,1
B0005209,C01898,DXB-DTN,2026-04-04T20:00,1,18.0,evening,1
B0005210,C01106,DXB-MOE,2026-04-04T20:00,1,26.0,evening,1
B0005211,C00348,DXB-MAR,2026-04-04T20:00,1,26.0,evening,1
B0005212,C01658,DXB-MAR,2026-04-04T20:00,2,56.0,evening,1
B0005213,C01944,DXB-DEI,2026-04-04T20:00,2,50.0,evening,1
B0005214,C01986,DXB-DEI,2026-04-04T20:00,1,26.0,evening,1
B0005215,C00205,DXB-MOE,2026-04-04T21:00,2,36.0,evening,1
B0005216,C00092,DXB-MAR,2026-04-04T21:00,2,50.0,evening,1
B0005217,C01684,DXB-DTN,2026-04-04T22:00,2,50.0,evening,1
B0005218,C00660,DXB-DEI,2026-04-05T07:00,2,44.0,morning,1
B0005219,C00731,DXB-DEI,2026-04-05T08:00,3,82.0,morning,1
B0005220,C01422,DXB-DTN,2026-04-05T09:00,2,36.0,morning,1
B0005221,C00352,DXB-DTN,2026-04-05T09:00,1,32.0,morning,1
B0005222,C02275,DXB-MOE,2026-04-05T11:00,1,32.0,midday,1
B0005223,C01444,DXB-DEI,2026-04-05T11:00,3,82.0,midday,1
B0005224,C01824,DXB-DTN,2026-04-05T13:00,1,32.0,midday,1
B0005225,C01337,DXB-MOE,2026-04-05T14:00,1,32.0,midday,1
B0005226,C00285,DXB-MAR,2026-04-05T15:00,1,18.0,midday,1
B0005227,C02208,DXB-DTN,2026-04-05T16:00,1,26.0,midday,1
B0005228,C01413,DXB-MAR,2026-04-05T16:00,4,114.0,midday,1
B0005229,C00871,DXB-MAR,2026-04-05T16:00,1,32.0,midday,1
B0005230,C01061,DXB-DEI,2026-04-05T16:00,3,82.0,midday,1
B0005231,C01865,DXB-MAR,2026-04-05T17:00,1,24.0,evening,1
B0005232,C00246,DXB-DEI,2026-04-05T17:00,2,56.0,evening,1
B0005233,C01861,DXB-MAR,2026-04-05T18:00,1,24.0,evening,1
B0005234,C00018,DXB-MAR,2026-04-05T18:00,1,32.0,evening,1
B0005235,C01233,DXB-MAR,2026-04-05T18:00,1,32.0,evening,1
B0005236,C02263,DXB-MAR,2026-04-05T18:00,1,24.0,evening,1
B0005237,C01824,DXB-MAR,2026-04-05T18:00,1,18.0,evening,1
B0005238,C01566,DXB-DTN,2026-04-05T19:00,3,88.0,evening,1
B0005239,C00612,DXB-DEI,2026-04-05T19:00,1,32.0,evening,1
B0005240,C00379,DXB-DTN,2026-04-05T20:00,1,32.0,evening,1
B0005241,C01862,DXB-DTN,2026-04-05T20:00,2,50.0,evening,1
B0005242,C01355,DXB-MOE,2026-04-05T20:00,2,50.0,evening,1
B0005243,C00077,DXB-DTN,2026-04-05T21:00,2,52.0,evening,1
B0005244,C01242,DXB-MOE,2026-04-05T21:00,1,24.0,evening,1
B0005245,C00054,DXB-MAR,2026-04-05T21:00,1,24.0,evening,1
B0005246,C01194,DXB-MAR,2026-04-05T21:00,2,50.0,evening,1
B0005247,C01554,DXB-DEI,2026-04-06T07:00,1,32.0,morning,1
B0005248,C01923,DXB-DTN,2026-04-06T09:00,2,44.0,morning,1
B0005249,C01337,DXB-MOE,2026-04-06T09:00,2,44.0,morning,1
B0005250,C01793,DXB-DTN,2026-04-06T10:00,1,18.0,morning,1
B0005251,C01363,DXB-DTN,2026-04-06T11:00,1,24.0,midday,1
B0005252,C00210,DXB-MOE,2026-04-06T11:00,2,50.0,midday,1
B0005253,C01496,DXB-MOE,2026-04-06T12:00,2,44.0,midday,1
B0005254,C01456,DXB-DTN,2026-04-06T13:00,4,102.0,midday,1
B0005255,C01862,DXB-DTN,2026-04-06T14:00,3,68.0,midday,1
B0005256,C00537,DXB-MOE,2026-04-06T14:00,1,24.0,midday,1
B0005257,C01813,DXB-DTN,2026-04-06T17:00,1,26.0,evening,1
B0005258,C01040,DXB-DTN,2026-04-06T19:00,3,74.0,evening,1
B0005259,C02262,DXB-MOE,2026-04-06T19:00,1,18.0,evening,1
B0005260,C01011,DXB-MAR,2026-04-06T19:00,3,74.0,evening,1
B0005261,C01417,DXB-DTN,2026-04-06T21:00,1,18.0,evening,1
B0005262,C00245,DXB-DTN,2026-04-06T21:00,3,66.0,evening,1
B0005263,C01181,DXB-MOE,2026-04-06T21:00,2,48.0,evening,1
B0005264,C01965,DXB-MOE,2026-04-06T21:00,1,32.0,evening,1
B0005265,C01146,DXB-MAR,2026-04-06T23:00,3,82.0,evening,1
B0005266,C00101,DXB-DEI,2026-04-07T06:00,2,42.0,morning,1
B0005267,C00410,DXB-DTN,2026-04-07T07:00,2,36.0,morning,1
B0005268,C01789,DXB-DEI,2026-04-07T07:00,2,56.0,morning,1
B0005269,C02136,DXB-MOE,2026-04-07T08:00,2,50.0,morning,1
B0005270,C02004,DXB-DEI,2026-04-07T08:00,1,32.0,morning,1
B0005271,C01780,DXB-DEI,2026-04-07T08:00,2,42.0,morning,1
B0005272,C00444,DXB-DTN,2026-04-07T09:00,3,70.0,morning,1
B0005273,C00922,DXB-DTN,2026-04-07T09:00,1,24.0,morning,1
B0005274,C02237,DXB-MAR,2026-04-07T09:00,1,26.0,morning,1
B0005275,C01852,DXB-MAR,2026-04-07T09:00,2,42.0,morning,1
B0005276,C02137,DXB-DTN,2026-04-07T10:00,2,64.0,morning,1
B0005277,C00311,DXB-DTN,2026-04-07T11:00,3,60.0,midday,1
B0005278,C00867,DXB-MAR,2026-04-07T11:00,1,26.0,midday,1
B0005279,C01119,DXB-DEI,2026-04-07T11:00,1,18.0,midday,1
B0005280,C01957,DXB-MOE,2026-04-07T15:00,2,58.0,midday,1
B0005281,C02110,DXB-MOE,2026-04-07T15:00,3,76.0,midday,1
B0005282,C00382,DXB-MAR,2026-04-07T17:00,2,42.0,evening,1
B0005283,C02104,DXB-MAR,2026-04-07T17:00,1,26.0,evening,1
B0005284,C01645,DXB-MAR,2026-04-07T17:00,1,26.0,evening,1
B0005285,C02042,DXB-MAR,2026-04-07T18:00,1,26.0,evening,1
B0005286,C01851,DXB-MAR,2026-04-07T18:00,2,50.0,evening,1
B0005287,C00444,DXB-DEI,2026-04-07T19:00,1,18.0,evening,1
B0005288,C01862,DXB-DEI,2026-04-07T19:00,2,50.0,evening,1
B0005289,C01688,DXB-DEI,2026-04-07T20:00,2,52.0,evening,1
B0005290,C00276,DXB-DTN,2026-04-07T21:00,3,80.0,evening,1
B0005291,C01337,DXB-DEI,2026-04-08T06:00,1,18.0,morning,1
B0005292,C00444,DXB-MAR,2026-04-08T07:00,1,26.0,morning,1
B0005293,C01097,DXB-MAR,2026-04-08T07:00,1,26.0,morning,1
B0005294,C01890,DXB-DEI,2026-04-08T08:00,3,76.0,morning,1
B0005295,C00883,DXB-MOE,2026-04-08T09:00,2,58.0,morning,1
B0005296,C01189,DXB-MAR,2026-04-08T09:00,1,32.0,morning,1
B0005297,C00567,DXB-MOE,2026-04-08T10:00,2,42.0,morning,1
B0005298,C01772,DXB-MAR,2026-04-08T10:00,2,56.0,morning,1
B0005299,C00275,DXB-MAR,2026-04-08T10:00,2,52.0,morning,1
B0005300,C02357,DXB-DTN,2026-04-08T11:00,1,32.0,midday,1
B0005301,C00867,DXB-MOE,2026-04-08T11:00,1,26.0,midday,1
B0005302,C02058,DXB-DTN,2026-04-08T12:00,2,48.0,midday,1
B0005303,C01846,DXB-DTN,2026-04-08T14:00,3,76.0,midday,1
B0005304,C01982,DXB-MOE,2026-04-08T14:00,2,50.0,midday,1
B0005305,C00759,DXB-MAR,2026-04-08T15:00,3,80.0,midday,1
B0005306,C00421,DXB-MOE,2026-04-08T17:00,2,50.0,evening,1
B0005307,C02025,DXB-MOE,2026-04-08T17:00,2,42.0,evening,1
B0005308,C00421,DXB-MAR,2026-04-08T17:00,2,50.0,evening,1
B0005309,C01179,DXB-DTN,2026-04-08T18:00,2,64.0,evening,1
B0005310,C00035,DXB-MOE,2026-04-08T18:00,1,32.0,evening,1
B0005311,C02268,DXB-MAR,2026-04-08T19:00,1,26.0,evening,1
B0005312,C01159,DXB-MAR,2026-04-08T19:00,2,52.0,evening,1
B0005313,C00493,DXB-MOE,2026-04-08T20:00,1,24.0,evening,1
B0005314,C01517,DXB-MOE,2026-04-08T20:00,1,26.0,evening,1
B0005315,C01496,DXB-MOE,2026-04-08T21:00,2,56.0,evening,1
B0005316,C02320,DXB-MAR,2026-04-08T21:00,1,26.0,evening,1
B0005317,C00686,DXB-DTN,2026-04-08T22:00,2,50.0,evening,1
B0005318,C01181,DXB-MAR,2026-04-08T22:00,1,26.0,evening,1
B0005319,C01862,DXB-DEI,2026-04-09T06:00,3,68.0,morning,1
B0005320,C01653,DXB-DTN,2026-04-09T07:00,2,58.0,morning,1
B0005321,C00320,DXB-MAR,2026-04-09T07:00,1,26.0,morning,1
B0005322,C00312,DXB-DEI,2026-04-09T07:00,2,56.0,morning,1
B0005323,C00401,DXB-DTN,2026-04-09T08:00,1,18.0,morning,1
B0005324,C00757,DXB-DEI,2026-04-09T08:00,1,24.0,morning,1
B0005325,C00447,DXB-DTN,2026-04-09T10:00,2,44.0,morning,1
B0005326,C01623,DXB-MOE,2026-04-09T10:00,1,24.0,morning,1
B0005327,C01189,DXB-DTN,2026-04-09T11:00,2,64.0,midday,1
B0005328,C00073,DXB-DTN,2026-04-09T11:00,1,32.0,midday,1
B0005329,C02330,DXB-MOE,2026-04-09T13:00,1,18.0,midday,1
B0005330,C01661,DXB-MOE,2026-04-09T14:00,2,42.0,midday,1
B0005331,C01967,DXB-DTN,2026-04-09T16:00,2,42.0,midday,1
B0005332,C01246,DXB-MOE,2026-04-09T16:00,2,50.0,midday,1
B0005333,C00889,DXB-MOE,2026-04-09T16:00,3,84.0,midday,1
B0005334,C01954,DXB-MOE,2026-04-09T17:00,1,18.0,evening,1
B0005335,C02115,DXB-DEI,2026-04-09T17:00,1,24.0,evening,1
B0005336,C01113,DXB-DEI,2026-04-09T18:00,1,26.0,evening,1
B0005337,C00868,DXB-DTN,2026-04-09T19:00,3,62.0,evening,1
B0005338,C00318,DXB-DTN,2026-04-09T19:00,2,42.0,evening,1
B0005339,C01527,DXB-MAR,2026-04-09T19:00,2,58.0,evening,1
B0005340,C00032,DXB-DTN,2026-04-09T20:00,1,26.0,evening,1
B0005341,C01629,DXB-DEI,2026-04-09T20:00,2,48.0,evening,1
B0005342,C00483,DXB-MAR,2026-04-09T21:00,4,106.0,evening,1
B0005343,C00246,DXB-DEI,2026-04-10T06:00,1,18.0,morning,1
B0005344,C02379,DXB-DEI,2026-04-10T06:00,1,18.0,morning,1
B0005345,C02228,DXB-DEI,2026-04-10T06:00,2,44.0,morning,1
B0005346,C00616,DXB-DTN,2026-04-10T07:00,1,26.0,morning,1
B0005347,C02166,DXB-DEI,2026-04-10T08:00,1,26.0,morning,1
B0005348,C00165,DXB-MAR,2026-04-10T09:00,1,26.0,morning,1
B0005349,C01833,DXB-MOE,2026-04-10T10:00,1,18.0,morning,1
B0005350,C00968,DXB-MOE,2026-04-10T11:00,2,64.0,midday,1
B0005351,C02362,DXB-MOE,2026-04-10T14:00,1,18.0,midday,1
B0005352,C00216,DXB-MAR,2026-04-10T14:00,3,68.0,midday,1
B0005353,C00966,DXB-MAR,2026-04-10T17:00,1,18.0,evening,1
B0005354,C01936,DXB-DEI,2026-04-10T17:00,1,18.0,evening,1
B0005355,C00551,DXB-DTN,2026-04-10T18:00,1,18.0,evening,1
B0005356,C01279,DXB-DTN,2026-04-10T19:00,3,82.0,evening,1
B0005357,C02131,DXB-MOE,2026-04-10T19:00,1,32.0,evening,1
B0005358,C00034,DXB-MAR,2026-04-10T20:00,2,50.0,evening,1
B0005359,C00074,DXB-MAR,2026-04-10T20:00,3,68.0,evening,1
B0005360,C01862,DXB-MAR,2026-04-10T20:00,1,32.0,evening,1
B0005361,C00261,DXB-MOE,2026-04-10T22:00,2,42.0,evening,1
B0005362,C00341,DXB-MAR,2026-04-10T22:00,1,18.0,evening,1
B0005363,C01289,DXB-MAR,2026-04-10T23:00,3,82.0,evening,1
B0005364,C01889,DXB-MAR,2026-04-10T23:00,1,32.0,evening,1
B0005365,C01337,DXB-MAR,2026-04-10T23:00,2,52.0,evening,1
B0005366,C00515,DXB-DEI,2026-04-11T06:00,1,24.0,morning,1
B0005367,C00898,DXB-DEI,2026-04-11T07:00,3,88.0,morning,1
B0005368,C00737,DXB-MOE,2026-04-11T08:00,2,52.0,morning,1
B0005369,C00095,DXB-MAR,2026-04-11T08:00,1,18.0,morning,1
B0005370,C01801,DXB-DEI,2026-04-11T08:00,1,32.0,morning,1
B0005371,C00278,DXB-DTN,2026-04-11T09:00,1,24.0,morning,1
B0005372,C02255,DXB-MOE,2026-04-11T10:00,3,82.0,morning,1
B0005373,C00370,DXB-DEI,2026-04-11T10:00,3,88.0,morning,1
B0005374,C00046,DXB-DEI,2026-04-11T10:00,1,18.0,morning,1
B0005375,C02271,DXB-MOE,2026-04-11T14:00,1,24.0,midday,1
B0005376,C00266,DXB-MOE,2026-04-11T16:00,2,50.0,midday,1
B0005377,C01821,DXB-MOE,2026-04-11T17:00,3,60.0,evening,1
B0005378,C00495,DXB-DTN,2026-04-11T18:00,1,18.0,evening,1
B0005379,C01466,DXB-DTN,2026-04-11T18:00,2,58.0,evening,1
B0005380,C01215,DXB-MOE,2026-04-11T18:00,2,58.0,evening,1
B0005381,C01232,DXB-MAR,2026-04-11T18:00,1,32.0,evening,1
B0005382,C00391,DXB-MOE,2026-04-11T19:00,1,26.0,evening,1
B0005383,C00385,DXB-MOE,2026-04-11T19:00,2,52.0,evening,1
B0005384,C00915,DXB-MOE,2026-04-11T19:00,2,50.0,evening,1
B0005385,C00408,DXB-MAR,2026-04-11T20:00,2,56.0,evening,1
B0005386,C01630,DXB-DTN,2026-04-11T21:00,1,32.0,evening,1
B0005387,C00067,DXB-MOE,2026-04-11T21:00,1,24.0,evening,1
B0005388,C01419,DXB-MAR,2026-04-11T21:00,1,32.0,evening,1
B0005389,C01106,DXB-MAR,2026-04-11T23:00,1,24.0,evening,1
B0005390,C01783,DXB-DEI,2026-04-12T07:00,1,24.0,morning,1
B0005391,C01151,DXB-DTN,2026-04-12T08:00,1,18.0,morning,1
B0005392,C02363,DXB-DEI,2026-04-12T08:00,1,18.0,morning,1
B0005393,C00344,DXB-DTN,2026-04-12T09:00,1,26.0,morning,1
B0005394,C00324,DXB-DEI,2026-04-12T09:00,3,62.0,morning,1
B0005395,C01606,DXB-DEI,2026-04-12T09:00,1,26.0,morning,1
B0005396,C00308,DXB-MOE,2026-04-12T12:00,2,42.0,midday,1
B0005397,C00135,DXB-MOE,2026-04-12T12:00,1,24.0,midday,1
B0005398,C02258,DXB-MAR,2026-04-12T15:00,2,44.0,midday,1
B0005399,C01675,DXB-MAR,2026-04-12T16:00,2,42.0,midday,1
B0005400,C00985,DXB-DTN,2026-04-12T17:00,2,56.0,evening,1
B0005401,C01878,DXB-MOE,2026-04-12T17:00,1,24.0,evening,1
B0005402,C00836,DXB-MOE,2026-04-12T18:00,1,26.0,evening,1
B0005403,C00139,DXB-MOE,2026-04-12T18:00,2,44.0,evening,1
B0005404,C01154,DXB-MOE,2026-04-12T18:00,1,32.0,evening,1
B0005405,C01039,DXB-MAR,2026-04-12T19:00,2,48.0,evening,1
B0005406,C00847,DXB-DEI,2026-04-12T20:00,1,24.0,evening,1
B0005407,C01314,DXB-DTN,2026-04-12T21:00,2,50.0,evening,1
B0005408,C02399,DXB-MOE,2026-04-12T21:00,1,26.0,evening,1
B0005409,C02379,DXB-MOE,2026-04-12T21:00,1,26.0,evening,1
B0005410,C00583,DXB-MOE,2026-04-12T22:00,2,58.0,evening,1
B0005411,C01481,DXB-MOE,2026-04-12T22:00,2,56.0,evening,1
B0005412,C00922,DXB-DEI,2026-04-13T07:00,2,50.0,morning,1
B0005413,C01877,DXB-DEI,2026-04-13T07:00,1,24.0,morning,1
B0005414,C00479,DXB-MAR,2026-04-13T09:00,1,32.0,morning,1
B0005415,C02110,DXB-MAR,2026-04-13T09:00,4,108.0,morning,1
B0005416,C00495,DXB-MAR,2026-04-13T09:00,1,26.0,morning,1
B0005417,C00165,DXB-DTN,2026-04-13T10:00,4,108.0,morning,1
B0005418,C00540,DXB-MOE,2026-04-13T10:00,3,72.0,morning,1
B0005419,C01411,DXB-MOE,2026-04-13T11:00,1,18.0,midday,1
B0005420,C01889,DXB-MAR,2026-04-13T11:00,1,18.0,midday,1
B0005421,C01348,DXB-MOE,2026-04-13T15:00,1,18.0,midday,1
B0005422,C00776,DXB-MOE,2026-04-13T15:00,1,18.0,midday,1
B0005423,C00624,DXB-MAR,2026-04-13T15:00,2,64.0,midday,1
B0005424,C01745,DXB-DTN,2026-04-13T16:00,1,18.0,midday,1
B0005425,C02002,DXB-MOE,2026-04-13T16:00,1,18.0,midday,1
B0005426,C00621,DXB-MOE,2026-04-13T16:00,1,18.0,midday,1
B0005427,C02263,DXB-MOE,2026-04-13T17:00,1,26.0,evening,1
B0005428,C02053,DXB-MAR,2026-04-13T17:00,1,32.0,evening,1
B0005429,C01491,DXB-MOE,2026-04-13T18:00,2,56.0,evening,1
B0005430,C00144,DXB-MOE,2026-04-13T18:00,1,32.0,evening,1
B0005431,C01709,DXB-MOE,2026-04-13T18:00,6,168.0,evening,1
B0005432,C00774,DXB-DTN,2026-04-13T20:00,1,32.0,evening,1
B0005433,C00983,DXB-DEI,2026-04-13T20:00,1,18.0,evening,1
B0005434,C01920,DXB-DTN,2026-04-13T21:00,1,24.0,evening,1
B0005435,C02333,DXB-MAR,2026-04-13T21:00,3,66.0,evening,1
B0005436,C01735,DXB-MAR,2026-04-14T07:00,1,26.0,morning,1
B0005437,C02136,DXB-MAR,2026-04-14T08:00,1,24.0,morning,1
B0005438,C00624,DXB-DTN,2026-04-14T09:00,2,50.0,morning,1
B0005439,C01683,DXB-DTN,2026-04-14T09:00,1,24.0,morning,1
B0005440,C00690,DXB-MAR,2026-04-14T09:00,1,32.0,morning,1
B0005441,C00750,DXB-MOE,2026-04-14T12:00,1,18.0,midday,1
B0005442,C00665,DXB-MOE,2026-04-14T13:00,1,18.0,midday,1
B0005443,C02365,DXB-MOE,2026-04-14T13:00,1,26.0,midday,1
B0005444,C00607,DXB-DTN,2026-04-14T17:00,1,26.0,evening,1
B0005445,C01895,DXB-DEI,2026-04-14T17:00,2,44.0,evening,1
B0005446,C02066,DXB-DEI,2026-04-14T17:00,1,18.0,evening,1
B0005447,C01545,DXB-DEI,2026-04-14T18:00,2,58.0,evening,1
B0005448,C01692,DXB-DEI,2026-04-14T18:00,2,44.0,evening,1
B0005449,C01318,DXB-DTN,2026-04-14T19:00,1,26.0,evening,1
B0005450,C01050,DXB-MOE,2026-04-14T20:00,2,52.0,evening,1
B0005451,C00551,DXB-MAR,2026-04-14T20:00,2,56.0,evening,1
B0005452,C01601,DXB-DTN,2026-04-14T21:00,2,50.0,evening,1
B0005453,C00455,DXB-DTN,2026-04-14T21:00,1,26.0,evening,1
B0005454,C01862,DXB-MOE,2026-04-14T22:00,1,32.0,evening,1
B0005455,C01366,DXB-MAR,2026-04-14T23:00,3,88.0,evening,1
B0005456,C01443,DXB-MAR,2026-04-14T23:00,3,74.0,evening,1
B0005457,C00144,DXB-DEI,2026-04-15T06:00,2,50.0,morning,1
B0005458,C00275,DXB-DTN,2026-04-15T07:00,4,86.0,morning,1
B0005459,C02058,DXB-MOE,2026-04-15T08:00,2,56.0,morning,1
B0005460,C00135,DXB-DEI,2026-04-15T08:00,3,74.0,morning,1
B0005461,C01406,DXB-DTN,2026-04-15T10:00,1,26.0,morning,1
B0005462,C00495,DXB-MOE,2026-04-15T10:00,2,42.0,morning,1
B0005463,C00308,DXB-MAR,2026-04-15T10:00,1,26.0,morning,1
B0005464,C01630,DXB-DEI,2026-04-15T11:00,1,32.0,midday,1
B0005465,C02055,DXB-DEI,2026-04-15T12:00,2,36.0,midday,1
B0005466,C00521,DXB-DTN,2026-04-15T13:00,1,26.0,midday,1
B0005467,C00548,DXB-MOE,2026-04-15T15:00,2,52.0,midday,1
B0005468,C00226,DXB-DEI,2026-04-15T15:00,2,44.0,midday,1
B0005469,C01146,DXB-DEI,2026-04-15T16:00,2,56.0,midday,1
B0005470,C00193,DXB-MOE,2026-04-15T17:00,2,42.0,evening,1
B0005471,C00684,DXB-DTN,2026-04-15T18:00,2,52.0,evening,1
B0005472,C01678,DXB-DTN,2026-04-15T19:00,2,42.0,evening,1
B0005473,C00977,DXB-MAR,2026-04-15T19:00,3,90.0,evening,1
B0005474,C00595,DXB-DTN,2026-04-15T21:00,1,26.0,evening,1
B0005475,C00488,DXB-MOE,2026-04-15T21:00,2,50.0,evening,1
B0005476,C01366,DXB-DEI,2026-04-15T21:00,2,48.0,evening,1
B0005477,C00803,DXB-DTN,2026-04-16T07:00,2,42.0,morning,1
B0005478,C00669,DXB-MAR,2026-04-16T08:00,1,26.0,morning,1
B0005479,C01857,DXB-MOE,2026-04-16T09:00,2,44.0,morning,1
B0005480,C00705,DXB-MAR,2026-04-16T09:00,1,32.0,morning,1
B0005481,C01862,DXB-DTN,2026-04-16T11:00,2,42.0,midday,1
B0005482,C01038,DXB-MOE,2026-04-16T11:00,1,18.0,midday,1
B0005483,C00036,DXB-MOE,2026-04-16T12:00,2,50.0,midday,1
B0005484,C01040,DXB-DTN,2026-04-16T14:00,2,44.0,midday,1
B0005485,C00723,DXB-MOE,2026-04-16T14:00,2,58.0,midday,1
B0005486,C00540,DXB-MOE,2026-04-16T15:00,2,58.0,midday,1
B0005487,C00379,DXB-MAR,2026-04-16T15:00,2,64.0,midday,1
B0005488,C01412,DXB-MOE,2026-04-16T16:00,1,24.0,midday,1
B0005489,C00444,DXB-MOE,2026-04-16T16:00,2,52.0,midday,1
B0005490,C01780,DXB-MAR,2026-04-16T16:00,3,72.0,midday,1
B0005491,C01631,DXB-MOE,2026-04-16T17:00,1,32.0,evening,1
B0005492,C00060,DXB-MOE,2026-04-16T19:00,1,26.0,evening,1
B0005493,C01159,DXB-MAR,2026-04-16T19:00,3,60.0,evening,1
B0005494,C02051,DXB-MOE,2026-04-16T20:00,1,26.0,evening,1
B0005495,C02058,DXB-MAR,2026-04-16T20:00,2,56.0,evening,1
B0005496,C02365,DXB-MAR,2026-04-16T23:00,1,32.0,evening,1
B0005497,C02004,DXB-MAR,2026-04-16T23:00,1,26.0,evening,1
B0005498,C00709,DXB-DTN,2026-04-17T08:00,1,32.0,morning,1
B0005499,C00979,DXB-DTN,2026-04-17T09:00,3,90.0,morning,1
B0005500,C00253,DXB-DTN,2026-04-17T09:00,2,58.0,morning,1
B0005501,C02063,DXB-DTN,2026-04-17T09:00,1,18.0,morning,1
B0005502,C00965,DXB-MOE,2026-04-17T09:00,1,18.0,morning,1
B0005503,C01801,DXB-MOE,2026-04-17T09:00,2,58.0,morning,1
B0005504,C00232,DXB-DEI,2026-04-17T09:00,2,52.0,morning,1
B0005505,C01899,DXB-DEI,2026-04-17T09:00,1,32.0,morning,1
B0005506,C00605,DXB-DEI,2026-04-17T10:00,1,18.0,morning,1
B0005507,C00503,DXB-MOE,2026-04-17T11:00,2,64.0,midday,1
B0005508,C02010,DXB-DTN,2026-04-17T12:00,3,66.0,midday,1
B0005509,C01232,DXB-DTN,2026-04-17T12:00,2,44.0,midday,1
B0005510,C01189,DXB-DEI,2026-04-17T12:00,4,108.0,midday,1
B0005511,C02066,DXB-MOE,2026-04-17T15:00,1,24.0,midday,1
B0005512,C01338,DXB-DEI,2026-04-17T15:00,2,50.0,midday,1
B0005513,C01907,DXB-MOE,2026-04-17T16:00,2,58.0,midday,1
B0005514,C02332,DXB-DTN,2026-04-17T19:00,2,52.0,evening,1
B0005515,C01464,DXB-MAR,2026-04-17T20:00,1,32.0,evening,1
B0005516,C00872,DXB-DEI,2026-04-17T20:00,1,32.0,evening,1
B0005517,C01675,DXB-MAR,2026-04-17T23:00,1,32.0,evening,1
B0005518,C01774,DXB-DTN,2026-04-18T08:00,1,18.0,morning,1
B0005519,C00396,DXB-DTN,2026-04-18T08:00,1,24.0,morning,1
B0005520,C00626,DXB-MAR,2026-04-18T08:00,1,18.0,morning,1
B0005521,C01132,DXB-DTN,2026-04-18T09:00,2,58.0,morning,1
B0005522,C00734,DXB-DTN,2026-04-18T09:00,2,44.0,morning,1
B0005523,C02288,DXB-DTN,2026-04-18T09:00,3,84.0,morning,1
B0005524,C01233,DXB-MOE,2026-04-18T09:00,4,88.0,morning,1
B0005525,C02280,DXB-MOE,2026-04-18T09:00,1,18.0,morning,1
B0005526,C02051,DXB-DEI,2026-04-18T09:00,1,26.0,morning,1
B0005527,C00044,DXB-MOE,2026-04-18T10:00,1,24.0,morning,1
B0005528,C00149,DXB-MAR,2026-04-18T10:00,1,32.0,morning,1
B0005529,C00868,DXB-MAR,2026-04-18T10:00,3,90.0,morning,1
B0005530,C01664,DXB-DTN,2026-04-18T11:00,3,82.0,midday,1
B0005531,C00802,DXB-DTN,2026-04-18T11:00,1,32.0,midday,1
B0005532,C01707,DXB-DEI,2026-04-18T11:00,2,36.0,midday,1
B0005533,C02117,DXB-MOE,2026-04-18T12:00,1,18.0,midday,1
B0005534,C01496,DXB-MOE,2026-04-18T12:00,1,18.0,midday,1
B0005535,C01720,DXB-MOE,2026-04-18T14:00,2,56.0,midday,1
B0005536,C02353,DXB-MOE,2026-04-18T15:00,2,50.0,midday,1
B0005537,C00223,DXB-MAR,2026-04-18T17:00,1,24.0,evening,1
B0005538,C01611,DXB-DTN,2026-04-18T18:00,5,110.0,evening,1
B0005539,C01786,DXB-MOE,2026-04-18T18:00,1,32.0,evening,1
B0005540,C02235,DXB-MAR,2026-04-18T18:00,1,32.0,evening,1
B0005541,C00871,DXB-MOE,2026-04-18T19:00,2,44.0,evening,1
B0005542,C01354,DXB-MOE,2026-04-18T20:00,1,26.0,evening,1
B0005543,C01588,DXB-MOE,2026-04-18T20:00,3,72.0,evening,1
B0005544,C00922,DXB-MAR,2026-04-18T20:00,2,44.0,evening,1
B0005545,C02083,DXB-MAR,2026-04-18T20:00,1,18.0,evening,1
B0005546,C00670,DXB-MAR,2026-04-18T20:00,2,58.0,evening,1
B0005547,C00445,DXB-MAR,2026-04-18T21:00,2,44.0,evening,1
B0005548,C01944,DXB-MOE,2026-04-18T22:00,1,26.0,evening,1
B0005549,C00670,DXB-MOE,2026-04-18T22:00,1,26.0,evening,1
B0005550,C00279,DXB-MAR,2026-04-18T22:00,2,42.0,evening,1
B0005551,C01095,DXB-MAR,2026-04-19T07:00,1,24.0,morning,1
B0005552,C02039,DXB-MAR,2026-04-19T07:00,2,58.0,morning,1
B0005553,C01088,DXB-DEI,2026-04-19T07:00,1,24.0,morning,1
B0005554,C00828,DXB-DEI,2026-04-19T07:00,1,32.0,morning,1
B0005555,C01899,DXB-MOE,2026-04-19T08:00,1,26.0,morning,1
B0005556,C02161,DXB-DEI,2026-04-19T08:00,2,52.0,morning,1
B0005557,C02362,DXB-DTN,2026-04-19T09:00,1,24.0,morning,1
B0005558,C00828,DXB-MOE,2026-04-19T09:00,1,24.0,morning,1
B0005559,C02309,DXB-DTN,2026-04-19T10:00,1,24.0,morning,1
B0005560,C02362,DXB-DTN,2026-04-19T10:00,2,44.0,morning,1
B0005561,C01739,DXB-MOE,2026-04-19T11:00,1,18.0,midday,1
B0005562,C00506,DXB-DTN,2026-04-19T12:00,2,42.0,midday,1
B0005563,C02008,DXB-MOE,2026-04-19T12:00,3,82.0,midday,1
B0005564,C01269,DXB-DTN,2026-04-19T13:00,1,24.0,midday,1
B0005565,C00444,DXB-MAR,2026-04-19T15:00,1,24.0,midday,1
B0005566,C01269,DXB-DTN,2026-04-19T16:00,2,50.0,midday,1
B0005567,C01898,DXB-MOE,2026-04-19T16:00,1,24.0,midday,1
B0005568,C02362,DXB-DTN,2026-04-19T18:00,2,50.0,evening,1
B0005569,C00068,DXB-MOE,2026-04-19T18:00,1,18.0,evening,1
B0005570,C01994,DXB-MAR,2026-04-19T18:00,3,76.0,evening,1
B0005571,C01425,DXB-MAR,2026-04-19T19:00,3,68.0,evening,1
B0005572,C02332,DXB-MAR,2026-04-19T19:00,3,62.0,evening,1
B0005573,C00495,DXB-MAR,2026-04-19T20:00,2,42.0,evening,1
B0005574,C01226,DXB-MAR,2026-04-19T21:00,1,26.0,evening,1
B0005575,C00729,DXB-DEI,2026-04-19T21:00,2,36.0,evening,1
B0005576,C00485,DXB-DTN,2026-04-19T22:00,1,32.0,evening,1
B0005577,C02146,DXB-MAR,2026-04-19T23:00,3,76.0,evening,1
B0005578,C00767,DXB-MAR,2026-04-19T23:00,1,26.0,evening,1
B0005579,C00550,DXB-DEI,2026-04-20T07:00,3,90.0,morning,1
B0005580,C02093,DXB-DTN,2026-04-20T09:00,2,44.0,morning,1
B0005581,C00546,DXB-DEI,2026-04-20T09:00,1,26.0,morning,1
B0005582,C00084,DXB-DTN,2026-04-20T10:00,1,18.0,morning,1
B0005583,C02202,DXB-MAR,2026-04-20T10:00,2,48.0,morning,1
B0005584,C00068,DXB-MOE,2026-04-20T11:00,1,24.0,midday,1
B0005585,C02262,DXB-MAR,2026-04-20T14:00,3,68.0,midday,1
B0005586,C01499,DXB-DTN,2026-04-20T17:00,3,66.0,evening,1
B0005587,C02076,DXB-MOE,2026-04-20T17:00,2,42.0,evening,1
B0005588,C02349,DXB-MOE,2026-04-20T18:00,1,26.0,evening,1
B0005589,C02150,DXB-MAR,2026-04-20T18:00,2,42.0,evening,1
B0005590,C00932,DXB-DTN,2026-04-20T19:00,2,56.0,evening,1
B0005591,C01547,DXB-MOE,2026-04-20T19:00,1,18.0,evening,1
B0005592,C01695,DXB-MAR,2026-04-20T20:00,1,18.0,evening,1
B0005593,C00871,DXB-DEI,2026-04-20T20:00,2,58.0,evening,1
B0005594,C02362,DXB-MOE,2026-04-20T21:00,1,26.0,evening,1
B0005595,C01298,DXB-MAR,2026-04-20T21:00,2,58.0,evening,1
B0005596,C00802,DXB-MAR,2026-04-20T21:00,1,24.0,evening,1
B0005597,C02215,DXB-MAR,2026-04-20T22:00,1,18.0,evening,1
B0005598,C00211,DXB-MOE,2026-04-21T08:00,2,48.0,morning,1
B0005599,C00988,DXB-MOE,2026-04-21T10:00,1,32.0,morning,1
B0005600,C01378,DXB-MOE,2026-04-21T10:00,5,110.0,morning,1
B0005601,C01895,DXB-MAR,2026-04-21T10:00,3,96.0,morning,1
B0005602,C01852,DXB-DTN,2026-04-21T11:00,1,26.0,midday,1
B0005603,C01559,DXB-MOE,2026-04-21T12:00,2,42.0,midday,1
B0005604,C02107,DXB-DTN,2026-04-21T14:00,1,26.0,midday,1
B0005605,C01174,DXB-DTN,2026-04-21T16:00,2,56.0,midday,1
B0005606,C01127,DXB-DEI,2026-04-21T16:00,4,84.0,midday,1
B0005607,C00223,DXB-MOE,2026-04-21T17:00,1,32.0,evening,1
B0005608,C01649,DXB-MAR,2026-04-21T17:00,3,68.0,evening,1
B0005609,C00485,DXB-DTN,2026-04-21T18:00,1,24.0,evening,1
B0005610,C01584,DXB-DTN,2026-04-21T19:00,1,32.0,evening,1
B0005611,C00868,DXB-MAR,2026-04-21T19:00,2,44.0,evening,1
B0005612,C01630,DXB-DTN,2026-04-21T20:00,2,58.0,evening,1
B0005613,C01332,DXB-MOE,2026-04-21T20:00,2,50.0,evening,1
B0005614,C01223,DXB-MAR,2026-04-21T20:00,1,18.0,evening,1
B0005615,C01686,DXB-DTN,2026-04-21T22:00,3,74.0,evening,1
B0005616,C01272,DXB-MAR,2026-04-21T22:00,1,24.0,evening,1
B0005617,C01491,DXB-DTN,2026-04-22T07:00,2,56.0,morning,1
B0005618,C02065,DXB-MAR,2026-04-22T07:00,2,58.0,morning,1
B0005619,C00637,DXB-DTN,2026-04-22T08:00,2,50.0,morning,1
B0005620,C02202,DXB-MAR,2026-04-22T08:00,1,32.0,morning,1
B0005621,C00539,DXB-MAR,2026-04-22T08:00,1,32.0,morning,1
B0005622,C00416,DXB-DTN,2026-04-22T09:00,2,48.0,morning,1
B0005623,C01014,DXB-MOE,2026-04-22T09:00,1,24.0,morning,1
B0005624,C00519,DXB-MAR,2026-04-22T09:00,1,32.0,morning,1
B0005625,C00732,DXB-MOE,2026-04-22T10:00,1,26.0,morning,1
B0005626,C00093,DXB-DEI,2026-04-22T10:00,2,58.0,morning,1
B0005627,C01986,DXB-DTN,2026-04-22T11:00,1,32.0,midday,1
B0005628,C00227,DXB-MAR,2026-04-22T15:00,2,44.0,midday,1
B0005629,C01569,DXB-MOE,2026-04-22T16:00,1,18.0,midday,1
B0005630,C00805,DXB-MAR,2026-04-22T16:00,1,24.0,midday,1
B0005631,C00257,DXB-MAR,2026-04-22T16:00,1,32.0,midday,1
B0005632,C02064,DXB-DTN,2026-04-22T18:00,1,32.0,evening,1
B0005633,C00872,DXB-DTN,2026-04-22T19:00,1,32.0,evening,1
B0005634,C00475,DXB-MAR,2026-04-22T20:00,1,32.0,evening,1
B0005635,C00268,DXB-MOE,2026-04-22T21:00,1,24.0,evening,1
B0005636,C00767,DXB-MAR,2026-04-22T22:00,2,44.0,evening,1
B0005637,C01824,DXB-MAR,2026-04-22T23:00,2,48.0,evening,1
B0005638,C01334,DXB-MAR,2026-04-22T23:00,1,18.0,evening,1
B0005639,C00314,DXB-DEI,2026-04-23T07:00,5,130.0,morning,1
B0005640,C01165,DXB-MOE,2026-04-23T08:00,1,18.0,morning,1
B0005641,C02011,DXB-MAR,2026-04-23T08:00,2,58.0,morning,1
B0005642,C02244,DXB-DEI,2026-04-23T08:00,2,50.0,morning,1
B0005643,C02061,DXB-DEI,2026-04-23T08:00,2,50.0,morning,1
B0005644,C00377,DXB-DTN,2026-04-23T09:00,2,36.0,morning,1
B0005645,C00595,DXB-DTN,2026-04-23T09:00,2,50.0,morning,1
B0005646,C02309,DXB-DTN,2026-04-23T10:00,3,74.0,morning,1
B0005647,C01114,DXB-DTN,2026-04-23T13:00,3,82.0,midday,1
B0005648,C01106,DXB-MOE,2026-04-23T13:00,2,50.0,midday,1
B0005649,C00432,DXB-DTN,2026-04-23T14:00,2,56.0,midday,1
B0005650,C01519,DXB-MOE,2026-04-23T14:00,2,52.0,midday,1
B0005651,C02238,DXB-MOE,2026-04-23T16:00,1,24.0,midday,1
B0005652,C02010,DXB-MOE,2026-04-23T17:00,2,58.0,evening,1
B0005653,C01654,DXB-MOE,2026-04-23T17:00,2,50.0,evening,1
B0005654,C01373,DXB-MOE,2026-04-23T18:00,1,26.0,evening,1
B0005655,C01226,DXB-DTN,2026-04-23T20:00,3,72.0,evening,1
B0005656,C00605,DXB-MOE,2026-04-23T20:00,3,74.0,evening,1
B0005657,C01318,DXB-MOE,2026-04-23T20:00,1,32.0,evening,1
B0005658,C01425,DXB-MAR,2026-04-23T20:00,4,110.0,evening,1
B0005659,C00032,DXB-MAR,2026-04-23T21:00,4,100.0,evening,1
B0005660,C01585,DXB-MAR,2026-04-23T21:00,1,32.0,evening,1
B0005661,C00410,DXB-MOE,2026-04-23T22:00,3,68.0,evening,1
B0005662,C02208,DXB-MOE,2026-04-23T22:00,2,50.0,evening,1
B0005663,C00512,DXB-MAR,2026-04-23T23:00,3,68.0,evening,1
B0005664,C01986,DXB-MAR,2026-04-23T23:00,2,42.0,evening,1
B0005665,C00922,DXB-MAR,2026-04-23T23:00,2,50.0,evening,1
B0005666,C01663,DXB-DEI,2026-04-24T06:00,3,82.0,morning,1
B0005667,C00860,DXB-MAR,2026-04-24T07:00,1,26.0,morning,1
B0005668,C02262,DXB-DEI,2026-04-24T07:00,1,24.0,morning,1
B0005669,C00025,DXB-DEI,2026-04-24T07:00,1,24.0,morning,1
B0005670,C01045,DXB-DEI,2026-04-24T07:00,1,32.0,morning,1
B0005671,C00512,DXB-DEI,2026-04-24T08:00,1,26.0,morning,1
B0005672,C01618,DXB-DTN,2026-04-24T09:00,2,50.0,morning,1
B0005673,C01516,DXB-DTN,2026-04-24T09:00,1,18.0,morning,1
B0005674,C01426,DXB-MAR,2026-04-24T09:00,1,18.0,morning,1
B0005675,C00547,DXB-DTN,2026-04-24T10:00,2,50.0,morning,1
B0005676,C01256,DXB-MOE,2026-04-24T13:00,3,88.0,midday,1
B0005677,C00867,DXB-MOE,2026-04-24T13:00,1,26.0,midday,1
B0005678,C00858,DXB-MAR,2026-04-24T13:00,1,32.0,midday,1
B0005679,C00802,DXB-DEI,2026-04-24T13:00,2,56.0,midday,1
B0005680,C00953,DXB-DTN,2026-04-24T16:00,1,24.0,midday,1
B0005681,C01997,DXB-MOE,2026-04-24T16:00,2,50.0,midday,1
B0005682,C00949,DXB-MOE,2026-04-24T18:00,2,50.0,evening,1
B0005683,C01618,DXB-MOE,2026-04-24T18:00,1,32.0,evening,1
B0005684,C01141,DXB-MOE,2026-04-24T18:00,1,24.0,evening,1
B0005685,C02153,DXB-MOE,2026-04-24T18:00,1,18.0,evening,1
B0005686,C01213,DXB-DTN,2026-04-24T19:00,2,56.0,evening,1
B0005687,C01618,DXB-MOE,2026-04-24T19:00,1,32.0,evening,1
B0005688,C02143,DXB-MOE,2026-04-24T19:00,2,58.0,evening,1
B0005689,C01914,DXB-MOE,2026-04-24T19:00,1,32.0,evening,1
B0005690,C01657,DXB-DEI,2026-04-24T19:00,1,26.0,evening,1
B0005691,C01114,DXB-MAR,2026-04-24T20:00,2,50.0,evening,1
B0005692,C01406,DXB-DTN,2026-04-24T21:00,1,24.0,evening,1
B0005693,C00083,DXB-DTN,2026-04-24T21:00,1,26.0,evening,1
B0005694,C02037,DXB-MAR,2026-04-24T21:00,1,24.0,evening,1
B0005695,C00106,DXB-DTN,2026-04-25T07:00,2,56.0,morning,1
B0005696,C01061,DXB-DTN,2026-04-25T08:00,3,74.0,morning,1
B0005697,C01184,DXB-MOE,2026-04-25T08:00,1,26.0,morning,1
B0005698,C02051,DXB-DTN,2026-04-25T09:00,4,100.0,morning,1
B0005699,C01193,DXB-DTN,2026-04-25T09:00,2,50.0,morning,1
B0005700,C00872,DXB-MOE,2026-04-25T09:00,1,24.0,morning,1
B0005701,C01399,DXB-MAR,2026-04-25T09:00,1,18.0,morning,1
B0005702,C01862,DXB-DEI,2026-04-25T09:00,3,70.0,morning,1
B0005703,C01512,DXB-MOE,2026-04-25T10:00,2,52.0,morning,1
B0005704,C01944,DXB-MOE,2026-04-25T10:00,2,36.0,morning,1
B0005705,C01631,DXB-DEI,2026-04-25T10:00,1,32.0,morning,1
B0005706,C00175,DXB-DTN,2026-04-25T11:00,2,44.0,midday,1
B0005707,C01052,DXB-DTN,2026-04-25T13:00,1,24.0,midday,1
B0005708,C01431,DXB-DEI,2026-04-25T14:00,1,18.0,midday,1
B0005709,C02216,DXB-DTN,2026-04-25T15:00,2,58.0,midday,1
B0005710,C00074,DXB-DTN,2026-04-25T15:00,1,18.0,midday,1
B0005711,C02210,DXB-MOE,2026-04-25T15:00,1,24.0,midday,1
B0005712,C01763,DXB-DEI,2026-04-25T16:00,1,24.0,midday,1
B0005713,C02143,DXB-DEI,2026-04-25T16:00,2,50.0,midday,1
B0005714,C00667,DXB-DTN,2026-04-25T17:00,1,18.0,evening,1
B0005715,C01852,DXB-MAR,2026-04-25T17:00,1,18.0,evening,1
B0005716,C00041,DXB-MOE,2026-04-25T18:00,1,32.0,evening,1
B0005717,C01802,DXB-MAR,2026-04-25T18:00,2,52.0,evening,1
B0005718,C02268,DXB-DEI,2026-04-25T18:00,2,42.0,evening,1
B0005719,C00544,DXB-DTN,2026-04-25T19:00,1,26.0,evening,1
B0005720,C01783,DXB-MOE,2026-04-25T19:00,1,24.0,evening,1
B0005721,C01683,DXB-MOE,2026-04-25T20:00,2,58.0,evening,1
B0005722,C01850,DXB-MAR,2026-04-25T20:00,3,68.0,evening,1
B0005723,C00881,DXB-MAR,2026-04-25T20:00,2,56.0,evening,1
B0005724,C01487,DXB-MAR,2026-04-25T21:00,2,58.0,evening,1
B0005725,C01151,DXB-DEI,2026-04-25T21:00,1,32.0,evening,1
B0005726,C02241,DXB-MAR,2026-04-25T23:00,1,32.0,evening,1
B0005727,C01518,DXB-DEI,2026-04-26T06:00,2,50.0,morning,1
B0005728,C00873,DXB-MOE,2026-04-26T08:00,1,26.0,morning,1
B0005729,C01759,DXB-MOE,2026-04-26T08:00,2,58.0,morning,1
B0005730,C02332,DXB-DTN,2026-04-26T09:00,2,52.0,morning,1
B0005731,C01337,DXB-MOE,2026-04-26T09:00,2,58.0,morning,1
B0005732,C00114,DXB-MOE,2026-04-26T09:00,2,48.0,morning,1
B0005733,C02000,DXB-DTN,2026-04-26T11:00,1,32.0,midday,1
B0005734,C01824,DXB-MOE,2026-04-26T17:00,1,24.0,evening,1
B0005735,C00697,DXB-MAR,2026-04-26T18:00,3,90.0,evening,1
B0005736,C02208,DXB-MOE,2026-04-26T19:00,2,42.0,evening,1
B0005737,C02227,DXB-MOE,2026-04-26T19:00,1,24.0,evening,1
B0005738,C00269,DXB-DTN,2026-04-26T20:00,2,42.0,evening,1
B0005739,C00463,DXB-MOE,2026-04-26T20:00,2,56.0,evening,1
B0005740,C01724,DXB-DEI,2026-04-26T20:00,1,26.0,evening,1
B0005741,C01907,DXB-MOE,2026-04-26T21:00,2,56.0,evening,1
B0005742,C02294,DXB-MAR,2026-04-26T21:00,1,24.0,evening,1
B0005743,C02249,DXB-MAR,2026-04-26T21:00,2,42.0,evening,1
B0005744,C01337,DXB-DTN,2026-04-26T22:00,3,68.0,evening,1
B0005745,C02296,DXB-DTN,2026-04-26T22:00,2,56.0,evening,1
B0005746,C02300,DXB-MAR,2026-04-26T22:00,1,18.0,evening,1
B0005747,C02239,DXB-MAR,2026-04-26T23:00,1,24.0,evening,1
B0005748,C01852,DXB-MAR,2026-04-26T23:00,1,32.0,evening,1
B0005749,C02325,DXB-MAR,2026-04-26T23:00,1,18.0,evening,1
B0005750,C01002,DXB-DEI,2026-04-27T06:00,3,80.0,morning,1
B0005751,C00444,DXB-DTN,2026-04-27T07:00,2,44.0,morning,1
B0005752,C00368,DXB-MOE,2026-04-27T08:00,1,24.0,morning,1
B0005753,C00041,DXB-MAR,2026-04-27T09:00,1,18.0,morning,1
B0005754,C00277,DXB-DEI,2026-04-27T09:00,2,50.0,morning,1
B0005755,C01619,DXB-DTN,2026-04-27T10:00,1,18.0,morning,1
B0005756,C02086,DXB-MOE,2026-04-27T10:00,4,112.0,morning,1
B0005757,C00410,DXB-MAR,2026-04-27T10:00,1,26.0,morning,1
B0005758,C00043,DXB-MOE,2026-04-27T13:00,1,24.0,midday,1
B0005759,C01274,DXB-MOE,2026-04-27T15:00,1,24.0,midday,1
B0005760,C02088,DXB-MOE,2026-04-27T15:00,2,42.0,midday,1
B0005761,C01720,DXB-MOE,2026-04-27T16:00,2,50.0,midday,1
B0005762,C01318,DXB-MOE,2026-04-27T16:00,4,106.0,midday,1
B0005763,C00073,DXB-MOE,2026-04-27T16:00,2,64.0,midday,1
B0005764,C00112,DXB-MAR,2026-04-27T16:00,1,24.0,midday,1
B0005765,C00824,DXB-DTN,2026-04-27T18:00,1,32.0,evening,1
B0005766,C00051,DXB-MOE,2026-04-27T18:00,3,84.0,evening,1
B0005767,C00165,DXB-MOE,2026-04-27T18:00,2,50.0,evening,1
B0005768,C01432,DXB-MOE,2026-04-27T18:00,2,56.0,evening,1
B0005769,C01657,DXB-MAR,2026-04-27T18:00,2,64.0,evening,1
B0005770,C01862,DXB-DTN,2026-04-27T19:00,2,52.0,evening,1
B0005771,C00514,DXB-DTN,2026-04-27T19:00,3,88.0,evening,1
B0005772,C02194,DXB-MAR,2026-04-27T19:00,1,24.0,evening,1
B0005773,C01847,DXB-MAR,2026-04-27T19:00,2,52.0,evening,1
B0005774,C00275,DXB-MAR,2026-04-27T19:00,2,48.0,evening,1
B0005775,C00962,DXB-MAR,2026-04-27T19:00,1,26.0,evening,1
B0005776,C00871,DXB-DTN,2026-04-27T20:00,3,84.0,evening,1
B0005777,C00900,DXB-DTN,2026-04-27T20:00,3,90.0,evening,1
B0005778,C02088,DXB-MOE,2026-04-27T20:00,2,50.0,evening,1
B0005779,C01744,DXB-DTN,2026-04-27T21:00,1,32.0,evening,1
B0005780,C00742,DXB-MAR,2026-04-27T23:00,3,70.0,evening,1
B0005781,C00676,DXB-MAR,2026-04-28T07:00,1,24.0,morning,1
B0005782,C00802,DXB-MAR,2026-04-28T08:00,3,76.0,morning,1
B0005783,C01014,DXB-MAR,2026-04-28T08:00,1,26.0,morning,1
B0005784,C01688,DXB-MAR,2026-04-28T08:00,1,32.0,morning,1
B0005785,C01824,DXB-DTN,2026-04-28T09:00,1,18.0,morning,1
B0005786,C01822,DXB-DEI,2026-04-28T09:00,3,88.0,morning,1
B0005787,C00802,DXB-DTN,2026-04-28T10:00,2,50.0,morning,1
B0005788,C02208,DXB-DTN,2026-04-28T11:00,1,26.0,midday,1
B0005789,C01865,DXB-MOE,2026-04-28T11:00,2,50.0,midday,1
B0005790,C02336,DXB-MOE,2026-04-28T11:00,1,32.0,midday,1
B0005791,C01256,DXB-DTN,2026-04-28T13:00,1,32.0,midday,1
B0005792,C00802,DXB-MOE,2026-04-28T16:00,2,50.0,midday,1
B0005793,C00759,DXB-MOE,2026-04-28T17:00,1,32.0,evening,1
B0005794,C01997,DXB-DEI,2026-04-28T17:00,1,32.0,evening,1
B0005795,C01993,DXB-DTN,2026-04-28T19:00,3,80.0,evening,1
B0005796,C00595,DXB-MOE,2026-04-28T19:00,1,18.0,evening,1
B0005797,C01824,DXB-DEI,2026-04-28T19:00,1,18.0,evening,1
B0005798,C01801,DXB-MOE,2026-04-28T20:00,1,18.0,evening,1
B0005799,C00913,DXB-MAR,2026-04-28T20:00,2,42.0,evening,1
B0005800,C01047,DXB-MAR,2026-04-28T20:00,1,24.0,evening,1
B0005801,C01480,DXB-MAR,2026-04-28T20:00,1,32.0,evening,1
B0005802,C01552,DXB-DEI,2026-04-28T20:00,1,32.0,evening,1
B0005803,C02074,DXB-MOE,2026-04-28T21:00,1,26.0,evening,1
B0005804,C02302,DXB-MAR,2026-04-28T22:00,3,82.0,evening,1
B0005805,C01772,DXB-MAR,2026-04-29T07:00,1,32.0,morning,1
B0005806,C02337,DXB-DEI,2026-04-29T07:00,3,96.0,morning,1
B0005807,C01778,DXB-DTN,2026-04-29T08:00,2,56.0,morning,1
B0005808,C00150,DXB-MOE,2026-04-29T09:00,1,32.0,morning,1
B0005809,C02009,DXB-MAR,2026-04-29T09:00,1,18.0,morning,1
B0005810,C01159,DXB-DEI,2026-04-29T10:00,1,18.0,morning,1
B0005811,C01907,DXB-MOE,2026-04-29T11:00,1,26.0,midday,1
B0005812,C01254,DXB-DTN,2026-04-29T12:00,3,74.0,midday,1
B0005813,C00599,DXB-DTN,2026-04-29T14:00,1,24.0,midday,1
B0005814,C02135,DXB-MOE,2026-04-29T14:00,2,56.0,midday,1
B0005815,C01278,DXB-MAR,2026-04-29T16:00,1,24.0,midday,1
B0005816,C00421,DXB-MAR,2026-04-29T16:00,1,18.0,midday,1
B0005817,C00844,DXB-MOE,2026-04-29T18:00,1,24.0,evening,1
B0005818,C02136,DXB-MAR,2026-04-29T19:00,2,56.0,evening,1
B0005819,C01294,DXB-DTN,2026-04-29T20:00,3,76.0,evening,1
B0005820,C00928,DXB-DTN,2026-04-29T20:00,2,56.0,evening,1
B0005821,C02233,DXB-DTN,2026-04-29T20:00,2,56.0,evening,1
B0005822,C00883,DXB-MOE,2026-04-29T21:00,3,88.0,evening,1
B0005823,C01054,DXB-MAR,2026-04-29T21:00,2,42.0,evening,1
B0005824,C00240,DXB-DTN,2026-04-30T07:00,1,32.0,morning,1
B0005825,C01137,DXB-DEI,2026-04-30T07:00,1,18.0,morning,1
B0005826,C00342,DXB-MAR,2026-04-30T08:00,2,58.0,morning,1
B0005827,C00495,DXB-DEI,2026-04-30T08:00,1,26.0,morning,1
B0005828,C01424,DXB-DTN,2026-04-30T09:00,2,44.0,morning,1
B0005829,C02079,DXB-MAR,2026-04-30T10:00,1,26.0,morning,1
B0005830,C00660,DXB-DEI,2026-04-30T10:00,2,36.0,morning,1
B0005831,C01675,DXB-MAR,2026-04-30T11:00,2,50.0,midday,1
B0005832,C01706,DXB-DEI,2026-04-30T14:00,1,24.0,midday,1
B0005833,C00794,DXB-MOE,2026-04-30T15:00,1,32.0,midday,1
B0005834,C00862,DXB-MAR,2026-04-30T15:00,2,56.0,midday,1
B0005835,C01114,DXB-MOE,2026-04-30T16:00,2,52.0,midday,1
B0005836,C02235,DXB-MOE,2026-04-30T17:00,2,52.0,evening,1
B0005837,C00595,DXB-MOE,2026-04-30T17:00,1,18.0,evening,1
B0005838,C00229,DXB-MAR,2026-04-30T17:00,1,26.0,evening,1
B0005839,C00283,DXB-DEI,2026-04-30T17:00,2,44.0,evening,1
B0005840,C00928,DXB-MOE,2026-04-30T18:00,1,26.0,evening,1
B0005841,C01070,DXB-MAR,2026-04-30T19:00,2,58.0,evening,1
B0005842,C00495,DXB-MOE,2026-04-30T20:00,1,32.0,evening,1
B0005843,C01189,DXB-MAR,2026-04-30T21:00,2,50.0,evening,1
B0005844,C00546,DXB-MAR,2026-04-30T21:00,2,58.0,evening,1
B0005845,C02148,DXB-MAR,2026-04-30T21:00,2,42.0,evening,1
B0005846,C02263,DXB-MAR,2026-04-30T21:00,1,24.0,evening,1
B0005847,C01496,DXB-DTN,2026-04-30T22:00,2,56.0,evening,1
B0005848,C02276,DXB-MOE,2026-04-30T22:00,1,26.0,evening,1
B0005849,C00683,DXB-MAR,2026-04-30T22:00,1,24.0,evening,1
B0005850,C01863,DXB-MAR,2026-04-30T23:00,3,76.0,evening,1
B0005851,C00617,DXB-DTN,2026-05-01T07:00,3,68.0,morning,1
B0005852,C01463,DXB-DEI,2026-05-01T07:00,2,50.0,morning,1
B0005853,C01623,DXB-DTN,2026-05-01T08:00,1,24.0,morning,1
B0005854,C00135,DXB-DTN,2026-05-01T08:00,1,18.0,morning,1
B0005855,C02386,DXB-MAR,2026-05-01T08:00,2,50.0,morning,1
B0005856,C00574,DXB-DEI,2026-05-01T08:00,2,42.0,morning,1
B0005857,C01337,DXB-MAR,2026-05-01T09:00,2,50.0,morning,1
B0005858,C01034,DXB-MAR,2026-05-01T09:00,2,58.0,morning,1
B0005859,C00587,DXB-DTN,2026-05-01T10:00,2,44.0,morning,1
B0005860,C02355,DXB-MOE,2026-05-01T10:00,1,26.0,morning,1
B0005861,C00767,DXB-MAR,2026-05-01T10:00,1,32.0,morning,1
B0005862,C01801,DXB-MAR,2026-05-01T10:00,1,24.0,morning,1
B0005863,C01678,DXB-DEI,2026-05-01T10:00,1,24.0,morning,1
B0005864,C00369,DXB-MOE,2026-05-01T11:00,1,24.0,midday,1
B0005865,C01496,DXB-MOE,2026-05-01T11:00,2,48.0,midday,1
B0005866,C01173,DXB-MOE,2026-05-01T12:00,1,32.0,midday,1
B0005867,C01882,DXB-MOE,2026-05-01T13:00,1,24.0,midday,1
B0005868,C01763,DXB-MAR,2026-05-01T13:00,2,58.0,midday,1
B0005869,C00216,DXB-MOE,2026-05-01T16:00,1,18.0,midday,1
B0005870,C00688,DXB-MAR,2026-05-01T16:00,3,80.0,midday,1
B0005871,C02210,DXB-DEI,2026-05-01T16:00,2,50.0,midday,1
B0005872,C00059,DXB-MOE,2026-05-01T17:00,2,48.0,evening,1
B0005873,C00927,DXB-MAR,2026-05-01T18:00,1,18.0,evening,1
B0005874,C00070,DXB-DTN,2026-05-01T19:00,2,64.0,evening,1
B0005875,C01146,DXB-MOE,2026-05-01T19:00,1,32.0,evening,1
B0005876,C00922,DXB-MAR,2026-05-01T19:00,1,32.0,evening,1
B0005877,C01578,DXB-MAR,2026-05-01T19:00,3,68.0,evening,1
B0005878,C00427,DXB-DTN,2026-05-01T20:00,1,26.0,evening,1
B0005879,C02153,DXB-DTN,2026-05-01T20:00,3,82.0,evening,1
B0005880,C01213,DXB-DTN,2026-05-01T21:00,1,24.0,evening,1
B0005881,C02051,DXB-MAR,2026-05-01T21:00,2,56.0,evening,1
B0005882,C01067,DXB-MAR,2026-05-01T21:00,3,54.0,evening,1
B0005883,C01337,DXB-MAR,2026-05-01T22:00,3,62.0,evening,1
B0005884,C00858,DXB-DTN,2026-05-02T07:00,1,24.0,morning,1
B0005885,C02018,DXB-DTN,2026-05-02T07:00,2,50.0,morning,1
B0005886,C01386,DXB-DTN,2026-05-02T07:00,3,70.0,morning,1
B0005887,C01855,DXB-MAR,2026-05-02T07:00,1,18.0,morning,1
B0005888,C00180,DXB-MAR,2026-05-02T07:00,1,24.0,morning,1
B0005889,C02349,DXB-DEI,2026-05-02T07:00,1,32.0,morning,1
B0005890,C01923,DXB-DTN,2026-05-02T08:00,1,18.0,morning,1
B0005891,C00217,DXB-DTN,2026-05-02T08:00,2,56.0,morning,1
B0005892,C02062,DXB-DEI,2026-05-02T08:00,1,32.0,morning,1
B0005893,C01960,DXB-DEI,2026-05-02T08:00,1,26.0,morning,1
B0005894,C00429,DXB-DTN,2026-05-02T10:00,1,18.0,morning,1
B0005895,C00400,DXB-MOE,2026-05-02T10:00,2,64.0,morning,1
B0005896,C01795,DXB-DEI,2026-05-02T10:00,2,44.0,morning,1
B0005897,C01015,DXB-DTN,2026-05-02T11:00,1,18.0,midday,1
B0005898,C02010,DXB-MOE,2026-05-02T12:00,2,50.0,midday,1
B0005899,C01815,DXB-MOE,2026-05-02T13:00,2,50.0,midday,1
B0005900,C01812,DXB-MOE,2026-05-02T14:00,1,32.0,midday,1
B0005901,C00959,DXB-MOE,2026-05-02T15:00,1,26.0,midday,1
B0005902,C01729,DXB-MOE,2026-05-02T15:00,1,26.0,midday,1
B0005903,C01677,DXB-MAR,2026-05-02T17:00,3,60.0,evening,1
B0005904,C02101,DXB-MOE,2026-05-02T18:00,2,50.0,evening,1
B0005905,C00856,DXB-MOE,2026-05-02T18:00,1,24.0,evening,1
B0005906,C00856,DXB-MOE,2026-05-02T18:00,3,68.0,evening,1
B0005907,C00245,DXB-MOE,2026-05-02T19:00,1,18.0,evening,1
B0005908,C00106,DXB-MAR,2026-05-02T19:00,1,26.0,evening,1
B0005909,C01276,DXB-DTN,2026-05-02T20:00,1,24.0,evening,1
B0005910,C01094,DXB-MAR,2026-05-02T20:00,2,44.0,evening,1
B0005911,C00104,DXB-DTN,2026-05-02T21:00,1,24.0,evening,1
B0005912,C00240,DXB-MAR,2026-05-02T21:00,2,50.0,evening,1
B0005913,C01793,DXB-MAR,2026-05-02T21:00,3,66.0,evening,1
B0005914,C01982,DXB-MAR,2026-05-02T21:00,1,18.0,evening,1
B0005915,C00347,DXB-DTN,2026-05-02T22:00,1,32.0,evening,1
B0005916,C00165,DXB-MOE,2026-05-02T22:00,1,32.0,evening,1
B0005917,C01101,DXB-MAR,2026-05-02T22:00,2,44.0,evening,1
B0005918,C02317,DXB-MAR,2026-05-02T22:00,1,26.0,evening,1
B0005919,C01363,DXB-MAR,2026-05-02T23:00,3,90.0,evening,1
B0005920,C00854,DXB-MAR,2026-05-02T23:00,2,58.0,evening,1
B0005921,C01824,DXB-MAR,2026-05-03T07:00,2,42.0,morning,1
B0005922,C00626,DXB-DTN,2026-05-03T08:00,1,18.0,morning,1
B0005923,C01448,DXB-MAR,2026-05-03T09:00,1,26.0,morning,1
B0005924,C00070,DXB-DEI,2026-05-03T09:00,2,50.0,morning,1
B0005925,C01592,DXB-DEI,2026-05-03T09:00,1,24.0,morning,1
B0005926,C01852,DXB-DTN,2026-05-03T10:00,2,50.0,morning,1
B0005927,C02136,DXB-MOE,2026-05-03T10:00,1,18.0,morning,1
B0005928,C00243,DXB-DTN,2026-05-03T11:00,2,48.0,midday,1
B0005929,C02379,DXB-DTN,2026-05-03T11:00,1,24.0,midday,1
B0005930,C00385,DXB-DEI,2026-05-03T11:00,2,50.0,midday,1
B0005931,C00771,DXB-MOE,2026-05-03T12:00,1,26.0,midday,1
B0005932,C00024,DXB-MOE,2026-05-03T14:00,2,42.0,midday,1
B0005933,C00906,DXB-DTN,2026-05-03T15:00,1,32.0,midday,1
B0005934,C01754,DXB-DTN,2026-05-03T15:00,3,76.0,midday,1
B0005935,C01741,DXB-MOE,2026-05-03T17:00,3,82.0,evening,1
B0005936,C01953,DXB-MAR,2026-05-03T17:00,2,64.0,evening,1
B0005937,C02351,DXB-DTN,2026-05-03T18:00,1,24.0,evening,1
B0005938,C02347,DXB-MOE,2026-05-03T18:00,1,32.0,evening,1
B0005939,C00871,DXB-DEI,2026-05-03T18:00,1,24.0,evening,1
B0005940,C00248,DXB-DTN,2026-05-03T20:00,1,24.0,evening,1
B0005941,C01880,DXB-MOE,2026-05-03T20:00,1,18.0,evening,1
B0005942,C01412,DXB-MAR,2026-05-03T20:00,3,66.0,evening,1
B0005943,C00779,DXB-DEI,2026-05-03T20:00,1,24.0,evening,1
B0005944,C00739,DXB-MAR,2026-05-03T21:00,2,56.0,evening,1
B0005945,C00766,DXB-MAR,2026-05-03T21:00,1,26.0,evening,1
B0005946,C00312,DXB-MAR,2026-05-03T21:00,1,24.0,evening,1
B0005947,C01862,DXB-DEI,2026-05-03T21:00,1,32.0,evening,1
B0005948,C01432,DXB-DEI,2026-05-04T06:00,2,50.0,morning,1
B0005949,C02234,DXB-DEI,2026-05-04T07:00,3,60.0,morning,1
B0005950,C00495,DXB-MAR,2026-05-04T08:00,2,44.0,morning,1
B0005951,C01653,DXB-MAR,2026-05-04T09:00,1,18.0,morning,1
B0005952,C02237,DXB-DEI,2026-05-04T09:00,1,18.0,morning,1
B0005953,C00495,DXB-DTN,2026-05-04T10:00,2,50.0,morning,1
B0005954,C02299,DXB-MAR,2026-05-04T11:00,2,42.0,midday,1
B0005955,C01279,DXB-MOE,2026-05-04T12:00,2,50.0,midday,1
B0005956,C02269,DXB-DTN,2026-05-04T14:00,3,70.0,midday,1
B0005957,C02341,DXB-MOE,2026-05-04T16:00,1,24.0,midday,1
B0005958,C00463,DXB-DTN,2026-05-04T17:00,2,44.0,evening,1
B0005959,C01449,DXB-MAR,2026-05-04T17:00,3,80.0,evening,1
B0005960,C01060,DXB-MAR,2026-05-04T17:00,2,58.0,evening,1
B0005961,C00647,DXB-MOE,2026-05-04T19:00,2,56.0,evening,1
B0005962,C00108,DXB-MOE,2026-05-04T19:00,1,18.0,evening,1
B0005963,C01779,DXB-MAR,2026-05-04T19:00,4,92.0,evening,1
B0005964,C00665,DXB-MAR,2026-05-04T20:00,1,24.0,evening,1
B0005965,C00514,DXB-MOE,2026-05-04T21:00,1,18.0,evening,1
B0005966,C02272,DXB-MOE,2026-05-04T21:00,1,24.0,evening,1
B0005967,C00109,DXB-DEI,2026-05-04T21:00,2,50.0,evening,1
B0005968,C02305,DXB-DTN,2026-05-04T22:00,1,26.0,evening,1
B0005969,C01329,DXB-MOE,2026-05-04T22:00,2,64.0,evening,1
B0005970,C00259,DXB-MAR,2026-05-04T22:00,3,66.0,evening,1
B0005971,C01761,DXB-MAR,2026-05-04T22:00,3,68.0,evening,1
B0005972,C01316,DXB-DEI,2026-05-05T06:00,3,82.0,morning,1
B0005973,C00474,DXB-DTN,2026-05-05T07:00,1,32.0,morning,1
B0005974,C01254,DXB-MOE,2026-05-05T08:00,1,32.0,morning,1
B0005975,C00434,DXB-MAR,2026-05-05T08:00,1,32.0,morning,1
B0005976,C00853,DXB-DEI,2026-05-05T08:00,1,26.0,morning,1
B0005977,C00613,DXB-MAR,2026-05-05T09:00,2,44.0,morning,1
B0005978,C00433,DXB-DTN,2026-05-05T10:00,5,114.0,morning,1
B0005979,C01375,DXB-MOE,2026-05-05T10:00,1,24.0,morning,1
B0005980,C01760,DXB-MOE,2026-05-05T10:00,1,18.0,morning,1
B0005981,C00400,DXB-MOE,2026-05-05T18:00,1,32.0,evening,1
B0005982,C00421,DXB-MAR,2026-05-05T18:00,2,50.0,evening,1
B0005983,C00495,DXB-MOE,2026-05-05T20:00,2,42.0,evening,1
B0005984,C00371,DXB-MAR,2026-05-05T21:00,1,32.0,evening,1
B0005985,C00549,DXB-DTN,2026-05-05T22:00,2,58.0,evening,1
B0005986,C01923,DXB-DTN,2026-05-05T22:00,3,60.0,evening,1
B0005987,C00659,DXB-MAR,2026-05-05T22:00,1,32.0,evening,1
B0005988,C00263,DXB-MAR,2026-05-05T22:00,1,18.0,evening,1
B0005989,C02358,DXB-DEI,2026-05-06T06:00,1,26.0,morning,1
B0005990,C00130,DXB-DEI,2026-05-06T07:00,1,24.0,morning,1
B0005991,C02148,DXB-MAR,2026-05-06T08:00,3,68.0,morning,1
B0005992,C01337,DXB-MAR,2026-05-06T08:00,3,82.0,morning,1
B0005993,C00036,DXB-MAR,2026-05-06T08:00,2,52.0,morning,1
B0005994,C00624,DXB-MOE,2026-05-06T10:00,4,90.0,morning,1
B0005995,C00726,DXB-MOE,2026-05-06T11:00,2,58.0,midday,1
B0005996,C01651,DXB-DTN,2026-05-06T12:00,3,84.0,midday,1
B0005997,C00495,DXB-MOE,2026-05-06T12:00,1,24.0,midday,1
B0005998,C01995,DXB-MOE,2026-05-06T12:00,1,26.0,midday,1
B0005999,C02237,DXB-DTN,2026-05-06T15:00,1,32.0,midday,1
B0006000,C01189,DXB-MAR,2026-05-06T15:00,1,26.0,midday,1
B0006001,C02258,DXB-DEI,2026-05-06T16:00,1,32.0,midday,1
B0006002,C00092,DXB-DTN,2026-05-06T17:00,1,18.0,evening,1
B0006003,C01170,DXB-DTN,2026-05-06T17:00,2,56.0,evening,1
B0006004,C01856,DXB-MOE,2026-05-06T17:00,1,32.0,evening,1
B0006005,C00334,DXB-MOE,2026-05-06T17:00,1,32.0,evening,1
B0006006,C00391,DXB-DEI,2026-05-06T17:00,2,50.0,evening,1
B0006007,C02077,DXB-DTN,2026-05-06T18:00,3,74.0,evening,1
B0006008,C01414,DXB-DTN,2026-05-06T19:00,1,32.0,evening,1
B0006009,C01994,DXB-MAR,2026-05-06T19:00,2,36.0,evening,1
B0006010,C00092,DXB-DEI,2026-05-06T19:00,1,24.0,evening,1
B0006011,C00383,DXB-MAR,2026-05-06T20:00,2,50.0,evening,1
B0006012,C01105,DXB-MAR,2026-05-06T21:00,1,26.0,evening,1
B0006013,C02051,DXB-MAR,2026-05-06T21:00,2,50.0,evening,1
B0006014,C01447,DXB-DEI,2026-05-06T21:00,2,42.0,evening,1
B0006015,C01592,DXB-MOE,2026-05-06T22:00,1,26.0,evening,1
B0006016,C01862,DXB-MAR,2026-05-06T23:00,1,26.0,evening,1
B0006017,C00911,DXB-MAR,2026-05-06T23:00,3,90.0,evening,1
B0006018,C00092,DXB-DEI,2026-05-07T06:00,2,36.0,morning,1
B0006019,C01719,DXB-DTN,2026-05-07T07:00,2,58.0,morning,1
B0006020,C01986,DXB-DTN,2026-05-07T07:00,2,48.0,morning,1
B0006021,C01424,DXB-MAR,2026-05-07T07:00,4,96.0,morning,1
B0006022,C00147,DXB-DEI,2026-05-07T07:00,1,32.0,morning,1
B0006023,C01820,DXB-DEI,2026-05-07T07:00,2,50.0,morning,1
B0006024,C01614,DXB-DTN,2026-05-07T09:00,2,44.0,morning,1
B0006025,C00106,DXB-MAR,2026-05-07T09:00,1,18.0,morning,1
B0006026,C00800,DXB-DEI,2026-05-07T09:00,1,24.0,morning,1
B0006027,C02177,DXB-DEI,2026-05-07T09:00,3,96.0,morning,1
B0006028,C00728,DXB-DTN,2026-05-07T10:00,1,32.0,morning,1
B0006029,C02095,DXB-MOE,2026-05-07T11:00,3,80.0,midday,1
B0006030,C02376,DXB-DEI,2026-05-07T11:00,1,18.0,midday,1
B0006031,C01812,DXB-DEI,2026-05-07T14:00,1,24.0,midday,1
B0006032,C01782,DXB-DTN,2026-05-07T15:00,1,26.0,midday,1
B0006033,C00759,DXB-MOE,2026-05-07T15:00,1,32.0,midday,1
B0006034,C00108,DXB-DTN,2026-05-07T16:00,1,32.0,midday,1
B0006035,C01127,DXB-MOE,2026-05-07T16:00,2,48.0,midday,1
B0006036,C00973,DXB-MOE,2026-05-07T16:00,1,24.0,midday,1
B0006037,C00165,DXB-MAR,2026-05-07T16:00,1,32.0,midday,1
B0006038,C00911,DXB-MAR,2026-05-07T17:00,1,32.0,evening,1
B0006039,C00545,DXB-MAR,2026-05-07T17:00,2,50.0,evening,1
B0006040,C00761,DXB-DTN,2026-05-07T18:00,2,56.0,evening,1
B0006041,C00619,DXB-DTN,2026-05-07T18:00,1,26.0,evening,1
B0006042,C00023,DXB-DTN,2026-05-07T18:00,2,50.0,evening,1
B0006043,C00410,DXB-MOE,2026-05-07T18:00,3,54.0,evening,1
B0006044,C02338,DXB-DEI,2026-05-07T18:00,1,18.0,evening,1
B0006045,C01980,DXB-MAR,2026-05-07T19:00,1,24.0,evening,1
B0006046,C00495,DXB-DTN,2026-05-07T20:00,4,98.0,evening,1
B0006047,C00415,DXB-DTN,2026-05-07T20:00,2,36.0,evening,1
B0006048,C01243,DXB-MOE,2026-05-07T20:00,2,58.0,evening,1
B0006049,C01799,DXB-DTN,2026-05-07T21:00,2,42.0,evening,1
B0006050,C00859,DXB-MAR,2026-05-07T21:00,2,56.0,evening,1
B0006051,C02201,DXB-DEI,2026-05-07T21:00,1,24.0,evening,1
B0006052,C00882,DXB-DTN,2026-05-08T07:00,1,18.0,morning,1
B0006053,C01657,DXB-MAR,2026-05-08T07:00,1,26.0,morning,1
B0006054,C01569,DXB-DEI,2026-05-08T07:00,1,26.0,morning,1
B0006055,C00550,DXB-DTN,2026-05-08T08:00,2,56.0,morning,1
B0006056,C02313,DXB-MOE,2026-05-08T08:00,1,26.0,morning,1
B0006057,C00543,DXB-MAR,2026-05-08T08:00,1,24.0,morning,1
B0006058,C01771,DXB-DTN,2026-05-08T09:00,2,50.0,morning,1
B0006059,C00882,DXB-MOE,2026-05-08T09:00,1,24.0,morning,1
B0006060,C01527,DXB-MAR,2026-05-08T09:00,3,60.0,morning,1
B0006061,C00108,DXB-DTN,2026-05-08T11:00,1,32.0,midday,1
B0006062,C00444,DXB-DTN,2026-05-08T11:00,2,50.0,midday,1
B0006063,C02309,DXB-MOE,2026-05-08T11:00,2,56.0,midday,1
B0006064,C00147,DXB-MOE,2026-05-08T11:00,5,112.0,midday,1
B0006065,C00983,DXB-DEI,2026-05-08T11:00,1,24.0,midday,1
B0006066,C01357,DXB-MOE,2026-05-08T12:00,1,24.0,midday,1
B0006067,C00275,DXB-MOE,2026-05-08T13:00,1,26.0,midday,1
B0006068,C01954,DXB-MOE,2026-05-08T14:00,2,44.0,midday,1
B0006069,C01118,DXB-DTN,2026-05-08T16:00,2,42.0,midday,1
B0006070,C01049,DXB-DTN,2026-05-08T16:00,1,24.0,midday,1
B0006071,C01226,DXB-DTN,2026-05-08T17:00,2,36.0,evening,1
B0006072,C01337,DXB-MOE,2026-05-08T18:00,1,26.0,evening,1
B0006073,C00594,DXB-MOE,2026-05-08T18:00,2,42.0,evening,1
B0006074,C02385,DXB-MAR,2026-05-08T18:00,2,64.0,evening,1
B0006075,C00116,DXB-MAR,2026-05-08T18:00,4,96.0,evening,1
B0006076,C01105,DXB-MAR,2026-05-08T18:00,3,80.0,evening,1
B0006077,C00400,DXB-MOE,2026-05-08T19:00,2,50.0,evening,1
B0006078,C01990,DXB-MOE,2026-05-08T19:00,2,50.0,evening,1
B0006079,C02259,DXB-MOE,2026-05-08T20:00,1,26.0,evening,1
B0006080,C01745,DXB-MAR,2026-05-08T20:00,2,50.0,evening,1
B0006081,C01264,DXB-DEI,2026-05-08T20:00,1,26.0,evening,1
B0006082,C01337,DXB-MOE,2026-05-08T21:00,2,56.0,evening,1
B0006083,C00927,DXB-DTN,2026-05-08T22:00,3,70.0,evening,1
B0006084,C00257,DXB-DEI,2026-05-09T07:00,2,64.0,morning,1
B0006085,C00116,DXB-MOE,2026-05-09T08:00,1,32.0,morning,1
B0006086,C01337,DXB-DTN,2026-05-09T09:00,1,24.0,morning,1
B0006087,C00391,DXB-MOE,2026-05-09T09:00,2,52.0,morning,1
B0006088,C01712,DXB-DEI,2026-05-09T10:00,1,24.0,morning,1
B0006089,C01890,DXB-MOE,2026-05-09T11:00,2,36.0,midday,1
B0006090,C00260,DXB-MOE,2026-05-09T13:00,1,26.0,midday,1
B0006091,C01424,DXB-MAR,2026-05-09T14:00,2,44.0,midday,1
B0006092,C02356,DXB-MOE,2026-05-09T15:00,1,32.0,midday,1
B0006093,C02067,DXB-MOE,2026-05-09T16:00,1,24.0,midday,1
B0006094,C00693,DXB-DEI,2026-05-09T16:00,4,100.0,midday,1
B0006095,C00684,DXB-MOE,2026-05-09T17:00,1,18.0,evening,1
B0006096,C01943,DXB-MOE,2026-05-09T17:00,1,32.0,evening,1
B0006097,C00946,DXB-MAR,2026-05-09T17:00,1,18.0,evening,1
B0006098,C01606,DXB-DTN,2026-05-09T18:00,1,18.0,evening,1
B0006099,C01014,DXB-DTN,2026-05-09T18:00,1,18.0,evening,1
B0006100,C00010,DXB-MOE,2026-05-09T18:00,1,24.0,evening,1
B0006101,C00868,DXB-MOE,2026-05-09T19:00,1,26.0,evening,1
B0006102,C00731,DXB-MOE,2026-05-09T19:00,1,18.0,evening,1
B0006103,C01155,DXB-MAR,2026-05-09T19:00,1,32.0,evening,1
B0006104,C01565,DXB-DTN,2026-05-09T20:00,2,56.0,evening,1
B0006105,C01073,DXB-MOE,2026-05-09T20:00,1,32.0,evening,1
B0006106,C00957,DXB-MAR,2026-05-09T20:00,1,26.0,evening,1
B0006107,C00429,DXB-MOE,2026-05-09T21:00,3,72.0,evening,1
B0006108,C00607,DXB-MOE,2026-05-09T21:00,1,26.0,evening,1
B0006109,C00688,DXB-MOE,2026-05-09T21:00,1,18.0,evening,1
B0006110,C00278,DXB-MAR,2026-05-09T21:00,2,52.0,evening,1
B0006111,C02260,DXB-MAR,2026-05-09T21:00,1,24.0,evening,1
B0006112,C01638,DXB-MOE,2026-05-09T22:00,1,32.0,evening,1
B0006113,C00930,DXB-MAR,2026-05-09T22:00,1,26.0,evening,1
B0006114,C00228,DXB-MAR,2026-05-09T23:00,2,58.0,evening,1
B0006115,C00064,DXB-MAR,2026-05-10T07:00,2,36.0,morning,1
B0006116,C00020,DXB-DEI,2026-05-10T07:00,3,68.0,morning,1
B0006117,C00932,DXB-MOE,2026-05-10T08:00,2,50.0,morning,1
B0006118,C00277,DXB-MOE,2026-05-10T08:00,2,44.0,morning,1
B0006119,C00659,DXB-MAR,2026-05-10T08:00,4,102.0,morning,1
B0006120,C01193,DXB-DEI,2026-05-10T08:00,1,24.0,morning,1
B0006121,C02103,DXB-DEI,2026-05-10T09:00,1,26.0,morning,1
B0006122,C01810,DXB-MOE,2026-05-10T10:00,1,32.0,morning,1
B0006123,C00777,DXB-DEI,2026-05-10T10:00,1,18.0,morning,1
B0006124,C01341,DXB-MAR,2026-05-10T11:00,3,82.0,midday,1
B0006125,C01083,DXB-MOE,2026-05-10T12:00,2,50.0,midday,1
B0006126,C01856,DXB-MAR,2026-05-10T16:00,1,32.0,midday,1
B0006127,C01765,DXB-MOE,2026-05-10T17:00,1,32.0,evening,1
B0006128,C02029,DXB-DTN,2026-05-10T19:00,1,24.0,evening,1
B0006129,C00722,DXB-MAR,2026-05-10T19:00,1,26.0,evening,1
B0006130,C01676,DXB-MAR,2026-05-10T19:00,3,80.0,evening,1
B0006131,C01134,DXB-DTN,2026-05-10T20:00,2,52.0,evening,1
B0006132,C01861,DXB-MAR,2026-05-10T20:00,1,18.0,evening,1
B0006133,C01023,DXB-DEI,2026-05-10T21:00,2,50.0,evening,1
B0006134,C00935,DXB-DTN,2026-05-11T09:00,1,18.0,morning,1
B0006135,C01032,DXB-DTN,2026-05-11T09:00,1,26.0,morning,1
B0006136,C00279,DXB-DTN,2026-05-11T09:00,1,24.0,morning,1
B0006137,C01066,DXB-MAR,2026-05-11T11:00,3,82.0,midday,1
B0006138,C01275,DXB-DTN,2026-05-11T16:00,1,26.0,midday,1
B0006139,C01994,DXB-MOE,2026-05-11T17:00,1,32.0,evening,1
B0006140,C01882,DXB-MOE,2026-05-11T19:00,1,32.0,evening,1
B0006141,C00052,DXB-MAR,2026-05-11T19:00,1,26.0,evening,1
B0006142,C00582,DXB-MAR,2026-05-11T19:00,1,18.0,evening,1
B0006143,C00413,DXB-DTN,2026-05-11T20:00,2,42.0,evening,1
B0006144,C01040,DXB-MAR,2026-05-11T20:00,2,56.0,evening,1
B0006145,C00225,DXB-MAR,2026-05-11T20:00,2,52.0,evening,1
B0006146,C01613,DXB-MAR,2026-05-11T21:00,1,32.0,evening,1
B0006147,C01776,DXB-DEI,2026-05-11T21:00,3,76.0,evening,1
B0006148,C01559,DXB-MOE,2026-05-11T22:00,1,32.0,evening,1
B0006149,C00168,DXB-DEI,2026-05-12T07:00,1,18.0,morning,1
B0006150,C00779,DXB-MOE,2026-05-12T08:00,1,32.0,morning,1
B0006151,C00150,DXB-MOE,2026-05-12T08:00,1,18.0,morning,1
B0006152,C00318,DXB-DTN,2026-05-12T09:00,5,128.0,morning,1
B0006153,C00296,DXB-DTN,2026-05-12T09:00,2,44.0,morning,1
B0006154,C02169,DXB-DEI,2026-05-12T09:00,2,56.0,morning,1
B0006155,C02071,DXB-DTN,2026-05-12T11:00,1,18.0,midday,1
B0006156,C01106,DXB-MOE,2026-05-12T12:00,3,68.0,midday,1
B0006157,C01189,DXB-MOE,2026-05-12T16:00,1,18.0,midday,1
B0006158,C01994,DXB-DTN,2026-05-12T17:00,1,18.0,evening,1
B0006159,C01579,DXB-DTN,2026-05-12T18:00,1,26.0,evening,1
B0006160,C01549,DXB-DTN,2026-05-12T18:00,1,18.0,evening,1
B0006161,C00570,DXB-MOE,2026-05-12T18:00,1,18.0,evening,1
B0006162,C01316,DXB-DTN,2026-05-12T19:00,1,18.0,evening,1
B0006163,C02143,DXB-DTN,2026-05-12T20:00,2,50.0,evening,1
B0006164,C01511,DXB-DTN,2026-05-12T20:00,2,50.0,evening,1
B0006165,C01725,DXB-DTN,2026-05-12T21:00,2,42.0,evening,1
B0006166,C00495,DXB-MOE,2026-05-12T21:00,2,36.0,evening,1
B0006167,C01780,DXB-DTN,2026-05-12T22:00,2,42.0,evening,1
B0006168,C00020,DXB-DTN,2026-05-12T22:00,3,74.0,evening,1
B0006169,C00219,DXB-MOE,2026-05-12T22:00,1,26.0,evening,1
B0006170,C00278,DXB-MOE,2026-05-13T08:00,2,56.0,morning,1
B0006171,C01399,DXB-MAR,2026-05-13T08:00,2,56.0,morning,1
B0006172,C02263,DXB-DEI,2026-05-13T08:00,2,42.0,morning,1
B0006173,C00733,DXB-DTN,2026-05-13T09:00,2,64.0,morning,1
B0006174,C01911,DXB-DEI,2026-05-13T10:00,1,18.0,morning,1
B0006175,C02216,DXB-DTN,2026-05-13T12:00,1,24.0,midday,1
B0006176,C02208,DXB-MAR,2026-05-13T12:00,1,24.0,midday,1
B0006177,C01619,DXB-MOE,2026-05-13T13:00,1,24.0,midday,1
B0006178,C00068,DXB-DEI,2026-05-13T15:00,1,18.0,midday,1
B0006179,C02004,DXB-DEI,2026-05-13T15:00,2,50.0,midday,1
B0006180,C01957,DXB-DTN,2026-05-13T18:00,4,86.0,evening,1
B0006181,C01833,DXB-MOE,2026-05-13T18:00,2,48.0,evening,1
B0006182,C02216,DXB-DTN,2026-05-13T19:00,1,18.0,evening,1
B0006183,C00709,DXB-DTN,2026-05-13T19:00,2,58.0,evening,1
B0006184,C00040,DXB-MOE,2026-05-13T19:00,3,74.0,evening,1
B0006185,C00502,DXB-MAR,2026-05-13T19:00,2,56.0,evening,1
B0006186,C01432,DXB-DEI,2026-05-13T19:00,2,50.0,evening,1
B0006187,C00928,DXB-DTN,2026-05-13T21:00,2,42.0,evening,1
B0006188,C02011,DXB-MOE,2026-05-13T21:00,3,66.0,evening,1
B0006189,C01171,DXB-DEI,2026-05-13T21:00,2,50.0,evening,1
B0006190,C00444,DXB-MOE,2026-05-14T09:00,1,18.0,morning,1
B0006191,C01570,DXB-MOE,2026-05-14T10:00,1,18.0,morning,1
B0006192,C00900,DXB-MOE,2026-05-14T12:00,2,58.0,midday,1
B0006193,C00847,DXB-MAR,2026-05-14T12:00,1,18.0,midday,1
B0006194,C00264,DXB-DEI,2026-05-14T12:00,1,24.0,midday,1
B0006195,C01094,DXB-DEI,2026-05-14T14:00,4,104.0,midday,1
B0006196,C02158,DXB-DTN,2026-05-14T15:00,2,50.0,midday,1
B0006197,C01986,DXB-MOE,2026-05-14T15:00,1,26.0,midday,1
B0006198,C00507,DXB-DTN,2026-05-14T17:00,1,18.0,evening,1
B0006199,C00164,DXB-DTN,2026-05-14T17:00,1,24.0,evening,1
B0006200,C01490,DXB-DTN,2026-05-14T17:00,2,50.0,evening,1
B0006201,C00389,DXB-MOE,2026-05-14T18:00,2,52.0,evening,1
B0006202,C02124,DXB-DTN,2026-05-14T19:00,1,24.0,evening,1
B0006203,C01969,DXB-DEI,2026-05-14T19:00,1,24.0,evening,1
B0006204,C00946,DXB-DTN,2026-05-14T20:00,1,24.0,evening,1
B0006205,C01297,DXB-DTN,2026-05-14T20:00,1,18.0,evening,1
B0006206,C01825,DXB-MOE,2026-05-14T21:00,1,24.0,evening,1
B0006207,C00763,DXB-MOE,2026-05-14T22:00,2,44.0,evening,1
B0006208,C00584,DXB-DEI,2026-05-15T06:00,3,74.0,morning,1
B0006209,C01271,DXB-DTN,2026-05-15T07:00,2,48.0,morning,1
B0006210,C00413,DXB-MAR,2026-05-15T07:00,4,98.0,morning,1
B0006211,C01820,DXB-DTN,2026-05-15T08:00,2,42.0,morning,1
B0006212,C01931,DXB-DTN,2026-05-15T08:00,1,24.0,morning,1
B0006213,C02362,DXB-DTN,2026-05-15T08:00,3,68.0,morning,1
B0006214,C02269,DXB-DEI,2026-05-15T08:00,1,24.0,morning,1
B0006215,C01769,DXB-MAR,2026-05-15T09:00,2,36.0,morning,1
B0006216,C01735,DXB-DEI,2026-05-15T09:00,3,68.0,morning,1
B0006217,C02158,DXB-MOE,2026-05-15T10:00,1,26.0,morning,1
B0006218,C00226,DXB-DTN,2026-05-15T11:00,1,24.0,midday,1
B0006219,C01587,DXB-MAR,2026-05-15T11:00,2,56.0,midday,1
B0006220,C02143,DXB-MOE,2026-05-15T12:00,1,24.0,midday,1
B0006221,C02223,DXB-DEI,2026-05-15T12:00,2,48.0,midday,1
B0006222,C00428,DXB-MAR,2026-05-15T15:00,2,50.0,midday,1
B0006223,C00495,DXB-DTN,2026-05-15T18:00,2,44.0,evening,1
B0006224,C00686,DXB-MAR,2026-05-15T18:00,2,44.0,evening,1
B0006225,C02111,DXB-DEI,2026-05-15T18:00,5,138.0,evening,1
B0006226,C01846,DXB-DTN,2026-05-15T19:00,1,26.0,evening,1
B0006227,C00080,DXB-MOE,2026-05-15T19:00,1,32.0,evening,1
B0006228,C01683,DXB-MAR,2026-05-15T19:00,2,50.0,evening,1
B0006229,C01225,DXB-MAR,2026-05-15T19:00,1,24.0,evening,1
B0006230,C02088,DXB-DTN,2026-05-15T20:00,1,26.0,evening,1
B0006231,C01852,DXB-DTN,2026-05-15T20:00,1,26.0,evening,1
B0006232,C01381,DXB-DTN,2026-05-15T20:00,1,32.0,evening,1
B0006233,C02162,DXB-MOE,2026-05-15T21:00,1,32.0,evening,1
B0006234,C00269,DXB-MOE,2026-05-15T21:00,2,48.0,evening,1
B0006235,C00244,DXB-DTN,2026-05-15T22:00,1,32.0,evening,1
B0006236,C01502,DXB-MAR,2026-05-15T23:00,1,24.0,evening,1
B0006237,C01678,DXB-DEI,2026-05-16T07:00,4,108.0,morning,1
B0006238,C01094,DXB-DEI,2026-05-16T07:00,2,56.0,morning,1
B0006239,C00020,DXB-MAR,2026-05-16T08:00,2,52.0,morning,1
B0006240,C01811,DXB-DEI,2026-05-16T09:00,1,32.0,morning,1
B0006241,C01653,DXB-MAR,2026-05-16T10:00,1,24.0,morning,1
B0006242,C01734,DXB-MOE,2026-05-16T11:00,2,50.0,midday,1
B0006243,C01254,DXB-DTN,2026-05-16T14:00,1,18.0,midday,1
B0006244,C01337,DXB-DTN,2026-05-16T15:00,2,50.0,midday,1
B0006245,C00907,DXB-MOE,2026-05-16T15:00,1,18.0,midday,1
B0006246,C01001,DXB-DTN,2026-05-16T17:00,2,56.0,evening,1
B0006247,C01881,DXB-MOE,2026-05-16T17:00,1,18.0,evening,1
B0006248,C00397,DXB-MOE,2026-05-16T18:00,1,18.0,evening,1
B0006249,C00308,DXB-DTN,2026-05-16T19:00,2,44.0,evening,1
B0006250,C00046,DXB-MOE,2026-05-16T20:00,1,24.0,evening,1
B0006251,C01704,DXB-MOE,2026-05-16T20:00,3,82.0,evening,1
B0006252,C00379,DXB-MAR,2026-05-16T20:00,2,44.0,evening,1
B0006253,C01628,DXB-MAR,2026-05-16T21:00,1,18.0,evening,1
B0006254,C01447,DXB-MOE,2026-05-16T22:00,2,58.0,evening,1
B0006255,C00898,DXB-DEI,2026-05-17T06:00,1,18.0,morning,1
B0006256,C01703,DXB-DTN,2026-05-17T07:00,4,92.0,morning,1
B0006257,C01452,DXB-DEI,2026-05-17T07:00,3,68.0,morning,1
B0006258,C01131,DXB-MOE,2026-05-17T08:00,1,26.0,morning,1
B0006259,C00860,DXB-DEI,2026-05-17T08:00,2,50.0,morning,1
B0006260,C00108,DXB-MOE,2026-05-17T11:00,2,58.0,midday,1
B0006261,C01899,DXB-MOE,2026-05-17T14:00,2,44.0,midday,1
B0006262,C00628,DXB-DTN,2026-05-17T19:00,3,72.0,evening,1
B0006263,C00363,DXB-DEI,2026-05-17T19:00,2,50.0,evening,1
B0006264,C00135,DXB-MAR,2026-05-17T20:00,1,18.0,evening,1
B0006265,C01824,DXB-MAR,2026-05-17T21:00,2,50.0,evening,1
B0006266,C00495,DXB-MAR,2026-05-17T21:00,2,44.0,evening,1
B0006267,C01934,DXB-MOE,2026-05-17T22:00,1,32.0,evening,1
B0006268,C01102,DXB-MAR,2026-05-17T22:00,1,18.0,evening,1
B0006269,C01829,DXB-DTN,2026-05-18T08:00,3,76.0,morning,1
B0006270,C01168,DXB-DEI,2026-05-18T08:00,2,56.0,morning,1
B0006271,C00077,DXB-DEI,2026-05-18T08:00,4,98.0,morning,1
B0006272,C00016,DXB-MOE,2026-05-18T09:00,2,44.0,morning,1
B0006273,C01233,DXB-DEI,2026-05-18T09:00,1,26.0,morning,1
B0006274,C00779,DXB-MOE,2026-05-18T11:00,1,26.0,midday,1
B0006275,C00147,DXB-MOE,2026-05-18T11:00,1,32.0,midday,1
B0006276,C00135,DXB-DTN,2026-05-18T14:00,1,26.0,midday,1
B0006277,C00532,DXB-DTN,2026-05-18T15:00,1,32.0,midday,1
B0006278,C00400,DXB-DTN,2026-05-18T16:00,3,76.0,midday,1
B0006279,C00812,DXB-MOE,2026-05-18T18:00,1,18.0,evening,1
B0006280,C01907,DXB-MOE,2026-05-18T18:00,3,76.0,evening,1
B0006281,C00605,DXB-MAR,2026-05-18T18:00,1,18.0,evening,1
B0006282,C01714,DXB-MOE,2026-05-18T19:00,2,42.0,evening,1
B0006283,C00690,DXB-DTN,2026-05-18T20:00,2,50.0,evening,1
B0006284,C01923,DXB-MAR,2026-05-18T20:00,1,26.0,evening,1
B0006285,C01042,DXB-MAR,2026-05-18T21:00,2,44.0,evening,1
B0006286,C02266,DXB-MAR,2026-05-18T22:00,1,32.0,evening,1
B0006287,C00926,DXB-DEI,2026-05-19T06:00,2,36.0,morning,1
B0006288,C00737,DXB-DEI,2026-05-19T07:00,1,24.0,morning,1
B0006289,C00260,DXB-DEI,2026-05-19T07:00,2,50.0,morning,1
B0006290,C00288,DXB-DTN,2026-05-19T08:00,1,24.0,morning,1
B0006291,C00165,DXB-MOE,2026-05-19T09:00,1,26.0,morning,1
B0006292,C01919,DXB-DEI,2026-05-19T09:00,2,50.0,morning,1
B0006293,C02024,DXB-MOE,2026-05-19T10:00,2,58.0,morning,1
B0006294,C02131,DXB-MOE,2026-05-19T11:00,1,32.0,midday,1
B0006295,C00463,DXB-MAR,2026-05-19T11:00,1,24.0,midday,1
B0006296,C00429,DXB-DTN,2026-05-19T13:00,2,50.0,midday,1
B0006297,C00954,DXB-MOE,2026-05-19T14:00,1,32.0,midday,1
B0006298,C02357,DXB-MOE,2026-05-19T16:00,1,24.0,midday,1
B0006299,C00110,DXB-MAR,2026-05-19T16:00,1,18.0,midday,1
B0006300,C01939,DXB-DTN,2026-05-19T17:00,3,80.0,evening,1
B0006301,C01233,DXB-MOE,2026-05-19T17:00,1,24.0,evening,1
B0006302,C02365,DXB-MAR,2026-05-19T17:00,1,26.0,evening,1
B0006303,C01583,DXB-MOE,2026-05-19T18:00,2,42.0,evening,1
B0006304,C00010,DXB-DEI,2026-05-19T18:00,1,24.0,evening,1
B0006305,C00199,DXB-DTN,2026-05-19T19:00,2,42.0,evening,1
B0006306,C01431,DXB-MAR,2026-05-19T20:00,3,54.0,evening,1
B0006307,C01155,DXB-MAR,2026-05-19T21:00,1,24.0,evening,1
B0006308,C00962,DXB-MAR,2026-05-19T21:00,3,74.0,evening,1
B0006309,C02362,DXB-MAR,2026-05-19T22:00,4,92.0,evening,1
B0006310,C01570,DXB-MAR,2026-05-19T23:00,2,56.0,evening,1
B0006311,C01127,DXB-DTN,2026-05-20T08:00,2,48.0,morning,1
B0006312,C01863,DXB-MAR,2026-05-20T08:00,1,18.0,morning,1
B0006313,C01766,DXB-DEI,2026-05-20T09:00,1,24.0,morning,1
B0006314,C01852,DXB-MOE,2026-05-20T10:00,2,48.0,morning,1
B0006315,C00196,DXB-MAR,2026-05-20T10:00,2,58.0,morning,1
B0006316,C02362,DXB-DTN,2026-05-20T12:00,1,18.0,midday,1
B0006317,C00495,DXB-MOE,2026-05-20T12:00,1,24.0,midday,1
B0006318,C00304,DXB-DTN,2026-05-20T13:00,2,58.0,midday,1
B0006319,C02162,DXB-DTN,2026-05-20T13:00,3,76.0,midday,1
B0006320,C00108,DXB-MOE,2026-05-20T13:00,2,56.0,midday,1
B0006321,C02129,DXB-DEI,2026-05-20T13:00,3,68.0,midday,1
B0006322,C00141,DXB-DTN,2026-05-20T14:00,2,56.0,midday,1
B0006323,C00737,DXB-MOE,2026-05-20T14:00,2,58.0,midday,1
B0006324,C02362,DXB-DEI,2026-05-20T15:00,3,80.0,midday,1
B0006325,C02088,DXB-DEI,2026-05-20T16:00,2,42.0,midday,1
B0006326,C01572,DXB-MOE,2026-05-20T19:00,1,24.0,evening,1
B0006327,C01114,DXB-MAR,2026-05-20T19:00,1,18.0,evening,1
B0006328,C01763,DXB-MOE,2026-05-20T20:00,2,64.0,evening,1
B0006329,C01846,DXB-MAR,2026-05-20T20:00,1,32.0,evening,1
B0006330,C01094,DXB-MAR,2026-05-20T21:00,2,36.0,evening,1
B0006331,C00495,DXB-DTN,2026-05-20T22:00,3,68.0,evening,1
B0006332,C01746,DXB-MOE,2026-05-20T22:00,1,26.0,evening,1
B0006333,C02310,DXB-MAR,2026-05-20T22:00,1,32.0,evening,1
B0006334,C00510,DXB-MAR,2026-05-20T22:00,1,24.0,evening,1
B0006335,C00367,DXB-MAR,2026-05-20T23:00,2,58.0,evening,1
B0006336,C00083,DXB-MAR,2026-05-20T23:00,2,56.0,evening,1
B0006337,C01337,DXB-DEI,2026-05-21T06:00,2,50.0,morning,1
B0006338,C02239,DXB-MOE,2026-05-21T08:00,3,74.0,morning,1
B0006339,C00299,DXB-DTN,2026-05-21T09:00,1,32.0,morning,1
B0006340,C00268,DXB-MOE,2026-05-21T09:00,1,18.0,morning,1
B0006341,C00277,DXB-MOE,2026-05-21T09:00,1,32.0,morning,1
B0006342,C01720,DXB-MAR,2026-05-21T09:00,2,42.0,morning,1
B0006343,C02088,DXB-DEI,2026-05-21T09:00,1,18.0,morning,1
B0006344,C01337,DXB-MOE,2026-05-21T10:00,1,32.0,morning,1
B0006345,C00441,DXB-MOE,2026-05-21T10:00,1,26.0,morning,1
B0006346,C01632,DXB-DTN,2026-05-21T14:00,1,18.0,midday,1
B0006347,C01133,DXB-DTN,2026-05-21T19:00,1,32.0,evening,1
B0006348,C01496,DXB-DTN,2026-05-21T19:00,2,58.0,evening,1
B0006349,C00067,DXB-MOE,2026-05-21T19:00,4,100.0,evening,1
B0006350,C02006,DXB-DTN,2026-05-21T22:00,3,74.0,evening,1
B0006351,C00171,DXB-MOE,2026-05-21T22:00,1,32.0,evening,1
B0006352,C00921,DXB-MAR,2026-05-21T23:00,1,32.0,evening,1
B0006353,C00268,DXB-DEI,2026-05-22T06:00,2,56.0,morning,1
B0006354,C02135,DXB-MOE,2026-05-22T08:00,2,50.0,morning,1
B0006355,C01050,DXB-MOE,2026-05-22T08:00,1,24.0,morning,1
B0006356,C00268,DXB-MAR,2026-05-22T08:00,3,78.0,morning,1
B0006357,C00061,DXB-DEI,2026-05-22T09:00,1,24.0,morning,1
B0006358,C01688,DXB-DEI,2026-05-22T09:00,1,32.0,morning,1
B0006359,C00104,DXB-MOE,2026-05-22T11:00,2,36.0,midday,1
B0006360,C01298,DXB-DEI,2026-05-22T11:00,1,18.0,midday,1
B0006361,C02363,DXB-DTN,2026-05-22T12:00,3,62.0,midday,1
B0006362,C00334,DXB-MOE,2026-05-22T14:00,3,68.0,midday,1
B0006363,C00499,DXB-MAR,2026-05-22T14:00,3,68.0,midday,1
B0006364,C00147,DXB-MAR,2026-05-22T16:00,2,50.0,midday,1
B0006365,C02136,DXB-DTN,2026-05-22T17:00,4,100.0,evening,1
B0006366,C01432,DXB-DTN,2026-05-22T18:00,1,26.0,evening,1
B0006367,C02379,DXB-MAR,2026-05-22T18:00,1,32.0,evening,1
B0006368,C01184,DXB-MAR,2026-05-22T18:00,2,58.0,evening,1
B0006369,C01863,DXB-DTN,2026-05-22T21:00,1,18.0,evening,1
B0006370,C01084,DXB-DTN,2026-05-22T21:00,2,64.0,evening,1
B0006371,C02088,DXB-MAR,2026-05-22T21:00,1,24.0,evening,1
B0006372,C01193,DXB-DTN,2026-05-22T22:00,1,18.0,evening,1
B0006373,C00524,DXB-MOE,2026-05-22T22:00,2,44.0,evening,1
B0006374,C01912,DXB-MAR,2026-05-22T23:00,2,36.0,evening,1
B0006375,C00525,DXB-DTN,2026-05-23T07:00,1,18.0,morning,1
B0006376,C00584,DXB-MAR,2026-05-23T07:00,2,36.0,morning,1
B0006377,C01987,DXB-DTN,2026-05-23T08:00,4,122.0,morning,1
B0006378,C02068,DXB-MAR,2026-05-23T08:00,2,42.0,morning,1
B0006379,C01916,DXB-DTN,2026-05-23T09:00,1,26.0,morning,1
B0006380,C00458,DXB-DEI,2026-05-23T10:00,1,32.0,morning,1
B0006381,C01956,DXB-MOE,2026-05-23T11:00,2,50.0,midday,1
B0006382,C01786,DXB-MOE,2026-05-23T12:00,1,18.0,midday,1
B0006383,C00189,DXB-DTN,2026-05-23T15:00,1,32.0,midday,1
B0006384,C00114,DXB-MAR,2026-05-23T17:00,1,24.0,evening,1
B0006385,C00608,DXB-MAR,2026-05-23T17:00,1,32.0,evening,1
B0006386,C00739,DXB-DEI,2026-05-23T17:00,2,64.0,evening,1
B0006387,C02125,DXB-MAR,2026-05-23T18:00,1,26.0,evening,1
B0006388,C00810,DXB-MOE,2026-05-23T19:00,1,18.0,evening,1
B0006389,C00115,DXB-MOE,2026-05-23T19:00,3,54.0,evening,1
B0006390,C00627,DXB-MAR,2026-05-23T19:00,2,56.0,evening,1
B0006391,C00227,DXB-MAR,2026-05-23T19:00,2,52.0,evening,1
B0006392,C01633,DXB-DEI,2026-05-23T19:00,2,52.0,evening,1
B0006393,C00444,DXB-MOE,2026-05-23T20:00,1,18.0,evening,1
B0006394,C00777,DXB-MOE,2026-05-23T20:00,2,50.0,evening,1
B0006395,C02183,DXB-DEI,2026-05-23T20:00,1,24.0,evening,1
B0006396,C01042,DXB-MOE,2026-05-23T21:00,3,62.0,evening,1
B0006397,C00855,DXB-MOE,2026-05-23T22:00,1,24.0,evening,1
B0006398,C00495,DXB-DEI,2026-05-24T06:00,2,36.0,morning,1
B0006399,C00819,DXB-MAR,2026-05-24T07:00,1,26.0,morning,1
B0006400,C00423,DXB-MAR,2026-05-24T07:00,2,50.0,morning,1
B0006401,C00009,DXB-MOE,2026-05-24T08:00,1,24.0,morning,1
B0006402,C01073,DXB-MAR,2026-05-24T08:00,1,24.0,morning,1
B0006403,C00243,DXB-MOE,2026-05-24T09:00,4,94.0,morning,1
B0006404,C00559,DXB-MOE,2026-05-24T09:00,1,26.0,morning,1
B0006405,C01806,DXB-DTN,2026-05-24T10:00,1,32.0,morning,1
B0006406,C02171,DXB-DTN,2026-05-24T12:00,2,42.0,midday,1
B0006407,C01966,DXB-MOE,2026-05-24T12:00,4,106.0,midday,1
B0006408,C01336,DXB-DTN,2026-05-24T14:00,2,58.0,midday,1
B0006409,C01424,DXB-DTN,2026-05-24T15:00,1,26.0,midday,1
B0006410,C01250,DXB-DTN,2026-05-24T15:00,1,26.0,midday,1
B0006411,C00416,DXB-DTN,2026-05-24T18:00,1,32.0,evening,1
B0006412,C00985,DXB-MAR,2026-05-24T18:00,2,50.0,evening,1
B0006413,C00826,DXB-DTN,2026-05-24T20:00,1,24.0,evening,1
B0006414,C00262,DXB-MOE,2026-05-24T20:00,4,92.0,evening,1
B0006415,C00108,DXB-MAR,2026-05-24T20:00,3,60.0,evening,1
B0006416,C01549,DXB-MAR,2026-05-24T20:00,2,52.0,evening,1
B0006417,C01865,DXB-DTN,2026-05-24T22:00,2,50.0,evening,1
B0006418,C01184,DXB-MAR,2026-05-24T23:00,1,26.0,evening,1
B0006419,C01907,DXB-DEI,2026-05-25T06:00,2,36.0,morning,1
B0006420,C02104,DXB-MAR,2026-05-25T07:00,3,60.0,morning,1
B0006421,C00268,DXB-MOE,2026-05-25T09:00,2,50.0,morning,1
B0006422,C01619,DXB-DEI,2026-05-25T09:00,2,36.0,morning,1
B0006423,C01355,DXB-DTN,2026-05-25T10:00,2,50.0,morning,1
B0006424,C00495,DXB-MOE,2026-05-25T10:00,3,76.0,morning,1
B0006425,C01801,DXB-DEI,2026-05-25T10:00,1,32.0,morning,1
B0006426,C01706,DXB-DEI,2026-05-25T10:00,2,42.0,morning,1
B0006427,C01032,DXB-MOE,2026-05-25T12:00,1,26.0,midday,1
B0006428,C00037,DXB-MOE,2026-05-25T15:00,3,74.0,midday,1
B0006429,C01349,DXB-MOE,2026-05-25T15:00,2,58.0,midday,1
B0006430,C01412,DXB-MAR,2026-05-25T15:00,3,88.0,midday,1
B0006431,C01187,DXB-MAR,2026-05-25T15:00,2,50.0,midday,1
B0006432,C00483,DXB-MOE,2026-05-25T18:00,2,42.0,evening,1
B0006433,C00108,DXB-MOE,2026-05-25T19:00,1,26.0,evening,1
B0006434,C02264,DXB-MAR,2026-05-25T19:00,3,54.0,evening,1
B0006435,C02255,DXB-MAR,2026-05-25T21:00,1,26.0,evening,1
B0006436,C00828,DXB-DTN,2026-05-25T22:00,2,58.0,evening,1
B0006437,C00262,DXB-DEI,2026-05-26T06:00,1,32.0,morning,1
B0006438,C01871,DXB-DEI,2026-05-26T07:00,2,48.0,morning,1
B0006439,C00547,DXB-MOE,2026-05-26T08:00,2,50.0,morning,1
B0006440,C01491,DXB-MAR,2026-05-26T08:00,5,146.0,morning,1
B0006441,C02371,DXB-DTN,2026-05-26T09:00,4,86.0,morning,1
B0006442,C01812,DXB-MOE,2026-05-26T12:00,3,76.0,midday,1
B0006443,C00433,DXB-MOE,2026-05-26T14:00,2,50.0,midday,1
B0006444,C01415,DXB-DEI,2026-05-26T14:00,2,50.0,midday,1
B0006445,C00706,DXB-DTN,2026-05-26T15:00,2,44.0,midday,1
B0006446,C01597,DXB-DTN,2026-05-26T16:00,2,50.0,midday,1
B0006447,C00193,DXB-MOE,2026-05-26T16:00,4,116.0,midday,1
B0006448,C00961,DXB-DEI,2026-05-26T16:00,1,26.0,midday,1
B0006449,C00811,DXB-DEI,2026-05-26T16:00,2,50.0,midday,1
B0006450,C02086,DXB-DTN,2026-05-26T17:00,1,26.0,evening,1
B0006451,C01890,DXB-MOE,2026-05-26T17:00,1,32.0,evening,1
B0006452,C01105,DXB-MOE,2026-05-26T17:00,1,32.0,evening,1
B0006453,C00092,DXB-DTN,2026-05-26T18:00,1,32.0,evening,1
B0006454,C00957,DXB-DTN,2026-05-26T18:00,1,18.0,evening,1
B0006455,C02010,DXB-MOE,2026-05-26T18:00,2,50.0,evening,1
B0006456,C01939,DXB-MOE,2026-05-26T19:00,2,64.0,evening,1
B0006457,C02135,DXB-MAR,2026-05-26T19:00,1,24.0,evening,1
B0006458,C01002,DXB-DTN,2026-05-26T20:00,1,24.0,evening,1
B0006459,C01725,DXB-MAR,2026-05-26T20:00,3,62.0,evening,1
B0006460,C01818,DXB-MAR,2026-05-26T21:00,1,32.0,evening,1
B0006461,C01390,DXB-DTN,2026-05-27T07:00,1,26.0,morning,1
B0006462,C00246,DXB-DTN,2026-05-27T08:00,1,26.0,morning,1
B0006463,C00750,DXB-DEI,2026-05-27T08:00,1,24.0,morning,1
B0006464,C01638,DXB-DTN,2026-05-27T10:00,2,42.0,morning,1
B0006465,C01094,DXB-MOE,2026-05-27T10:00,2,42.0,morning,1
B0006466,C00900,DXB-DTN,2026-05-27T11:00,2,56.0,midday,1
B0006467,C00439,DXB-MOE,2026-05-27T12:00,3,84.0,midday,1
B0006468,C01911,DXB-MOE,2026-05-27T12:00,1,18.0,midday,1
B0006469,C02323,DXB-DTN,2026-05-27T13:00,1,32.0,midday,1
B0006470,C02263,DXB-DEI,2026-05-27T13:00,2,50.0,midday,1
B0006471,C00066,DXB-DTN,2026-05-27T16:00,1,18.0,midday,1
B0006472,C01911,DXB-DEI,2026-05-27T16:00,2,44.0,midday,1
B0006473,C01626,DXB-DTN,2026-05-27T17:00,3,62.0,evening,1
B0006474,C00226,DXB-MOE,2026-05-27T17:00,1,26.0,evening,1
B0006475,C00348,DXB-MAR,2026-05-27T17:00,2,58.0,evening,1
B0006476,C02332,DXB-DTN,2026-05-27T18:00,2,52.0,evening,1
B0006477,C00605,DXB-MAR,2026-05-27T18:00,1,32.0,evening,1
B0006478,C01592,DXB-DEI,2026-05-27T18:00,2,58.0,evening,1
B0006479,C01181,DXB-MAR,2026-05-27T19:00,1,32.0,evening,1
B0006480,C00778,DXB-MAR,2026-05-27T20:00,1,18.0,evening,1
B0006481,C01233,DXB-MAR,2026-05-27T21:00,2,56.0,evening,1
B0006482,C02262,DXB-MAR,2026-05-27T22:00,1,24.0,evening,1
B0006483,C01375,DXB-MAR,2026-05-28T07:00,2,56.0,morning,1
B0006484,C01105,DXB-MAR,2026-05-28T07:00,1,24.0,morning,1
B0006485,C01516,DXB-DEI,2026-05-28T07:00,3,68.0,morning,1
B0006486,C00435,DXB-MAR,2026-05-28T09:00,2,50.0,morning,1
B0006487,C02177,DXB-MAR,2026-05-28T09:00,1,32.0,morning,1
B0006488,C00990,DXB-DEI,2026-05-28T09:00,2,58.0,morning,1
B0006489,C02170,DXB-DEI,2026-05-28T10:00,1,32.0,morning,1
B0006490,C00779,DXB-DTN,2026-05-28T11:00,1,32.0,midday,1
B0006491,C00495,DXB-DTN,2026-05-28T11:00,3,82.0,midday,1
B0006492,C00930,DXB-MOE,2026-05-28T11:00,1,26.0,midday,1
B0006493,C02338,DXB-MOE,2026-05-28T13:00,3,88.0,midday,1
B0006494,C00670,DXB-DEI,2026-05-28T14:00,2,50.0,midday,1
B0006495,C00032,DXB-MOE,2026-05-28T15:00,2,58.0,midday,1
B0006496,C01065,DXB-MAR,2026-05-28T15:00,1,26.0,midday,1
B0006497,C00381,DXB-MOE,2026-05-28T16:00,1,18.0,midday,1
B0006498,C02262,DXB-MAR,2026-05-28T16:00,1,18.0,midday,1
B0006499,C01191,DXB-MAR,2026-05-28T17:00,4,102.0,evening,1
B0006500,C02338,DXB-MOE,2026-05-28T19:00,1,18.0,evening,1
B0006501,C01655,DXB-MAR,2026-05-28T19:00,2,64.0,evening,1
B0006502,C02208,DXB-DTN,2026-05-28T20:00,3,80.0,evening,1
B0006503,C00606,DXB-DTN,2026-05-28T20:00,1,32.0,evening,1
B0006504,C01569,DXB-DTN,2026-05-28T20:00,2,50.0,evening,1
B0006505,C01863,DXB-DTN,2026-05-28T20:00,1,26.0,evening,1
B0006506,C00983,DXB-MOE,2026-05-28T20:00,1,26.0,evening,1
B0006507,C01601,DXB-MAR,2026-05-28T20:00,2,52.0,evening,1
B0006508,C00779,DXB-DTN,2026-05-28T21:00,2,44.0,evening,1
B0006509,C00092,DXB-MOE,2026-05-28T21:00,3,76.0,evening,1
B0006510,C00277,DXB-MAR,2026-05-28T22:00,1,18.0,evening,1
B0006511,C01028,DXB-MAR,2026-05-28T22:00,2,42.0,evening,1
B0006512,C02042,DXB-MAR,2026-05-28T22:00,1,32.0,evening,1
B0006513,C01097,DXB-DEI,2026-05-29T06:00,1,32.0,morning,1
B0006514,C00906,DXB-MAR,2026-05-29T07:00,1,24.0,morning,1
B0006515,C01108,DXB-DEI,2026-05-29T07:00,2,50.0,morning,1
B0006516,C01436,DXB-DTN,2026-05-29T08:00,1,26.0,morning,1
B0006517,C01953,DXB-DEI,2026-05-29T08:00,1,18.0,morning,1
B0006518,C00101,DXB-DTN,2026-05-29T09:00,1,18.0,morning,1
B0006519,C00828,DXB-MOE,2026-05-29T09:00,2,50.0,morning,1
B0006520,C01862,DXB-DEI,2026-05-29T09:00,2,56.0,morning,1
B0006521,C01337,DXB-MOE,2026-05-29T10:00,2,52.0,morning,1
B0006522,C01127,DXB-DEI,2026-05-29T10:00,2,50.0,morning,1
B0006523,C01986,DXB-MOE,2026-05-29T11:00,1,26.0,midday,1
B0006524,C00495,DXB-DTN,2026-05-29T13:00,2,42.0,midday,1
B0006525,C00802,DXB-MOE,2026-05-29T14:00,4,106.0,midday,1
B0006526,C02037,DXB-MOE,2026-05-29T14:00,1,26.0,midday,1
B0006527,C00400,DXB-DEI,2026-05-29T15:00,2,56.0,midday,1
B0006528,C00584,DXB-MOE,2026-05-29T16:00,2,56.0,midday,1
B0006529,C00860,DXB-MAR,2026-05-29T18:00,1,32.0,evening,1
B0006530,C01971,DXB-DTN,2026-05-29T19:00,1,24.0,evening,1
B0006531,C01433,DXB-DTN,2026-05-29T19:00,1,32.0,evening,1
B0006532,C02013,DXB-MOE,2026-05-29T19:00,1,32.0,evening,1
B0006533,C00371,DXB-MAR,2026-05-29T19:00,1,26.0,evening,1
B0006534,C01669,DXB-DTN,2026-05-29T20:00,1,26.0,evening,1
B0006535,C00860,DXB-MOE,2026-05-29T20:00,1,18.0,evening,1
B0006536,C00928,DXB-MOE,2026-05-29T20:00,3,70.0,evening,1
B0006537,C00217,DXB-MOE,2026-05-29T20:00,2,44.0,evening,1
B0006538,C00746,DXB-MAR,2026-05-29T20:00,4,112.0,evening,1
B0006539,C00789,DXB-DEI,2026-05-29T20:00,1,32.0,evening,1
B0006540,C01412,DXB-DTN,2026-05-29T21:00,1,18.0,evening,1
B0006541,C01429,DXB-MAR,2026-05-29T21:00,3,74.0,evening,1
B0006542,C01472,DXB-MAR,2026-05-29T21:00,1,32.0,evening,1
B0006543,C02263,DXB-MAR,2026-05-29T22:00,3,68.0,evening,1
B0006544,C01862,DXB-MAR,2026-05-29T22:00,1,24.0,evening,1
B0006545,C01052,DXB-DEI,2026-05-30T06:00,1,26.0,morning,1
B0006546,C01444,DXB-DTN,2026-05-30T07:00,2,42.0,morning,1
B0006547,C00390,DXB-DTN,2026-05-30T08:00,1,26.0,morning,1
B0006548,C01865,DXB-DTN,2026-05-30T08:00,1,32.0,morning,1
B0006549,C02397,DXB-DTN,2026-05-30T08:00,3,68.0,morning,1
B0006550,C01110,DXB-DEI,2026-05-30T08:00,1,24.0,morning,1
B0006551,C01484,DXB-DEI,2026-05-30T08:00,2,44.0,morning,1
B0006552,C01442,DXB-MOE,2026-05-30T10:00,2,42.0,morning,1
B0006553,C01094,DXB-DTN,2026-05-30T11:00,1,32.0,midday,1
B0006554,C02244,DXB-MOE,2026-05-30T11:00,3,80.0,midday,1
B0006555,C00928,DXB-MOE,2026-05-30T11:00,1,24.0,midday,1
B0006556,C00463,DXB-MOE,2026-05-30T12:00,2,36.0,midday,1
B0006557,C00693,DXB-MOE,2026-05-30T13:00,3,76.0,midday,1
B0006558,C00279,DXB-MAR,2026-05-30T13:00,2,58.0,midday,1
B0006559,C00703,DXB-MOE,2026-05-30T14:00,1,26.0,midday,1
B0006560,C02208,DXB-MAR,2026-05-30T14:00,4,86.0,midday,1
B0006561,C02158,DXB-MAR,2026-05-30T15:00,2,56.0,midday,1
B0006562,C01426,DXB-DEI,2026-05-30T16:00,1,18.0,midday,1
B0006563,C02265,DXB-MOE,2026-05-30T17:00,2,56.0,evening,1
B0006564,C00802,DXB-MAR,2026-05-30T17:00,2,52.0,evening,1
B0006565,C01147,DXB-DTN,2026-05-30T19:00,1,26.0,evening,1
B0006566,C02064,DXB-MOE,2026-05-30T19:00,1,18.0,evening,1
B0006567,C01432,DXB-MAR,2026-05-30T19:00,2,44.0,evening,1
B0006568,C01833,DXB-MAR,2026-05-30T19:00,2,58.0,evening,1
B0006569,C01933,DXB-MAR,2026-05-30T20:00,2,44.0,evening,1
B0006570,C00020,DXB-MAR,2026-05-30T21:00,2,42.0,evening,1
B0006571,C00353,DXB-MAR,2026-05-30T21:00,1,26.0,evening,1
B0006572,C02208,DXB-MAR,2026-05-31T07:00,1,32.0,morning,1
B0006573,C02259,DXB-MAR,2026-05-31T07:00,1,24.0,morning,1
B0006574,C01511,DXB-DEI,2026-05-31T07:00,1,26.0,morning,1
B0006575,C01128,DXB-DEI,2026-05-31T08:00,3,68.0,morning,1
B0006576,C01671,DXB-MAR,2026-05-31T09:00,1,32.0,morning,1
B0006577,C01405,DXB-DEI,2026-05-31T09:00,2,50.0,morning,1
B0006578,C00505,DXB-DEI,2026-05-31T09:00,3,76.0,morning,1
B0006579,C01940,DXB-MOE,2026-05-31T10:00,1,24.0,morning,1
B0006580,C01053,DXB-MAR,2026-05-31T11:00,4,92.0,midday,1
B0006581,C00215,DXB-DTN,2026-05-31T12:00,1,24.0,midday,1
B0006582,C00371,DXB-MOE,2026-05-31T13:00,1,18.0,midday,1
B0006583,C01453,DXB-MOE,2026-05-31T14:00,2,44.0,midday,1
B0006584,C02262,DXB-MOE,2026-05-31T16:00,2,36.0,midday,1
B0006585,C01767,DXB-MOE,2026-05-31T18:00,2,42.0,evening,1
B0006586,C01479,DXB-DTN,2026-05-31T19:00,1,26.0,evening,1
B0006587,C00711,DXB-DTN,2026-05-31T19:00,1,24.0,evening,1
B0006588,C02182,DXB-MOE,2026-05-31T19:00,1,18.0,evening,1
B0006589,C00803,DXB-DTN,2026-05-31T21:00,2,36.0,evening,1
B0006590,C00524,DXB-MAR,2026-05-31T21:00,1,18.0,evening,1
B0006591,C01584,DXB-MAR,2026-05-31T23:00,3,74.0,evening,1
B0006592,C00463,DXB-MAR,2026-05-31T23:00,1,32.0,evening,1
B0006593,C00368,DXB-DEI,2026-06-01T07:00,2,42.0,morning,1
B0006594,C01250,DXB-DEI,2026-06-01T07:00,3,54.0,morning,1
B0006595,C01592,DXB-DTN,2026-06-01T08:00,2,56.0,morning,1
B0006596,C00485,DXB-DTN,2026-06-01T08:00,2,42.0,morning,1
B0006597,C01410,DXB-DEI,2026-06-01T08:00,2,58.0,morning,1
B0006598,C00488,DXB-DEI,2026-06-01T08:00,1,24.0,morning,1
B0006599,C02051,DXB-MOE,2026-06-01T09:00,1,32.0,morning,1
B0006600,C01820,DXB-DTN,2026-06-01T10:00,1,24.0,morning,1
B0006601,C00010,DXB-DTN,2026-06-01T11:00,1,18.0,midday,1
B0006602,C01437,DXB-DTN,2026-06-01T13:00,3,80.0,midday,1
B0006603,C00379,DXB-DTN,2026-06-01T13:00,1,26.0,midday,1
B0006604,C01448,DXB-MAR,2026-06-01T14:00,3,90.0,midday,1
B0006605,C00612,DXB-MOE,2026-06-01T17:00,1,26.0,evening,1
B0006606,C00305,DXB-DTN,2026-06-01T18:00,1,26.0,evening,1
B0006607,C01907,DXB-MOE,2026-06-01T18:00,3,88.0,evening,1
B0006608,C00262,DXB-MAR,2026-06-01T18:00,2,44.0,evening,1
B0006609,C00657,DXB-DTN,2026-06-01T19:00,2,50.0,evening,1
B0006610,C00824,DXB-DEI,2026-06-01T20:00,3,68.0,evening,1
B0006611,C00077,DXB-MOE,2026-06-01T22:00,1,24.0,evening,1
B0006612,C01592,DXB-MAR,2026-06-01T22:00,1,26.0,evening,1
B0006613,C02338,DXB-DEI,2026-06-02T06:00,1,32.0,morning,1
B0006614,C00763,DXB-DEI,2026-06-02T07:00,1,18.0,morning,1
B0006615,C00934,DXB-DTN,2026-06-02T08:00,3,62.0,morning,1
B0006616,C00092,DXB-DEI,2026-06-02T10:00,1,18.0,morning,1
B0006617,C01412,DXB-MOE,2026-06-02T11:00,1,26.0,midday,1
B0006618,C00939,DXB-MOE,2026-06-02T14:00,1,18.0,midday,1
B0006619,C01784,DXB-MAR,2026-06-02T16:00,1,26.0,midday,1
B0006620,C01614,DXB-MAR,2026-06-02T16:00,1,24.0,midday,1
B0006621,C00335,DXB-DTN,2026-06-02T17:00,1,24.0,evening,1
B0006622,C01015,DXB-MAR,2026-06-02T17:00,1,24.0,evening,1
B0006623,C00520,DXB-DEI,2026-06-02T17:00,1,24.0,evening,1
B0006624,C02268,DXB-MAR,2026-06-02T20:00,2,50.0,evening,1
B0006625,C02054,DXB-MAR,2026-06-02T20:00,4,80.0,evening,1
B0006626,C02305,DXB-MAR,2026-06-02T20:00,2,56.0,evening,1
B0006627,C01348,DXB-DTN,2026-06-02T21:00,3,60.0,evening,1
B0006628,C02010,DXB-MAR,2026-06-02T22:00,1,24.0,evening,1
B0006629,C00193,DXB-MAR,2026-06-02T22:00,5,134.0,evening,1
B0006630,C01244,DXB-MAR,2026-06-02T23:00,1,32.0,evening,1
B0006631,C00021,DXB-MAR,2026-06-03T07:00,2,64.0,morning,1
B0006632,C01075,DXB-DEI,2026-06-03T07:00,1,18.0,morning,1
B0006633,C02162,DXB-DEI,2026-06-03T07:00,1,18.0,morning,1
B0006634,C02214,DXB-DTN,2026-06-03T08:00,2,64.0,morning,1
B0006635,C00135,DXB-MAR,2026-06-03T08:00,2,56.0,morning,1
B0006636,C00447,DXB-MAR,2026-06-03T09:00,1,32.0,morning,1
B0006637,C00764,DXB-DEI,2026-06-03T09:00,1,18.0,morning,1
B0006638,C00629,DXB-MOE,2026-06-03T10:00,1,32.0,morning,1
B0006639,C00883,DXB-DEI,2026-06-03T10:00,2,58.0,morning,1
B0006640,C02143,DXB-DEI,2026-06-03T10:00,3,74.0,morning,1
B0006641,C01782,DXB-MOE,2026-06-03T11:00,2,36.0,midday,1
B0006642,C02258,DXB-MOE,2026-06-03T14:00,2,50.0,midday,1
B0006643,C01250,DXB-DTN,2026-06-03T15:00,1,26.0,midday,1
B0006644,C02302,DXB-MOE,2026-06-03T17:00,2,44.0,evening,1
B0006645,C01375,DXB-MOE,2026-06-03T18:00,2,56.0,evening,1
B0006646,C00779,DXB-MOE,2026-06-03T18:00,1,32.0,evening,1
B0006647,C01422,DXB-DEI,2026-06-03T18:00,1,24.0,evening,1
B0006648,C00241,DXB-MOE,2026-06-03T19:00,2,56.0,evening,1
B0006649,C02020,DXB-MOE,2026-06-03T19:00,1,26.0,evening,1
B0006650,C01862,DXB-MAR,2026-06-03T19:00,1,24.0,evening,1
B0006651,C00038,DXB-DTN,2026-06-03T20:00,2,58.0,evening,1
B0006652,C02208,DXB-DTN,2026-06-03T20:00,1,18.0,evening,1
B0006653,C00819,DXB-MAR,2026-06-03T20:00,4,108.0,evening,1
B0006654,C01001,DXB-DTN,2026-06-03T21:00,1,18.0,evening,1
B0006655,C00985,DXB-MOE,2026-06-03T21:00,2,52.0,evening,1
B0006656,C00444,DXB-MOE,2026-06-03T21:00,1,32.0,evening,1
B0006657,C01386,DXB-MOE,2026-06-03T21:00,1,18.0,evening,1
B0006658,C00064,DXB-DTN,2026-06-03T22:00,1,18.0,evening,1
B0006659,C00444,DXB-DTN,2026-06-03T22:00,3,84.0,evening,1
B0006660,C02250,DXB-DEI,2026-06-04T07:00,1,24.0,morning,1
B0006661,C01415,DXB-MOE,2026-06-04T09:00,1,26.0,morning,1
B0006662,C01565,DXB-DEI,2026-06-04T09:00,2,44.0,morning,1
B0006663,C00275,DXB-DTN,2026-06-04T10:00,1,32.0,morning,1
B0006664,C00888,DXB-MOE,2026-06-04T10:00,2,56.0,morning,1
B0006665,C00488,DXB-MOE,2026-06-04T10:00,1,18.0,morning,1
B0006666,C00092,DXB-MAR,2026-06-04T10:00,3,90.0,morning,1
B0006667,C00223,DXB-MAR,2026-06-04T10:00,3,76.0,morning,1
B0006668,C00435,DXB-DTN,2026-06-04T11:00,2,52.0,midday,1
B0006669,C01166,DXB-MOE,2026-06-04T15:00,1,32.0,midday,1
B0006670,C02314,DXB-MOE,2026-06-04T16:00,2,42.0,midday,1
B0006671,C00264,DXB-MOE,2026-06-04T18:00,2,58.0,evening,1
B0006672,C01496,DXB-DTN,2026-06-04T19:00,1,18.0,evening,1
B0006673,C02088,DXB-MOE,2026-06-04T19:00,1,24.0,evening,1
B0006674,C00060,DXB-MOE,2026-06-04T19:00,1,32.0,evening,1
B0006675,C00135,DXB-MAR,2026-06-04T19:00,2,44.0,evening,1
B0006676,C01267,DXB-DEI,2026-06-04T19:00,2,56.0,evening,1
B0006677,C00979,DXB-MAR,2026-06-04T20:00,1,32.0,evening,1
B0006678,C02373,DXB-MAR,2026-06-04T21:00,1,18.0,evening,1
B0006679,C00014,DXB-MAR,2026-06-04T22:00,2,56.0,evening,1
B0006680,C00243,DXB-DTN,2026-06-05T07:00,1,26.0,morning,1
B0006681,C00495,DXB-DTN,2026-06-05T07:00,3,82.0,morning,1
B0006682,C00529,DXB-MAR,2026-06-05T08:00,2,36.0,morning,1
B0006683,C00109,DXB-DTN,2026-06-05T09:00,4,92.0,morning,1
B0006684,C02271,DXB-DTN,2026-06-05T10:00,2,50.0,morning,1
B0006685,C00670,DXB-MOE,2026-06-05T10:00,4,106.0,morning,1
B0006686,C00606,DXB-MAR,2026-06-05T14:00,1,18.0,midday,1
B0006687,C01862,DXB-DEI,2026-06-05T15:00,2,50.0,midday,1
B0006688,C01119,DXB-DEI,2026-06-05T16:00,1,18.0,midday,1
B0006689,C02158,DXB-MOE,2026-06-05T17:00,2,56.0,evening,1
B0006690,C01824,DXB-MOE,2026-06-05T17:00,2,42.0,evening,1
B0006691,C00444,DXB-MAR,2026-06-05T17:00,1,24.0,evening,1
B0006692,C00961,DXB-DTN,2026-06-05T18:00,1,18.0,evening,1
B0006693,C01990,DXB-MAR,2026-06-05T19:00,1,32.0,evening,1
B0006694,C01967,DXB-MAR,2026-06-05T19:00,2,42.0,evening,1
B0006695,C00559,DXB-DEI,2026-06-05T19:00,2,44.0,evening,1
B0006696,C02316,DXB-DTN,2026-06-05T20:00,2,56.0,evening,1
B0006697,C01678,DXB-MAR,2026-06-05T20:00,1,24.0,evening,1
B0006698,C02076,DXB-DTN,2026-06-05T21:00,1,32.0,evening,1
B0006699,C00659,DXB-DTN,2026-06-05T21:00,3,76.0,evening,1
B0006700,C00585,DXB-MAR,2026-06-05T21:00,1,24.0,evening,1
B0006701,C01349,DXB-MAR,2026-06-05T22:00,1,24.0,evening,1
B0006702,C01015,DXB-DTN,2026-06-06T07:00,2,50.0,morning,1
B0006703,C01991,DXB-MAR,2026-06-06T07:00,1,18.0,morning,1
B0006704,C00410,DXB-DTN,2026-06-06T08:00,3,84.0,morning,1
B0006705,C02338,DXB-MOE,2026-06-06T08:00,1,26.0,morning,1
B0006706,C00789,DXB-MOE,2026-06-06T08:00,1,26.0,morning,1
B0006707,C01463,DXB-DTN,2026-06-06T09:00,1,26.0,morning,1
B0006708,C02289,DXB-MOE,2026-06-06T09:00,1,32.0,morning,1
B0006709,C00049,DXB-DEI,2026-06-06T09:00,1,18.0,morning,1
B0006710,C00967,DXB-DTN,2026-06-06T10:00,1,26.0,morning,1
B0006711,C01118,DXB-DTN,2026-06-06T10:00,2,42.0,morning,1
B0006712,C00090,DXB-MOE,2026-06-06T11:00,1,26.0,midday,1
B0006713,C01724,DXB-DEI,2026-06-06T11:00,4,102.0,midday,1
B0006714,C01337,DXB-MOE,2026-06-06T13:00,1,18.0,midday,1
B0006715,C02244,DXB-DTN,2026-06-06T15:00,2,56.0,midday,1
B0006716,C01988,DXB-MOE,2026-06-06T15:00,2,44.0,midday,1
B0006717,C01780,DXB-MOE,2026-06-06T15:00,1,24.0,midday,1
B0006718,C01134,DXB-MOE,2026-06-06T15:00,2,44.0,midday,1
B0006719,C01436,DXB-MOE,2026-06-06T16:00,2,44.0,midday,1
B0006720,C02138,DXB-DTN,2026-06-06T18:00,1,26.0,evening,1
B0006721,C01710,DXB-MAR,2026-06-06T18:00,1,26.0,evening,1
B0006722,C01851,DXB-DTN,2026-06-06T19:00,2,44.0,evening,1
B0006723,C00502,DXB-MAR,2026-06-06T19:00,1,18.0,evening,1
B0006724,C00820,DXB-MAR,2026-06-06T19:00,2,50.0,evening,1
B0006725,C00491,DXB-MOE,2026-06-06T20:00,1,24.0,evening,1
B0006726,C00802,DXB-DTN,2026-06-06T21:00,1,26.0,evening,1
B0006727,C00553,DXB-DTN,2026-06-06T21:00,3,74.0,evening,1
B0006728,C01735,DXB-MAR,2026-06-06T22:00,2,42.0,evening,1
B0006729,C00299,DXB-MAR,2026-06-06T23:00,3,76.0,evening,1
B0006730,C02349,DXB-MAR,2026-06-06T23:00,1,24.0,evening,1
B0006731,C01424,DXB-DTN,2026-06-07T08:00,2,42.0,morning,1
B0006732,C01028,DXB-MOE,2026-06-07T10:00,2,56.0,morning,1
B0006733,C00883,DXB-DTN,2026-06-07T11:00,2,56.0,midday,1
B0006734,C02263,DXB-DTN,2026-06-07T11:00,2,50.0,midday,1
B0006735,C01960,DXB-DTN,2026-06-07T14:00,1,26.0,midday,1
B0006736,C01852,DXB-MOE,2026-06-07T14:00,4,94.0,midday,1
B0006737,C01575,DXB-DEI,2026-06-07T18:00,1,32.0,evening,1
B0006738,C00828,DXB-MOE,2026-06-07T19:00,2,52.0,evening,1
B0006739,C01824,DXB-DTN,2026-06-07T20:00,1,18.0,evening,1
B0006740,C01220,DXB-MOE,2026-06-07T20:00,1,24.0,evening,1
B0006741,C02316,DXB-MOE,2026-06-07T21:00,2,42.0,evening,1
B0006742,C01976,DXB-MAR,2026-06-07T21:00,1,24.0,evening,1
B0006743,C00655,DXB-MAR,2026-06-07T22:00,2,44.0,evening,1
B0006744,C01987,DXB-MAR,2026-06-07T22:00,1,26.0,evening,1
B0006745,C01331,DXB-MAR,2026-06-07T23:00,1,32.0,evening,1
B0006746,C00685,DXB-DEI,2026-06-08T06:00,2,64.0,morning,1
B0006747,C01346,DXB-MAR,2026-06-08T07:00,2,44.0,morning,1
B0006748,C01049,DXB-MAR,2026-06-08T08:00,1,26.0,morning,1
B0006749,C00724,DXB-MAR,2026-06-08T08:00,2,58.0,morning,1
B0006750,C01108,DXB-MOE,2026-06-08T09:00,2,50.0,morning,1
B0006751,C00153,DXB-DTN,2026-06-08T10:00,4,78.0,morning,1
B0006752,C01152,DXB-DTN,2026-06-08T10:00,2,48.0,morning,1
B0006753,C00930,DXB-MOE,2026-06-08T10:00,2,36.0,morning,1
B0006754,C01344,DXB-DTN,2026-06-08T12:00,1,18.0,midday,1
B0006755,C02153,DXB-DTN,2026-06-08T15:00,1,32.0,midday,1
B0006756,C01890,DXB-DTN,2026-06-08T16:00,3,80.0,midday,1
B0006757,C01772,DXB-MOE,2026-06-08T16:00,2,50.0,midday,1
B0006758,C01189,DXB-MAR,2026-06-08T16:00,1,24.0,midday,1
B0006759,C01011,DXB-DTN,2026-06-08T18:00,1,26.0,evening,1
B0006760,C00257,DXB-DTN,2026-06-08T18:00,3,88.0,evening,1
B0006761,C01907,DXB-DTN,2026-06-08T18:00,1,26.0,evening,1
B0006762,C00115,DXB-MAR,2026-06-08T19:00,1,18.0,evening,1
B0006763,C00275,DXB-MAR,2026-06-08T19:00,1,32.0,evening,1
B0006764,C02171,DXB-DTN,2026-06-08T20:00,5,154.0,evening,1
B0006765,C00907,DXB-MOE,2026-06-08T21:00,2,58.0,evening,1
B0006766,C01448,DXB-MOE,2026-06-08T21:00,1,26.0,evening,1
B0006767,C01076,DXB-MAR,2026-06-09T07:00,1,26.0,morning,1
B0006768,C00365,DXB-DEI,2026-06-09T07:00,1,32.0,morning,1
B0006769,C00747,DXB-DEI,2026-06-09T08:00,2,56.0,morning,1
B0006770,C02097,DXB-DEI,2026-06-09T09:00,1,26.0,morning,1
B0006771,C01496,DXB-DEI,2026-06-09T09:00,2,56.0,morning,1
B0006772,C01340,DXB-MAR,2026-06-09T11:00,2,58.0,midday,1
B0006773,C01159,DXB-DTN,2026-06-09T12:00,1,32.0,midday,1
B0006774,C01551,DXB-MOE,2026-06-09T14:00,3,82.0,midday,1
B0006775,C00806,DXB-MOE,2026-06-09T17:00,1,18.0,evening,1
B0006776,C01181,DXB-MOE,2026-06-09T17:00,2,36.0,evening,1
B0006777,C00421,DXB-MOE,2026-06-09T18:00,1,18.0,evening,1
B0006778,C02216,DXB-MAR,2026-06-09T18:00,1,18.0,evening,1
B0006779,C01337,DXB-MAR,2026-06-09T19:00,1,24.0,evening,1
B0006780,C01855,DXB-DTN,2026-06-09T20:00,1,24.0,evening,1
B0006781,C01432,DXB-DTN,2026-06-09T21:00,1,32.0,evening,1
B0006782,C01824,DXB-MOE,2026-06-09T21:00,2,64.0,evening,1
B0006783,C00340,DXB-MOE,2026-06-09T21:00,2,58.0,evening,1
B0006784,C02194,DXB-DTN,2026-06-09T22:00,2,50.0,evening,1
B0006785,C00040,DXB-DEI,2026-06-10T06:00,1,32.0,morning,1
B0006786,C00226,DXB-DTN,2026-06-10T07:00,1,18.0,morning,1
B0006787,C00606,DXB-MAR,2026-06-10T07:00,3,76.0,morning,1
B0006788,C00652,DXB-DTN,2026-06-10T08:00,2,50.0,morning,1
B0006789,C00020,DXB-DEI,2026-06-10T09:00,1,32.0,morning,1
B0006790,C00334,DXB-DTN,2026-06-10T11:00,2,64.0,midday,1
B0006791,C00519,DXB-DTN,2026-06-10T11:00,1,24.0,midday,1
B0006792,C01861,DXB-MOE,2026-06-10T12:00,1,18.0,midday,1
B0006793,C02088,DXB-MOE,2026-06-10T16:00,1,26.0,midday,1
B0006794,C01080,DXB-DEI,2026-06-10T17:00,1,18.0,evening,1
B0006795,C01982,DXB-DEI,2026-06-10T17:00,2,56.0,evening,1
B0006796,C00445,DXB-DTN,2026-06-10T18:00,1,32.0,evening,1
B0006797,C01289,DXB-DTN,2026-06-10T18:00,2,44.0,evening,1
B0006798,C01627,DXB-DEI,2026-06-10T19:00,1,18.0,evening,1
B0006799,C00690,DXB-DTN,2026-06-10T20:00,1,32.0,evening,1
B0006800,C01623,DXB-MOE,2026-06-10T20:00,1,26.0,evening,1
B0006801,C02194,DXB-DTN,2026-06-10T22:00,1,32.0,evening,1
B0006802,C00655,DXB-MOE,2026-06-10T22:00,4,106.0,evening,1
B0006803,C01640,DXB-DEI,2026-06-11T06:00,1,24.0,morning,1
B0006804,C00951,DXB-MAR,2026-06-11T07:00,2,64.0,morning,1
B0006805,C01073,DXB-MOE,2026-06-11T08:00,2,50.0,morning,1
B0006806,C01424,DXB-MAR,2026-06-11T08:00,1,18.0,morning,1
B0006807,C01800,DXB-DEI,2026-06-11T08:00,1,32.0,morning,1
B0006808,C01129,DXB-DTN,2026-06-11T12:00,1,18.0,midday,1
B0006809,C00883,DXB-MOE,2026-06-11T13:00,2,56.0,midday,1
B0006810,C01862,DXB-MOE,2026-06-11T13:00,1,32.0,midday,1
B0006811,C02208,DXB-DEI,2026-06-11T13:00,1,18.0,midday,1
B0006812,C00586,DXB-MAR,2026-06-11T14:00,1,24.0,midday,1
B0006813,C01468,DXB-MOE,2026-06-11T15:00,1,24.0,midday,1
B0006814,C00994,DXB-DTN,2026-06-11T17:00,3,68.0,evening,1
B0006815,C00946,DXB-MAR,2026-06-11T17:00,4,92.0,evening,1
B0006816,C01218,DXB-DEI,2026-06-11T17:00,2,50.0,evening,1
B0006817,C00449,DXB-MOE,2026-06-11T18:00,1,24.0,evening,1
B0006818,C00626,DXB-MAR,2026-06-11T18:00,1,32.0,evening,1
B0006819,C01749,DXB-DTN,2026-06-11T19:00,2,50.0,evening,1
B0006820,C01240,DXB-MAR,2026-06-11T20:00,1,24.0,evening,1
B0006821,C00686,DXB-MAR,2026-06-11T20:00,2,58.0,evening,1
B0006822,C01371,DXB-DEI,2026-06-11T20:00,1,24.0,evening,1
B0006823,C00275,DXB-DEI,2026-06-12T06:00,1,18.0,morning,1
B0006824,C01585,DXB-DEI,2026-06-12T06:00,3,66.0,morning,1
B0006825,C01496,DXB-DEI,2026-06-12T06:00,1,26.0,morning,1
B0006826,C01249,DXB-DEI,2026-06-12T06:00,1,18.0,morning,1
B0006827,C01933,DXB-DTN,2026-06-12T08:00,2,52.0,morning,1
B0006828,C00922,DXB-MOE,2026-06-12T09:00,1,32.0,morning,1
B0006829,C01864,DXB-MOE,2026-06-12T11:00,2,56.0,midday,1
B0006830,C00216,DXB-MAR,2026-06-12T11:00,2,56.0,midday,1
B0006831,C00739,DXB-MOE,2026-06-12T13:00,1,26.0,midday,1
B0006832,C00626,DXB-MAR,2026-06-12T16:00,2,42.0,midday,1
B0006833,C00092,DXB-MOE,2026-06-12T17:00,2,52.0,evening,1
B0006834,C02362,DXB-MOE,2026-06-12T17:00,2,58.0,evening,1
B0006835,C01213,DXB-MAR,2026-06-12T19:00,3,76.0,evening,1
B0006836,C02323,DXB-MAR,2026-06-12T19:00,1,24.0,evening,1
B0006837,C00413,DXB-DTN,2026-06-12T21:00,1,26.0,evening,1
B0006838,C00153,DXB-DTN,2026-06-12T21:00,2,48.0,evening,1
B0006839,C01094,DXB-MOE,2026-06-12T22:00,2,58.0,evening,1
B0006840,C01759,DXB-MOE,2026-06-12T22:00,5,146.0,evening,1
B0006841,C01684,DXB-MAR,2026-06-12T23:00,1,26.0,evening,1
B0006842,C00032,DXB-DEI,2026-06-13T06:00,3,62.0,morning,1
B0006843,C01954,DXB-DTN,2026-06-13T08:00,2,48.0,morning,1
B0006844,C02207,DXB-MOE,2026-06-13T08:00,2,58.0,morning,1
B0006845,C00802,DXB-MOE,2026-06-13T09:00,1,26.0,morning,1
B0006846,C00016,DXB-MAR,2026-06-13T09:00,1,24.0,morning,1
B0006847,C00463,DXB-DEI,2026-06-13T09:00,2,48.0,morning,1
B0006848,C01674,DXB-DTN,2026-06-13T10:00,1,32.0,morning,1
B0006849,C00429,DXB-MAR,2026-06-13T10:00,2,58.0,morning,1
B0006850,C01448,DXB-DEI,2026-06-13T10:00,2,48.0,morning,1
B0006851,C01191,DXB-DTN,2026-06-13T11:00,1,26.0,midday,1
B0006852,C01706,DXB-MOE,2026-06-13T11:00,1,32.0,midday,1
B0006853,C01105,DXB-DTN,2026-06-13T13:00,2,36.0,midday,1
B0006854,C01862,DXB-MOE,2026-06-13T13:00,1,18.0,midday,1
B0006855,C01268,DXB-MOE,2026-06-13T14:00,2,48.0,midday,1
B0006856,C01337,DXB-DEI,2026-06-13T15:00,2,64.0,midday,1
B0006857,C00959,DXB-MAR,2026-06-13T16:00,2,64.0,midday,1
B0006858,C01114,DXB-MOE,2026-06-13T18:00,1,18.0,evening,1
B0006859,C01646,DXB-DTN,2026-06-13T19:00,2,50.0,evening,1
B0006860,C00241,DXB-MOE,2026-06-13T20:00,2,64.0,evening,1
B0006861,C00500,DXB-MAR,2026-06-13T20:00,1,18.0,evening,1
B0006862,C02362,DXB-DTN,2026-06-13T21:00,2,42.0,evening,1
B0006863,C01131,DXB-MOE,2026-06-13T21:00,2,50.0,evening,1
B0006864,C01123,DXB-DTN,2026-06-13T22:00,2,42.0,evening,1
B0006865,C02158,DXB-MAR,2026-06-13T23:00,1,32.0,evening,1
B0006866,C00891,DXB-DEI,2026-06-14T07:00,3,80.0,morning,1
B0006867,C01737,DXB-MAR,2026-06-14T10:00,1,32.0,morning,1
B0006868,C01521,DXB-DTN,2026-06-14T15:00,2,52.0,midday,1
B0006869,C00495,DXB-MAR,2026-06-14T15:00,2,50.0,midday,1
B0006870,C01340,DXB-MOE,2026-06-14T16:00,2,48.0,midday,1
B0006871,C00239,DXB-DTN,2026-06-14T17:00,1,26.0,evening,1
B0006872,C01814,DXB-MAR,2026-06-14T17:00,2,42.0,evening,1
B0006873,C01337,DXB-DEI,2026-06-14T17:00,1,32.0,evening,1
B0006874,C00870,DXB-DTN,2026-06-14T18:00,2,48.0,evening,1
B0006875,C01754,DXB-MAR,2026-06-14T19:00,1,32.0,evening,1
B0006876,C02248,DXB-DTN,2026-06-14T20:00,2,36.0,evening,1
B0006877,C01881,DXB-MOE,2026-06-14T20:00,1,26.0,evening,1
B0006878,C01469,DXB-MOE,2026-06-14T20:00,1,18.0,evening,1
B0006879,C01724,DXB-MAR,2026-06-14T20:00,1,18.0,evening,1
B0006880,C02121,DXB-MAR,2026-06-14T21:00,2,36.0,evening,1
B0006881,C01862,DXB-DTN,2026-06-15T08:00,2,50.0,morning,1
B0006882,C00688,DXB-MOE,2026-06-15T10:00,1,32.0,morning,1
B0006883,C01012,DXB-MAR,2026-06-15T11:00,2,44.0,midday,1
B0006884,C00764,DXB-DTN,2026-06-15T14:00,3,68.0,midday,1
B0006885,C00495,DXB-MOE,2026-06-15T14:00,1,18.0,midday,1
B0006886,C00922,DXB-MOE,2026-06-15T14:00,1,32.0,midday,1
B0006887,C02398,DXB-MAR,2026-06-15T15:00,1,32.0,midday,1
B0006888,C01011,DXB-MAR,2026-06-15T18:00,1,24.0,evening,1
B0006889,C00624,DXB-DTN,2026-06-15T20:00,2,58.0,evening,1
B0006890,C00586,DXB-MAR,2026-06-15T22:00,1,32.0,evening,1
B0006891,C02095,DXB-MAR,2026-06-15T22:00,1,18.0,evening,1
B0006892,C02338,DXB-MOE,2026-06-16T08:00,2,42.0,morning,1
B0006893,C00451,DXB-MOE,2026-06-16T09:00,1,24.0,morning,1
B0006894,C02194,DXB-MOE,2026-06-16T09:00,2,50.0,morning,1
B0006895,C02058,DXB-MOE,2026-06-16T09:00,2,50.0,morning,1
B0006896,C00723,DXB-MOE,2026-06-16T10:00,2,50.0,morning,1
B0006897,C00240,DXB-DTN,2026-06-16T12:00,1,32.0,midday,1
B0006898,C02158,DXB-DEI,2026-06-16T14:00,4,108.0,midday,1
B0006899,C00701,DXB-MOE,2026-06-16T15:00,3,66.0,midday,1
B0006900,C00906,DXB-DTN,2026-06-16T16:00,3,76.0,midday,1
B0006901,C00444,DXB-MOE,2026-06-16T16:00,3,80.0,midday,1
B0006902,C02292,DXB-MAR,2026-06-16T16:00,3,74.0,midday,1
B0006903,C00495,DXB-MAR,2026-06-16T17:00,2,42.0,evening,1
B0006904,C01846,DXB-DTN,2026-06-16T18:00,2,50.0,evening,1
B0006905,C01874,DXB-DTN,2026-06-16T18:00,2,56.0,evening,1
B0006906,C00935,DXB-MAR,2026-06-16T19:00,1,26.0,evening,1
B0006907,C00401,DXB-DTN,2026-06-16T20:00,1,26.0,evening,1
B0006908,C01315,DXB-DTN,2026-06-16T20:00,4,84.0,evening,1
B0006909,C02068,DXB-DTN,2026-06-16T20:00,2,48.0,evening,1
B0006910,C01947,DXB-MAR,2026-06-16T23:00,2,56.0,evening,1
B0006911,C00058,DXB-DTN,2026-06-17T09:00,3,74.0,morning,1
B0006912,C00444,DXB-DTN,2026-06-17T09:00,2,58.0,morning,1
B0006913,C01991,DXB-MOE,2026-06-17T09:00,1,32.0,morning,1
B0006914,C01552,DXB-MOE,2026-06-17T09:00,3,66.0,morning,1
B0006915,C00035,DXB-DTN,2026-06-17T10:00,1,26.0,morning,1
B0006916,C00830,DXB-DTN,2026-06-17T10:00,2,56.0,morning,1
B0006917,C00075,DXB-MOE,2026-06-17T10:00,4,100.0,morning,1
B0006918,C00560,DXB-MAR,2026-06-17T11:00,1,18.0,midday,1
B0006919,C01490,DXB-MOE,2026-06-17T12:00,2,50.0,midday,1
B0006920,C01291,DXB-MAR,2026-06-17T14:00,1,26.0,midday,1
B0006921,C02323,DXB-MAR,2026-06-17T14:00,2,44.0,midday,1
B0006922,C01468,DXB-MOE,2026-06-17T15:00,2,58.0,midday,1
B0006923,C00903,DXB-MOE,2026-06-17T15:00,2,52.0,midday,1
B0006924,C00106,DXB-DEI,2026-06-17T16:00,3,82.0,midday,1
B0006925,C00883,DXB-DTN,2026-06-17T18:00,1,26.0,evening,1
B0006926,C00928,DXB-MAR,2026-06-17T18:00,1,32.0,evening,1
B0006927,C01990,DXB-MOE,2026-06-17T19:00,2,56.0,evening,1
B0006928,C01490,DXB-MAR,2026-06-17T19:00,2,50.0,evening,1
B0006929,C01480,DXB-DTN,2026-06-17T20:00,2,42.0,evening,1
B0006930,C01346,DXB-MOE,2026-06-17T21:00,2,58.0,evening,1
B0006931,C01937,DXB-MAR,2026-06-17T21:00,1,18.0,evening,1
B0006932,C02056,DXB-MAR,2026-06-17T21:00,1,26.0,evening,1
B0006933,C00796,DXB-MAR,2026-06-17T21:00,1,24.0,evening,1
B0006934,C00181,DXB-MAR,2026-06-17T22:00,2,50.0,evening,1
B0006935,C01610,DXB-MAR,2026-06-17T23:00,1,26.0,evening,1
B0006936,C02305,DXB-MAR,2026-06-17T23:00,1,18.0,evening,1
B0006937,C00872,DXB-MAR,2026-06-18T07:00,1,26.0,morning,1
B0006938,C02237,DXB-DEI,2026-06-18T07:00,1,26.0,morning,1
B0006939,C01233,DXB-DEI,2026-06-18T07:00,2,44.0,morning,1
B0006940,C00962,DXB-MOE,2026-06-18T08:00,1,24.0,morning,1
B0006941,C00670,DXB-MAR,2026-06-18T08:00,1,18.0,morning,1
B0006942,C01411,DXB-DTN,2026-06-18T09:00,2,42.0,morning,1
B0006943,C01279,DXB-DTN,2026-06-18T09:00,2,36.0,morning,1
B0006944,C01499,DXB-MOE,2026-06-18T09:00,3,82.0,morning,1
B0006945,C01823,DXB-MAR,2026-06-18T10:00,1,32.0,morning,1
B0006946,C01286,DXB-MOE,2026-06-18T12:00,2,44.0,midday,1
B0006947,C01862,DXB-DTN,2026-06-18T13:00,2,58.0,midday,1
B0006948,C00655,DXB-MOE,2026-06-18T14:00,2,36.0,midday,1
B0006949,C01189,DXB-DTN,2026-06-18T15:00,1,32.0,midday,1
B0006950,C01095,DXB-DEI,2026-06-18T15:00,1,18.0,midday,1
B0006951,C00502,DXB-DEI,2026-06-18T18:00,1,18.0,evening,1
B0006952,C00299,DXB-DTN,2026-06-18T19:00,1,24.0,evening,1
B0006953,C00807,DXB-MOE,2026-06-18T19:00,1,32.0,evening,1
B0006954,C00655,DXB-MOE,2026-06-18T20:00,2,44.0,evening,1
B0006955,C00871,DXB-MAR,2026-06-18T20:00,1,18.0,evening,1
B0006956,C00860,DXB-MAR,2026-06-18T20:00,1,18.0,evening,1
B0006957,C00153,DXB-DEI,2026-06-18T20:00,2,48.0,evening,1
B0006958,C01905,DXB-DTN,2026-06-18T21:00,1,18.0,evening,1
B0006959,C00540,DXB-MAR,2026-06-18T22:00,3,54.0,evening,1
B0006960,C00685,DXB-DEI,2026-06-19T06:00,1,24.0,morning,1
B0006961,C02124,DXB-DTN,2026-06-19T08:00,2,36.0,morning,1
B0006962,C01065,DXB-DTN,2026-06-19T11:00,2,36.0,midday,1
B0006963,C01528,DXB-MOE,2026-06-19T11:00,2,50.0,midday,1
B0006964,C00802,DXB-MAR,2026-06-19T11:00,2,44.0,midday,1
B0006965,C02004,DXB-MOE,2026-06-19T15:00,1,32.0,midday,1
B0006966,C00444,DXB-MAR,2026-06-19T15:00,1,32.0,midday,1
B0006967,C00244,DXB-MOE,2026-06-19T16:00,2,50.0,midday,1
B0006968,C01967,DXB-DTN,2026-06-19T17:00,2,44.0,evening,1
B0006969,C01399,DXB-MOE,2026-06-19T17:00,1,26.0,evening,1
B0006970,C00962,DXB-MAR,2026-06-19T17:00,2,50.0,evening,1
B0006971,C02290,DXB-DEI,2026-06-19T17:00,1,18.0,evening,1
B0006972,C00779,DXB-MOE,2026-06-19T18:00,2,44.0,evening,1
B0006973,C01683,DXB-MOE,2026-06-19T18:00,1,32.0,evening,1
B0006974,C01849,DXB-DTN,2026-06-19T19:00,2,44.0,evening,1
B0006975,C01691,DXB-MAR,2026-06-19T19:00,2,58.0,evening,1
B0006976,C00439,DXB-MAR,2026-06-19T20:00,1,18.0,evening,1
B0006977,C00257,DXB-DTN,2026-06-19T21:00,2,50.0,evening,1
B0006978,C00962,DXB-DTN,2026-06-19T21:00,2,50.0,evening,1
B0006979,C00928,DXB-MAR,2026-06-19T21:00,2,42.0,evening,1
B0006980,C01892,DXB-MAR,2026-06-19T21:00,2,50.0,evening,1
B0006981,C00470,DXB-MAR,2026-06-19T21:00,1,18.0,evening,1
B0006982,C01161,DXB-DTN,2026-06-19T22:00,2,58.0,evening,1
B0006983,C02156,DXB-MAR,2026-06-19T22:00,1,26.0,evening,1
B0006984,C00883,DXB-MOE,2026-06-20T08:00,3,62.0,morning,1
B0006985,C00092,DXB-MOE,2026-06-20T08:00,2,56.0,morning,1
B0006986,C00331,DXB-MAR,2026-06-20T08:00,1,26.0,morning,1
B0006987,C01262,DXB-DEI,2026-06-20T08:00,1,26.0,morning,1
B0006988,C01939,DXB-DTN,2026-06-20T09:00,2,44.0,morning,1
B0006989,C01137,DXB-DTN,2026-06-20T09:00,2,42.0,morning,1
B0006990,C01938,DXB-MAR,2026-06-20T09:00,1,26.0,morning,1
B0006991,C02338,DXB-DTN,2026-06-20T11:00,2,48.0,midday,1
B0006992,C00218,DXB-MOE,2026-06-20T11:00,2,42.0,midday,1
B0006993,C00219,DXB-DTN,2026-06-20T14:00,2,50.0,midday,1
B0006994,C00245,DXB-DTN,2026-06-20T14:00,1,18.0,midday,1
B0006995,C01914,DXB-DTN,2026-06-20T15:00,1,18.0,midday,1
B0006996,C00244,DXB-DTN,2026-06-20T16:00,1,18.0,midday,1
B0006997,C00634,DXB-MOE,2026-06-20T17:00,1,32.0,evening,1
B0006998,C00728,DXB-MAR,2026-06-20T19:00,1,18.0,evening,1
B0006999,C01508,DXB-MAR,2026-06-20T19:00,2,64.0,evening,1
B0007000,C01331,DXB-DEI,2026-06-20T19:00,1,24.0,evening,1
B0007001,C00850,DXB-MAR,2026-06-20T20:00,1,18.0,evening,1
B0007002,C01233,DXB-DTN,2026-06-20T21:00,1,24.0,evening,1
B0007003,C01745,DXB-MAR,2026-06-20T21:00,1,32.0,evening,1
B0007004,C01330,DXB-MAR,2026-06-20T21:00,1,24.0,evening,1
B0007005,C01689,DXB-DTN,2026-06-20T22:00,1,24.0,evening,1
B0007006,C02247,DXB-DTN,2026-06-20T22:00,2,50.0,evening,1
B0007007,C01994,DXB-MAR,2026-06-20T23:00,1,24.0,evening,1
B0007008,C01447,DXB-DEI,2026-06-21T06:00,1,18.0,morning,1
B0007009,C00495,DXB-MAR,2026-06-21T07:00,2,58.0,morning,1
B0007010,C01034,DXB-MAR,2026-06-21T07:00,2,50.0,morning,1
B0007011,C01087,DXB-DEI,2026-06-21T07:00,3,76.0,morning,1
B0007012,C00789,DXB-MOE,2026-06-21T08:00,1,24.0,morning,1
B0007013,C01783,DXB-DEI,2026-06-21T08:00,1,24.0,morning,1
B0007014,C02285,DXB-DTN,2026-06-21T09:00,1,32.0,morning,1
B0007015,C00350,DXB-MOE,2026-06-21T09:00,1,24.0,morning,1
B0007016,C01029,DXB-DTN,2026-06-21T10:00,1,32.0,morning,1
B0007017,C00379,DXB-DEI,2026-06-21T10:00,3,90.0,morning,1
B0007018,C01406,DXB-DTN,2026-06-21T16:00,3,68.0,midday,1
B0007019,C01511,DXB-MOE,2026-06-21T16:00,3,90.0,midday,1
B0007020,C00711,DXB-DEI,2026-06-21T18:00,1,26.0,evening,1
B0007021,C00538,DXB-DTN,2026-06-21T20:00,1,32.0,evening,1
B0007022,C00416,DXB-MOE,2026-06-21T21:00,3,90.0,evening,1
B0007023,C01233,DXB-DTN,2026-06-21T22:00,1,18.0,evening,1
B0007024,C01340,DXB-DEI,2026-06-22T07:00,2,36.0,morning,1
B0007025,C01127,DXB-DTN,2026-06-22T08:00,3,84.0,morning,1
B0007026,C01127,DXB-DTN,2026-06-22T09:00,1,18.0,morning,1
B0007027,C02004,DXB-MOE,2026-06-22T09:00,1,26.0,morning,1
B0007028,C00755,DXB-DTN,2026-06-22T12:00,1,26.0,midday,1
B0007029,C00406,DXB-MAR,2026-06-22T14:00,1,32.0,midday,1
B0007030,C00742,DXB-DTN,2026-06-22T15:00,1,26.0,midday,1
B0007031,C01453,DXB-DTN,2026-06-22T16:00,2,50.0,midday,1
B0007032,C01608,DXB-MAR,2026-06-22T17:00,3,76.0,evening,1
B0007033,C01990,DXB-DEI,2026-06-22T19:00,2,50.0,evening,1
B0007034,C01610,DXB-DTN,2026-06-22T20:00,3,68.0,evening,1
B0007035,C01452,DXB-MOE,2026-06-22T20:00,2,56.0,evening,1
B0007036,C02194,DXB-MAR,2026-06-22T20:00,2,50.0,evening,1
B0007037,C00922,DXB-DTN,2026-06-22T21:00,2,50.0,evening,1
B0007038,C01741,DXB-MAR,2026-06-22T21:00,1,24.0,evening,1
B0007039,C02332,DXB-MAR,2026-06-22T23:00,1,26.0,evening,1
B0007040,C01862,DXB-DEI,2026-06-23T06:00,1,18.0,morning,1
B0007041,C00002,DXB-MAR,2026-06-23T07:00,1,18.0,morning,1
B0007042,C00371,DXB-DEI,2026-06-23T07:00,2,48.0,morning,1
B0007043,C00048,DXB-DEI,2026-06-23T08:00,1,24.0,morning,1
B0007044,C01126,DXB-DEI,2026-06-23T08:00,1,18.0,morning,1
B0007045,C01824,DXB-DTN,2026-06-23T09:00,2,42.0,morning,1
B0007046,C00495,DXB-DTN,2026-06-23T09:00,3,76.0,morning,1
B0007047,C00032,DXB-DTN,2026-06-23T09:00,2,50.0,morning,1
B0007048,C01376,DXB-DTN,2026-06-23T10:00,3,84.0,morning,1
B0007049,C01565,DXB-MOE,2026-06-23T11:00,2,56.0,midday,1
B0007050,C00932,DXB-MOE,2026-06-23T13:00,1,26.0,midday,1
B0007051,C02270,DXB-MAR,2026-06-23T14:00,2,42.0,midday,1
B0007052,C00305,DXB-MOE,2026-06-23T15:00,3,82.0,midday,1
B0007053,C00627,DXB-DTN,2026-06-23T17:00,6,134.0,evening,1
B0007054,C00377,DXB-DTN,2026-06-23T18:00,2,44.0,evening,1
B0007055,C00944,DXB-MOE,2026-06-23T18:00,2,50.0,evening,1
B0007056,C01977,DXB-MAR,2026-06-23T18:00,1,32.0,evening,1
B0007057,C01005,DXB-DTN,2026-06-23T19:00,2,42.0,evening,1
B0007058,C02362,DXB-DTN,2026-06-23T19:00,1,32.0,evening,1
B0007059,C01818,DXB-DTN,2026-06-23T20:00,1,18.0,evening,1
B0007060,C00806,DXB-MAR,2026-06-23T20:00,2,42.0,evening,1
B0007061,C01153,DXB-MAR,2026-06-23T21:00,1,24.0,evening,1
B0007062,C01491,DXB-DTN,2026-06-24T07:00,2,42.0,morning,1
B0007063,C00662,DXB-DEI,2026-06-24T07:00,2,58.0,morning,1
B0007064,C00096,DXB-DTN,2026-06-24T08:00,3,90.0,morning,1
B0007065,C00357,DXB-MAR,2026-06-24T08:00,1,26.0,morning,1
B0007066,C00248,DXB-DTN,2026-06-24T09:00,1,24.0,morning,1
B0007067,C02128,DXB-DTN,2026-06-24T09:00,2,44.0,morning,1
B0007068,C01688,DXB-DTN,2026-06-24T09:00,2,52.0,morning,1
B0007069,C00519,DXB-DTN,2026-06-24T09:00,2,50.0,morning,1
B0007070,C00233,DXB-DTN,2026-06-24T09:00,2,64.0,morning,1
B0007071,C01203,DXB-MOE,2026-06-24T09:00,3,62.0,morning,1
B0007072,C01861,DXB-DEI,2026-06-24T09:00,1,26.0,morning,1
B0007073,C00135,DXB-MOE,2026-06-24T10:00,1,26.0,morning,1
B0007074,C00915,DXB-MOE,2026-06-24T14:00,1,18.0,midday,1
B0007075,C01909,DXB-MOE,2026-06-24T14:00,1,32.0,midday,1
B0007076,C01073,DXB-MAR,2026-06-24T15:00,1,26.0,midday,1
B0007077,C01355,DXB-MOE,2026-06-24T16:00,2,50.0,midday,1
B0007078,C02299,DXB-DTN,2026-06-24T18:00,1,18.0,evening,1
B0007079,C01127,DXB-DEI,2026-06-24T18:00,2,50.0,evening,1
B0007080,C01127,DXB-DTN,2026-06-24T19:00,3,90.0,evening,1
B0007081,C01746,DXB-MAR,2026-06-24T21:00,1,32.0,evening,1
B0007082,C01769,DXB-DEI,2026-06-24T21:00,1,26.0,evening,1
B0007083,C00226,DXB-MAR,2026-06-24T22:00,2,64.0,evening,1
B0007084,C02100,DXB-DEI,2026-06-25T07:00,2,42.0,morning,1
B0007085,C00514,DXB-MAR,2026-06-25T08:00,3,68.0,morning,1
B0007086,C00777,DXB-DEI,2026-06-25T08:00,1,24.0,morning,1
B0007087,C01220,DXB-DEI,2026-06-25T08:00,3,88.0,morning,1
B0007088,C00156,DXB-MOE,2026-06-25T10:00,1,32.0,morning,1
B0007089,C01513,DXB-DTN,2026-06-25T11:00,1,18.0,midday,1
B0007090,C00808,DXB-DEI,2026-06-25T17:00,1,32.0,evening,1
B0007091,C00382,DXB-DTN,2026-06-25T18:00,1,26.0,evening,1
B0007092,C01289,DXB-DEI,2026-06-25T18:00,4,86.0,evening,1
B0007093,C00220,DXB-MOE,2026-06-25T19:00,1,18.0,evening,1
B0007094,C01496,DXB-MOE,2026-06-25T20:00,2,50.0,evening,1
B0007095,C01964,DXB-MAR,2026-06-25T20:00,1,26.0,evening,1
B0007096,C01980,DXB-DTN,2026-06-25T21:00,1,32.0,evening,1
B0007097,C00667,DXB-MOE,2026-06-25T21:00,2,50.0,evening,1
B0007098,C02075,DXB-DTN,2026-06-25T22:00,3,60.0,evening,1
B0007099,C00444,DXB-MAR,2026-06-26T07:00,1,24.0,morning,1
B0007100,C02260,DXB-DEI,2026-06-26T07:00,1,24.0,morning,1
B0007101,C01515,DXB-DEI,2026-06-26T08:00,1,26.0,morning,1
B0007102,C00898,DXB-DEI,2026-06-26T08:00,1,26.0,morning,1
B0007103,C00409,DXB-DTN,2026-06-26T09:00,1,32.0,morning,1
B0007104,C00087,DXB-DTN,2026-06-26T09:00,1,18.0,morning,1
B0007105,C00928,DXB-DEI,2026-06-26T09:00,2,50.0,morning,1
B0007106,C01026,DXB-DTN,2026-06-26T10:00,2,56.0,morning,1
B0007107,C01683,DXB-MOE,2026-06-26T10:00,2,50.0,morning,1
B0007108,C00568,DXB-MOE,2026-06-26T11:00,2,50.0,midday,1
B0007109,C00783,DXB-MOE,2026-06-26T15:00,2,52.0,midday,1
B0007110,C00262,DXB-DTN,2026-06-26T17:00,2,50.0,evening,1
B0007111,C00284,DXB-DTN,2026-06-26T17:00,1,32.0,evening,1
B0007112,C01424,DXB-MOE,2026-06-26T17:00,2,52.0,evening,1
B0007113,C00712,DXB-MAR,2026-06-26T17:00,1,32.0,evening,1
B0007114,C02331,DXB-DEI,2026-06-26T17:00,1,24.0,evening,1
B0007115,C01114,DXB-MOE,2026-06-26T18:00,2,58.0,evening,1
B0007116,C01309,DXB-DTN,2026-06-26T19:00,1,32.0,evening,1
B0007117,C01631,DXB-MAR,2026-06-26T19:00,1,24.0,evening,1
B0007118,C02362,DXB-MOE,2026-06-26T20:00,3,88.0,evening,1
B0007119,C00505,DXB-DTN,2026-06-26T21:00,1,32.0,evening,1
B0007120,C01546,DXB-MOE,2026-06-26T22:00,1,26.0,evening,1
B0007121,C00209,DXB-MOE,2026-06-26T22:00,3,74.0,evening,1
B0007122,C02398,DXB-MOE,2026-06-26T22:00,1,32.0,evening,1
B0007123,C00746,DXB-MAR,2026-06-26T23:00,1,26.0,evening,1
B0007124,C02098,DXB-MOE,2026-06-27T08:00,1,24.0,morning,1
B0007125,C00123,DXB-DTN,2026-06-27T09:00,1,18.0,morning,1
B0007126,C00773,DXB-DTN,2026-06-27T09:00,1,32.0,morning,1
B0007127,C00049,DXB-MOE,2026-06-27T09:00,1,18.0,morning,1
B0007128,C02110,DXB-MAR,2026-06-27T09:00,1,18.0,morning,1
B0007129,C02216,DXB-MAR,2026-06-27T13:00,2,56.0,midday,1
B0007130,C00444,DXB-MOE,2026-06-27T14:00,1,26.0,midday,1
B0007131,C00860,DXB-DTN,2026-06-27T18:00,2,64.0,evening,1
B0007132,C00495,DXB-DTN,2026-06-27T18:00,1,24.0,evening,1
B0007133,C01631,DXB-MOE,2026-06-27T19:00,3,74.0,evening,1
B0007134,C00975,DXB-MAR,2026-06-27T20:00,1,18.0,evening,1
B0007135,C00883,DXB-MOE,2026-06-27T22:00,1,18.0,evening,1
B0007136,C02010,DXB-MAR,2026-06-27T22:00,2,50.0,evening,1
B0007137,C00655,DXB-MAR,2026-06-27T22:00,2,50.0,evening,1
B0007138,C00135,DXB-MAR,2026-06-27T23:00,2,58.0,evening,1
B0007139,C02076,DXB-DTN,2026-06-28T07:00,2,48.0,morning,1
B0007140,C02130,DXB-DEI,2026-06-28T07:00,1,32.0,morning,1
B0007141,C02012,DXB-MOE,2026-06-28T09:00,1,24.0,morning,1
B0007142,C00041,DXB-MAR,2026-06-28T09:00,1,32.0,morning,1
B0007143,C01383,DXB-DTN,2026-06-28T10:00,1,18.0,morning,1
B0007144,C01076,DXB-DTN,2026-06-28T11:00,1,32.0,midday,1
B0007145,C00170,DXB-MOE,2026-06-28T11:00,1,26.0,midday,1
B0007146,C01175,DXB-DTN,2026-06-28T12:00,2,52.0,midday,1
B0007147,C01967,DXB-MOE,2026-06-28T12:00,2,50.0,midday,1
B0007148,C01735,DXB-MOE,2026-06-28T13:00,1,24.0,midday,1
B0007149,C01131,DXB-MOE,2026-06-28T16:00,2,50.0,midday,1
B0007150,C01563,DXB-DTN,2026-06-28T18:00,2,48.0,evening,1
B0007151,C02237,DXB-MOE,2026-06-28T18:00,2,58.0,evening,1
B0007152,C01336,DXB-MAR,2026-06-28T18:00,2,58.0,evening,1
B0007153,C02203,DXB-DTN,2026-06-28T19:00,1,24.0,evening,1
B0007154,C02158,DXB-DTN,2026-06-28T19:00,1,26.0,evening,1
B0007155,C01907,DXB-DEI,2026-06-28T19:00,1,26.0,evening,1
B0007156,C02373,DXB-DTN,2026-06-28T20:00,1,26.0,evening,1
B0007157,C00002,DXB-MOE,2026-06-28T20:00,1,18.0,evening,1
B0007158,C00570,DXB-DTN,2026-06-28T22:00,2,44.0,evening,1
B0007159,C01527,DXB-MAR,2026-06-28T22:00,1,24.0,evening,1
B0007160,C00444,DXB-MAR,2026-06-28T23:00,1,32.0,evening,1
B0007161,C02357,DXB-DTN,2026-06-29T07:00,2,50.0,morning,1
B0007162,C01786,DXB-DEI,2026-06-29T07:00,1,24.0,morning,1
B0007163,C00068,DXB-DTN,2026-06-29T08:00,3,76.0,morning,1
B0007164,C01154,DXB-MOE,2026-06-29T08:00,2,44.0,morning,1
B0007165,C00299,DXB-DTN,2026-06-29T09:00,2,58.0,morning,1
B0007166,C01093,DXB-MOE,2026-06-29T09:00,3,76.0,morning,1
B0007167,C00305,DXB-MOE,2026-06-29T09:00,1,26.0,morning,1
B0007168,C01487,DXB-MOE,2026-06-29T10:00,1,24.0,morning,1
B0007169,C00665,DXB-DTN,2026-06-29T11:00,3,68.0,midday,1
B0007170,C01337,DXB-MOE,2026-06-29T11:00,1,18.0,midday,1
B0007171,C01126,DXB-DTN,2026-06-29T12:00,1,32.0,midday,1
B0007172,C00471,DXB-DTN,2026-06-29T12:00,2,58.0,midday,1
B0007173,C01779,DXB-DTN,2026-06-29T15:00,2,48.0,midday,1
B0007174,C00953,DXB-MOE,2026-06-29T16:00,2,48.0,midday,1
B0007175,C01254,DXB-MAR,2026-06-29T17:00,2,50.0,evening,1
B0007176,C00444,DXB-MOE,2026-06-29T18:00,3,74.0,evening,1
B0007177,C01413,DXB-MOE,2026-06-29T18:00,2,42.0,evening,1
B0007178,C00444,DXB-MAR,2026-06-29T18:00,1,24.0,evening,1
B0007179,C01802,DXB-MOE,2026-06-29T19:00,3,66.0,evening,1
B0007180,C02086,DXB-MAR,2026-06-29T19:00,3,76.0,evening,1
B0007181,C01864,DXB-MAR,2026-06-29T19:00,1,32.0,evening,1
B0007182,C00379,DXB-MAR,2026-06-29T20:00,2,50.0,evening,1
B0007183,C00498,DXB-MAR,2026-06-29T21:00,1,32.0,evening,1
B0007184,C02281,DXB-MOE,2026-06-29T22:00,2,50.0,evening,1
B0007185,C00488,DXB-MAR,2026-06-29T23:00,2,36.0,evening,1
B0007186,C00624,DXB-DTN,2026-06-30T07:00,2,42.0,morning,1
B0007187,C02025,DXB-MAR,2026-06-30T07:00,1,24.0,morning,1
B0007188,C01852,DXB-MAR,2026-06-30T08:00,2,50.0,morning,1
B0007189,C00485,DXB-DTN,2026-06-30T09:00,1,18.0,morning,1
B0007190,C02045,DXB-DEI,2026-06-30T09:00,4,102.0,morning,1
B0007191,C01458,DXB-DTN,2026-06-30T10:00,2,44.0,morning,1
B0007192,C01350,DXB-DTN,2026-06-30T10:00,1,26.0,morning,1
B0007193,C00763,DXB-MOE,2026-06-30T10:00,1,32.0,morning,1
B0007194,C00495,DXB-DTN,2026-06-30T11:00,1,32.0,midday,1
B0007195,C01154,DXB-MOE,2026-06-30T11:00,3,82.0,midday,1
B0007196,C01942,DXB-MOE,2026-06-30T11:00,2,42.0,midday,1
B0007197,C00095,DXB-DEI,2026-06-30T11:00,2,50.0,midday,1
B0007198,C02208,DXB-DTN,2026-06-30T13:00,1,32.0,midday,1
B0007199,C02262,DXB-DTN,2026-06-30T14:00,3,76.0,midday,1
B0007200,C00130,DXB-MAR,2026-06-30T14:00,1,24.0,midday,1
B0007201,C02129,DXB-MAR,2026-06-30T15:00,1,24.0,midday,1
B0007202,C01046,DXB-DTN,2026-06-30T16:00,2,50.0,midday,1
B0007203,C01173,DXB-DTN,2026-06-30T16:00,2,50.0,midday,1
B0007204,C02223,DXB-MOE,2026-06-30T17:00,2,52.0,evening,1
B0007205,C00794,DXB-MAR,2026-06-30T18:00,3,74.0,evening,1
B0007206,C00150,DXB-DTN,2026-06-30T20:00,2,58.0,evening,1
B0007207,C00860,DXB-MAR,2026-06-30T20:00,1,26.0,evening,1
B0007208,C00412,DXB-MAR,2026-06-30T20:00,3,90.0,evening,1
B0007209,C01863,DXB-MAR,2026-06-30T20:00,2,48.0,evening,1
B0007210,C02061,DXB-DEI,2026-06-30T20:00,1,18.0,evening,1
B0007211,C00483,DXB-DTN,2026-06-30T22:00,2,48.0,evening,1
B0007212,C01861,DXB-DTN,2026-06-30T22:00,1,26.0,evening,1
B0007213,C01119,DXB-MOE,2026-06-30T22:00,1,32.0,evening,1
B0007214,C01921,DXB-DEI,2026-07-01T06:00,3,80.0,morning,1
B0007215,C00068,DXB-DEI,2026-07-01T06:00,2,48.0,morning,1
B0007216,C00092,DXB-MAR,2026-07-01T08:00,2,44.0,morning,1
B0007217,C01032,DXB-DTN,2026-07-01T10:00,2,52.0,morning,1
B0007218,C01613,DXB-DTN,2026-07-01T15:00,1,18.0,midday,1
B0007219,C00819,DXB-MOE,2026-07-01T16:00,1,24.0,midday,1
B0007220,C02074,DXB-DTN,2026-07-01T17:00,1,32.0,evening,1
B0007221,C02165,DXB-DEI,2026-07-01T20:00,2,42.0,evening,1
B0007222,C00488,DXB-MOE,2026-07-01T21:00,1,18.0,evening,1
B0007223,C01912,DXB-MAR,2026-07-01T21:00,2,56.0,evening,1
B0007224,C00022,DXB-MAR,2026-07-01T21:00,2,44.0,evening,1
B0007225,C00495,DXB-MOE,2026-07-01T22:00,2,58.0,evening,1
B0007226,C00824,DXB-MOE,2026-07-02T08:00,2,50.0,morning,1
B0007227,C00871,DXB-MAR,2026-07-02T08:00,3,80.0,morning,1
B0007228,C02004,DXB-DTN,2026-07-02T09:00,3,82.0,morning,1
B0007229,C02082,DXB-MOE,2026-07-02T11:00,1,24.0,midday,1
B0007230,C01422,DXB-DEI,2026-07-02T12:00,1,26.0,midday,1
B0007231,C01127,DXB-DTN,2026-07-02T14:00,1,24.0,midday,1
B0007232,C00444,DXB-DTN,2026-07-02T15:00,3,60.0,midday,1
B0007233,C01935,DXB-MOE,2026-07-02T15:00,1,24.0,midday,1
B0007234,C01091,DXB-MAR,2026-07-02T15:00,2,64.0,midday,1
B0007235,C00413,DXB-DTN,2026-07-02T16:00,2,56.0,midday,1
B0007236,C02051,DXB-DEI,2026-07-02T17:00,4,106.0,evening,1
B0007237,C01351,DXB-MOE,2026-07-02T18:00,1,32.0,evening,1
B0007238,C01554,DXB-DEI,2026-07-02T18:00,2,50.0,evening,1
B0007239,C00621,DXB-MOE,2026-07-02T19:00,2,56.0,evening,1
B0007240,C01766,DXB-DTN,2026-07-02T20:00,2,56.0,evening,1
B0007241,C00063,DXB-MOE,2026-07-02T21:00,1,24.0,evening,1
B0007242,C02338,DXB-MAR,2026-07-02T21:00,1,18.0,evening,1
B0007243,C00165,DXB-MAR,2026-07-02T21:00,1,18.0,evening,1
B0007244,C00540,DXB-DEI,2026-07-02T21:00,2,56.0,evening,1
B0007245,C00524,DXB-MAR,2026-07-02T22:00,1,18.0,evening,1
B0007246,C01980,DXB-MAR,2026-07-02T23:00,2,58.0,evening,1
B0007247,C00032,DXB-MAR,2026-07-02T23:00,2,50.0,evening,1
B0007248,C00342,DXB-MAR,2026-07-02T23:00,1,18.0,evening,1
B0007249,C00770,DXB-DEI,2026-07-03T07:00,2,52.0,morning,1
B0007250,C01114,DXB-DEI,2026-07-03T07:00,2,50.0,morning,1
B0007251,C01672,DXB-MOE,2026-07-03T09:00,3,74.0,morning,1
B0007252,C00135,DXB-MAR,2026-07-03T10:00,2,50.0,morning,1
B0007253,C01646,DXB-DTN,2026-07-03T11:00,1,32.0,midday,1
B0007254,C00203,DXB-MAR,2026-07-03T11:00,3,74.0,midday,1
B0007255,C00540,DXB-DEI,2026-07-03T11:00,2,52.0,midday,1
B0007256,C01489,DXB-MOE,2026-07-03T13:00,1,18.0,midday,1
B0007257,C00180,DXB-DEI,2026-07-03T14:00,1,26.0,midday,1
B0007258,C01340,DXB-MOE,2026-07-03T15:00,1,18.0,midday,1
B0007259,C02260,DXB-MOE,2026-07-03T15:00,1,18.0,midday,1
B0007260,C00096,DXB-MOE,2026-07-03T15:00,1,18.0,midday,1
B0007261,C00440,DXB-DEI,2026-07-03T16:00,5,130.0,midday,1
B0007262,C01172,DXB-DTN,2026-07-03T17:00,2,64.0,evening,1
B0007263,C01032,DXB-MAR,2026-07-03T17:00,1,26.0,evening,1
B0007264,C02098,DXB-DTN,2026-07-03T19:00,1,18.0,evening,1
B0007265,C01440,DXB-MAR,2026-07-03T19:00,1,24.0,evening,1
B0007266,C00835,DXB-DTN,2026-07-03T21:00,1,26.0,evening,1
B0007267,C01780,DXB-DTN,2026-07-03T21:00,2,56.0,evening,1
B0007268,C01298,DXB-MOE,2026-07-03T21:00,1,18.0,evening,1
B0007269,C00290,DXB-MAR,2026-07-04T07:00,2,58.0,morning,1
B0007270,C00863,DXB-DEI,2026-07-04T07:00,1,18.0,morning,1
B0007271,C00763,DXB-DTN,2026-07-04T08:00,2,42.0,morning,1
B0007272,C01802,DXB-MOE,2026-07-04T08:00,2,58.0,morning,1
B0007273,C01094,DXB-MOE,2026-07-04T09:00,2,50.0,morning,1
B0007274,C02076,DXB-MOE,2026-07-04T10:00,1,18.0,morning,1
B0007275,C00928,DXB-DEI,2026-07-04T10:00,3,66.0,morning,1
B0007276,C00605,DXB-MAR,2026-07-04T11:00,3,62.0,midday,1
B0007277,C01060,DXB-MOE,2026-07-04T13:00,2,50.0,midday,1
B0007278,C01454,DXB-MOE,2026-07-04T14:00,1,18.0,midday,1
B0007279,C00264,DXB-DEI,2026-07-04T14:00,1,18.0,midday,1
B0007280,C00519,DXB-MAR,2026-07-04T16:00,4,106.0,midday,1
B0007281,C01792,DXB-DEI,2026-07-04T16:00,2,56.0,midday,1
B0007282,C00557,DXB-DTN,2026-07-04T17:00,1,18.0,evening,1
B0007283,C00264,DXB-MOE,2026-07-04T18:00,1,26.0,evening,1
B0007284,C01852,DXB-MOE,2026-07-04T19:00,1,24.0,evening,1
B0007285,C02202,DXB-MAR,2026-07-04T20:00,1,26.0,evening,1
B0007286,C01141,DXB-MAR,2026-07-04T21:00,1,24.0,evening,1
B0007287,C01626,DXB-MAR,2026-07-04T21:00,2,50.0,evening,1
B0007288,C01699,DXB-MOE,2026-07-04T22:00,2,64.0,evening,1
B0007289,C02081,DXB-MAR,2026-07-04T23:00,1,32.0,evening,1
B0007290,C00426,DXB-DTN,2026-07-05T09:00,3,74.0,morning,1
B0007291,C01584,DXB-MAR,2026-07-05T09:00,2,50.0,morning,1
B0007292,C00264,DXB-MAR,2026-07-05T09:00,2,56.0,morning,1
B0007293,C00547,DXB-DEI,2026-07-05T09:00,3,84.0,morning,1
B0007294,C00145,DXB-DEI,2026-07-05T09:00,1,26.0,morning,1
B0007295,C01461,DXB-MOE,2026-07-05T10:00,1,18.0,morning,1
B0007296,C00486,DXB-DEI,2026-07-05T15:00,1,26.0,midday,1
B0007297,C02182,DXB-DTN,2026-07-05T16:00,3,74.0,midday,1
B0007298,C00586,DXB-DTN,2026-07-05T16:00,1,18.0,midday,1
B0007299,C00888,DXB-DTN,2026-07-05T16:00,1,18.0,midday,1
B0007300,C00020,DXB-DTN,2026-07-05T16:00,1,24.0,midday,1
B0007301,C01653,DXB-MOE,2026-07-05T18:00,3,82.0,evening,1
B0007302,C00786,DXB-MAR,2026-07-05T18:00,2,52.0,evening,1
B0007303,C01907,DXB-MOE,2026-07-05T19:00,2,58.0,evening,1
B0007304,C00778,DXB-MOE,2026-07-05T20:00,1,24.0,evening,1
B0007305,C00867,DXB-MAR,2026-07-05T20:00,1,18.0,evening,1
B0007306,C00164,DXB-MAR,2026-07-05T20:00,2,42.0,evening,1
B0007307,C01393,DXB-MAR,2026-07-05T21:00,1,24.0,evening,1
B0007308,C01475,DXB-MAR,2026-07-05T21:00,1,18.0,evening,1
B0007309,C01503,DXB-MOE,2026-07-05T22:00,1,26.0,evening,1
B0007310,C01489,DXB-DTN,2026-07-06T07:00,1,32.0,morning,1
B0007311,C00256,DXB-DTN,2026-07-06T08:00,1,18.0,morning,1
B0007312,C02263,DXB-DEI,2026-07-06T08:00,2,50.0,morning,1
B0007313,C01802,DXB-DEI,2026-07-06T08:00,2,50.0,morning,1
B0007314,C02182,DXB-DTN,2026-07-06T09:00,1,18.0,morning,1
B0007315,C01788,DXB-MOE,2026-07-06T09:00,2,58.0,morning,1
B0007316,C01133,DXB-DEI,2026-07-06T09:00,2,50.0,morning,1
B0007317,C00068,DXB-DTN,2026-07-06T10:00,1,26.0,morning,1
B0007318,C01783,DXB-MOE,2026-07-06T10:00,1,32.0,morning,1
B0007319,C00445,DXB-MAR,2026-07-06T10:00,1,26.0,morning,1
B0007320,C02088,DXB-MOE,2026-07-06T11:00,2,56.0,midday,1
B0007321,C00759,DXB-MOE,2026-07-06T12:00,1,18.0,midday,1
B0007322,C00165,DXB-MOE,2026-07-06T12:00,1,26.0,midday,1
B0007323,C01226,DXB-MOE,2026-07-06T17:00,3,82.0,evening,1
B0007324,C02338,DXB-MOE,2026-07-06T18:00,2,50.0,evening,1
B0007325,C00395,DXB-DTN,2026-07-06T19:00,1,32.0,evening,1
B0007326,C02219,DXB-MAR,2026-07-06T19:00,2,50.0,evening,1
B0007327,C01496,DXB-DTN,2026-07-06T21:00,2,36.0,evening,1
B0007328,C01971,DXB-DEI,2026-07-07T06:00,1,24.0,morning,1
B0007329,C00236,DXB-DEI,2026-07-07T07:00,2,50.0,morning,1
B0007330,C02298,DXB-DTN,2026-07-07T09:00,3,68.0,morning,1
B0007331,C02269,DXB-DTN,2026-07-07T09:00,2,42.0,morning,1
B0007332,C02397,DXB-MOE,2026-07-07T09:00,3,68.0,morning,1
B0007333,C01832,DXB-MAR,2026-07-07T09:00,1,18.0,morning,1
B0007334,C00622,DXB-MAR,2026-07-07T10:00,1,32.0,morning,1
B0007335,C00570,DXB-MOE,2026-07-07T12:00,1,18.0,midday,1
B0007336,C00079,DXB-MOE,2026-07-07T12:00,3,76.0,midday,1
B0007337,C01337,DXB-DEI,2026-07-07T12:00,1,24.0,midday,1
B0007338,C02257,DXB-DTN,2026-07-07T13:00,4,116.0,midday,1
B0007339,C00352,DXB-MOE,2026-07-07T14:00,2,48.0,midday,1
B0007340,C01735,DXB-MAR,2026-07-07T17:00,1,32.0,evening,1
B0007341,C00570,DXB-DTN,2026-07-07T19:00,2,52.0,evening,1
B0007342,C01040,DXB-MAR,2026-07-07T19:00,1,26.0,evening,1
B0007343,C01716,DXB-MAR,2026-07-07T22:00,1,24.0,evening,1
B0007344,C01613,DXB-MAR,2026-07-07T23:00,1,32.0,evening,1
B0007345,C01128,DXB-DEI,2026-07-08T06:00,1,24.0,morning,1
B0007346,C01802,DXB-DTN,2026-07-08T07:00,1,32.0,morning,1
B0007347,C00016,DXB-DTN,2026-07-08T07:00,3,76.0,morning,1
B0007348,C01719,DXB-DEI,2026-07-08T07:00,1,26.0,morning,1
B0007349,C00866,DXB-MOE,2026-07-08T08:00,1,32.0,morning,1
B0007350,C01097,DXB-MOE,2026-07-08T09:00,2,56.0,morning,1
B0007351,C01536,DXB-DTN,2026-07-08T10:00,1,32.0,morning,1
B0007352,C01824,DXB-MOE,2026-07-08T10:00,1,24.0,morning,1
B0007353,C01383,DXB-MOE,2026-07-08T10:00,2,48.0,morning,1
B0007354,C02010,DXB-MOE,2026-07-08T10:00,1,18.0,morning,1
B0007355,C01695,DXB-DTN,2026-07-08T12:00,4,88.0,midday,1
B0007356,C01777,DXB-MOE,2026-07-08T15:00,2,58.0,midday,1
B0007357,C01320,DXB-DTN,2026-07-08T17:00,3,80.0,evening,1
B0007358,C00379,DXB-DTN,2026-07-08T18:00,3,62.0,evening,1
B0007359,C00368,DXB-MOE,2026-07-08T18:00,2,50.0,evening,1
B0007360,C01462,DXB-DTN,2026-07-08T19:00,2,50.0,evening,1
B0007361,C00777,DXB-DTN,2026-07-08T20:00,1,24.0,evening,1
B0007362,C02338,DXB-MAR,2026-07-08T20:00,3,90.0,evening,1
B0007363,C01441,DXB-DEI,2026-07-08T20:00,2,52.0,evening,1
B0007364,C02182,DXB-DEI,2026-07-09T07:00,2,58.0,morning,1
B0007365,C00665,DXB-MAR,2026-07-09T08:00,1,32.0,morning,1
B0007366,C00495,DXB-DTN,2026-07-09T09:00,3,68.0,morning,1
B0007367,C02200,DXB-MOE,2026-07-09T10:00,1,18.0,morning,1
B0007368,C01653,DXB-DEI,2026-07-09T10:00,2,50.0,morning,1
B0007369,C00463,DXB-MAR,2026-07-09T11:00,1,32.0,midday,1
B0007370,C01472,DXB-MAR,2026-07-09T12:00,2,52.0,midday,1
B0007371,C00810,DXB-DTN,2026-07-09T15:00,2,64.0,midday,1
B0007372,C00256,DXB-MAR,2026-07-09T15:00,4,96.0,midday,1
B0007373,C01662,DXB-DTN,2026-07-09T16:00,1,24.0,midday,1
B0007374,C00875,DXB-MOE,2026-07-09T16:00,1,18.0,midday,1
B0007375,C00076,DXB-MOE,2026-07-09T16:00,2,58.0,midday,1
B0007376,C00186,DXB-MAR,2026-07-09T17:00,1,24.0,evening,1
B0007377,C00655,DXB-MOE,2026-07-09T18:00,1,26.0,evening,1
B0007378,C00988,DXB-MAR,2026-07-09T18:00,2,58.0,evening,1
B0007379,C00322,DXB-MAR,2026-07-09T18:00,1,24.0,evening,1
B0007380,C00449,DXB-DTN,2026-07-09T19:00,1,32.0,evening,1
B0007381,C01582,DXB-DTN,2026-07-09T19:00,1,24.0,evening,1
B0007382,C01760,DXB-MOE,2026-07-09T19:00,2,44.0,evening,1
B0007383,C01432,DXB-MAR,2026-07-09T19:00,3,66.0,evening,1
B0007384,C02054,DXB-DTN,2026-07-09T20:00,2,42.0,evening,1
B0007385,C01491,DXB-MAR,2026-07-09T20:00,2,52.0,evening,1
B0007386,C02148,DXB-DTN,2026-07-09T21:00,1,32.0,evening,1
B0007387,C02366,DXB-MOE,2026-07-09T21:00,1,18.0,evening,1
B0007388,C02338,DXB-MOE,2026-07-09T21:00,1,32.0,evening,1
B0007389,C00108,DXB-MAR,2026-07-09T23:00,2,56.0,evening,1
B0007390,C01337,DXB-MAR,2026-07-09T23:00,2,50.0,evening,1
B0007391,C00860,DXB-DEI,2026-07-10T06:00,1,32.0,morning,1
B0007392,C02227,DXB-DTN,2026-07-10T07:00,1,24.0,morning,1
B0007393,C02070,DXB-DTN,2026-07-10T07:00,1,18.0,morning,1
B0007394,C01997,DXB-MOE,2026-07-10T08:00,1,26.0,morning,1
B0007395,C01639,DXB-DEI,2026-07-10T08:00,2,50.0,morning,1
B0007396,C01645,DXB-DTN,2026-07-10T09:00,2,36.0,morning,1
B0007397,C00868,DXB-MOE,2026-07-10T09:00,2,56.0,morning,1
B0007398,C01519,DXB-DTN,2026-07-10T10:00,2,64.0,morning,1
B0007399,C00778,DXB-DTN,2026-07-10T10:00,1,24.0,morning,1
B0007400,C02351,DXB-MOE,2026-07-10T11:00,1,32.0,midday,1
B0007401,C01802,DXB-MOE,2026-07-10T12:00,1,32.0,midday,1
B0007402,C00338,DXB-MOE,2026-07-10T12:00,2,42.0,midday,1
B0007403,C00135,DXB-MAR,2026-07-10T12:00,3,76.0,midday,1
B0007404,C00106,DXB-MOE,2026-07-10T13:00,2,58.0,midday,1
B0007405,C00450,DXB-DEI,2026-07-10T13:00,1,32.0,midday,1
B0007406,C00419,DXB-MOE,2026-07-10T15:00,3,70.0,midday,1
B0007407,C00108,DXB-DTN,2026-07-10T17:00,3,96.0,evening,1
B0007408,C02357,DXB-MAR,2026-07-10T17:00,1,18.0,evening,1
B0007409,C00495,DXB-MAR,2026-07-10T17:00,1,26.0,evening,1
B0007410,C01491,DXB-MOE,2026-07-10T18:00,3,62.0,evening,1
B0007411,C00260,DXB-DEI,2026-07-10T18:00,2,58.0,evening,1
B0007412,C01411,DXB-DTN,2026-07-10T19:00,1,24.0,evening,1
B0007413,C00966,DXB-MAR,2026-07-10T19:00,4,98.0,evening,1
B0007414,C01456,DXB-MAR,2026-07-10T19:00,4,112.0,evening,1
B0007415,C01149,DXB-MOE,2026-07-10T20:00,1,26.0,evening,1
B0007416,C00550,DXB-MOE,2026-07-10T21:00,1,24.0,evening,1
B0007417,C00688,DXB-MOE,2026-07-10T21:00,1,32.0,evening,1
B0007418,C00656,DXB-MAR,2026-07-10T21:00,3,68.0,evening,1
B0007419,C02182,DXB-MAR,2026-07-10T22:00,1,32.0,evening,1
B0007420,C02153,DXB-MAR,2026-07-11T07:00,2,64.0,morning,1
B0007421,C01043,DXB-DEI,2026-07-11T07:00,3,68.0,morning,1
B0007422,C01829,DXB-MOE,2026-07-11T08:00,1,18.0,morning,1
B0007423,C00872,DXB-MAR,2026-07-11T08:00,3,78.0,morning,1
B0007424,C01268,DXB-MAR,2026-07-11T08:00,2,52.0,morning,1
B0007425,C01428,DXB-DEI,2026-07-11T08:00,1,32.0,morning,1
B0007426,C02320,DXB-DTN,2026-07-11T09:00,1,24.0,morning,1
B0007427,C01852,DXB-DTN,2026-07-11T09:00,1,18.0,morning,1
B0007428,C00334,DXB-DTN,2026-07-11T10:00,2,50.0,morning,1
B0007429,C01994,DXB-MOE,2026-07-11T10:00,1,24.0,morning,1
B0007430,C01463,DXB-MOE,2026-07-11T10:00,1,24.0,morning,1
B0007431,C01337,DXB-MAR,2026-07-11T10:00,2,50.0,morning,1
B0007432,C02028,DXB-MOE,2026-07-11T11:00,3,82.0,midday,1
B0007433,C02169,DXB-DEI,2026-07-11T11:00,1,24.0,midday,1
B0007434,C02262,DXB-MOE,2026-07-11T12:00,3,62.0,midday,1
B0007435,C01584,DXB-MOE,2026-07-11T12:00,1,26.0,midday,1
B0007436,C00277,DXB-MOE,2026-07-11T12:00,2,42.0,midday,1
B0007437,C01622,DXB-DTN,2026-07-11T13:00,1,32.0,midday,1
B0007438,C00135,DXB-MOE,2026-07-11T14:00,3,70.0,midday,1
B0007439,C01119,DXB-MOE,2026-07-11T15:00,3,74.0,midday,1
B0007440,C00080,DXB-MAR,2026-07-11T15:00,1,26.0,midday,1
B0007441,C01444,DXB-MOE,2026-07-11T16:00,1,32.0,midday,1
B0007442,C01969,DXB-MAR,2026-07-11T16:00,2,64.0,midday,1
B0007443,C01979,DXB-MOE,2026-07-11T17:00,3,70.0,evening,1
B0007444,C01550,DXB-MOE,2026-07-11T18:00,3,66.0,evening,1
B0007445,C00328,DXB-MAR,2026-07-11T18:00,3,82.0,evening,1
B0007446,C01687,DXB-MOE,2026-07-11T19:00,2,48.0,evening,1
B0007447,C01264,DXB-MOE,2026-07-11T22:00,3,66.0,evening,1
B0007448,C02238,DXB-MOE,2026-07-11T22:00,1,32.0,evening,1
B0007449,C00550,DXB-DEI,2026-07-12T07:00,1,18.0,morning,1
B0007450,C02263,DXB-DEI,2026-07-12T07:00,2,58.0,morning,1
B0007451,C00495,DXB-DTN,2026-07-12T08:00,1,32.0,morning,1
B0007452,C01478,DXB-DEI,2026-07-12T09:00,1,32.0,morning,1
B0007453,C01358,DXB-DTN,2026-07-12T10:00,1,18.0,morning,1
B0007454,C00262,DXB-DTN,2026-07-12T11:00,2,58.0,midday,1
B0007455,C01025,DXB-MOE,2026-07-12T11:00,1,32.0,midday,1
B0007456,C01812,DXB-MOE,2026-07-12T13:00,1,24.0,midday,1
B0007457,C02155,DXB-MOE,2026-07-12T15:00,1,32.0,midday,1
B0007458,C01823,DXB-MOE,2026-07-12T16:00,2,44.0,midday,1
B0007459,C00083,DXB-MAR,2026-07-12T17:00,1,18.0,evening,1
B0007460,C01496,DXB-DTN,2026-07-12T18:00,2,56.0,evening,1
B0007461,C00341,DXB-MOE,2026-07-12T18:00,1,18.0,evening,1
B0007462,C02285,DXB-DEI,2026-07-12T18:00,1,32.0,evening,1
B0007463,C01745,DXB-MAR,2026-07-12T19:00,1,18.0,evening,1
B0007464,C00828,DXB-DTN,2026-07-12T20:00,1,32.0,evening,1
B0007465,C02241,DXB-DTN,2026-07-12T21:00,1,32.0,evening,1
B0007466,C01034,DXB-MOE,2026-07-12T21:00,1,32.0,evening,1
B0007467,C01907,DXB-MAR,2026-07-12T23:00,1,18.0,evening,1
B0007468,C01496,DXB-DEI,2026-07-13T06:00,3,82.0,morning,1
B0007469,C01340,DXB-DEI,2026-07-13T06:00,2,36.0,morning,1
B0007470,C01865,DXB-MAR,2026-07-13T07:00,2,56.0,morning,1
B0007471,C01337,DXB-DEI,2026-07-13T07:00,1,26.0,morning,1
B0007472,C01104,DXB-MAR,2026-07-13T08:00,1,18.0,morning,1
B0007473,C01015,DXB-DEI,2026-07-13T08:00,1,18.0,morning,1
B0007474,C01862,DXB-MOE,2026-07-13T10:00,3,78.0,morning,1
B0007475,C02249,DXB-DEI,2026-07-13T11:00,2,50.0,midday,1
B0007476,C00032,DXB-DTN,2026-07-13T14:00,2,44.0,midday,1
B0007477,C01393,DXB-DTN,2026-07-13T14:00,1,18.0,midday,1
B0007478,C01549,DXB-DTN,2026-07-13T16:00,1,26.0,midday,1
B0007479,C01318,DXB-MOE,2026-07-13T16:00,3,74.0,midday,1
B0007480,C01128,DXB-DEI,2026-07-13T16:00,1,32.0,midday,1
B0007481,C00201,DXB-DTN,2026-07-13T17:00,1,18.0,evening,1
B0007482,C02338,DXB-MOE,2026-07-13T17:00,2,56.0,evening,1
B0007483,C02136,DXB-MOE,2026-07-13T18:00,1,32.0,evening,1
B0007484,C01435,DXB-MOE,2026-07-13T20:00,1,32.0,evening,1
B0007485,C01233,DXB-MAR,2026-07-13T20:00,2,44.0,evening,1
B0007486,C01326,DXB-DTN,2026-07-13T22:00,2,48.0,evening,1
B0007487,C01786,DXB-DEI,2026-07-14T07:00,1,26.0,morning,1
B0007488,C01981,DXB-MAR,2026-07-14T08:00,1,24.0,morning,1
B0007489,C00686,DXB-MOE,2026-07-14T09:00,1,18.0,morning,1
B0007490,C01424,DXB-DEI,2026-07-14T09:00,2,48.0,morning,1
B0007491,C01783,DXB-DEI,2026-07-14T09:00,3,74.0,morning,1
B0007492,C02158,DXB-DTN,2026-07-14T10:00,2,56.0,morning,1
B0007493,C02225,DXB-DTN,2026-07-14T10:00,3,88.0,morning,1
B0007494,C00928,DXB-MAR,2026-07-14T10:00,3,82.0,morning,1
B0007495,C00884,DXB-DEI,2026-07-14T10:00,1,26.0,morning,1
B0007496,C01094,DXB-DTN,2026-07-14T12:00,1,24.0,midday,1
B0007497,C02194,DXB-MOE,2026-07-14T12:00,4,98.0,midday,1
B0007498,C01720,DXB-MOE,2026-07-14T12:00,2,50.0,midday,1
B0007499,C02242,DXB-MAR,2026-07-14T15:00,1,18.0,midday,1
B0007500,C01967,DXB-DTN,2026-07-14T18:00,2,48.0,evening,1
B0007501,C02380,DXB-MAR,2026-07-14T19:00,1,24.0,evening,1
B0007502,C01375,DXB-MAR,2026-07-14T20:00,4,86.0,evening,1
B0007503,C02379,DXB-MOE,2026-07-14T21:00,1,18.0,evening,1
B0007504,C02216,DXB-DTN,2026-07-15T07:00,1,24.0,morning,1
B0007505,C01102,DXB-DEI,2026-07-15T08:00,2,52.0,morning,1
B0007506,C00162,DXB-MOE,2026-07-15T10:00,2,58.0,morning,1
B0007507,C00016,DXB-DEI,2026-07-15T10:00,1,18.0,morning,1
B0007508,C01852,DXB-MOE,2026-07-15T11:00,1,24.0,midday,1
B0007509,C00603,DXB-MAR,2026-07-15T12:00,1,32.0,midday,1
B0007510,C00510,DXB-DTN,2026-07-15T13:00,2,44.0,midday,1
B0007511,C01593,DXB-DTN,2026-07-15T15:00,3,82.0,midday,1
B0007512,C00802,DXB-DTN,2026-07-15T16:00,2,36.0,midday,1
B0007513,C00022,DXB-DTN,2026-07-15T18:00,1,32.0,evening,1
B0007514,C00226,DXB-MAR,2026-07-15T19:00,2,50.0,evening,1
B0007515,C01971,DXB-DEI,2026-07-15T20:00,2,48.0,evening,1
B0007516,C00565,DXB-MAR,2026-07-15T21:00,1,18.0,evening,1
B0007517,C01376,DXB-MAR,2026-07-15T22:00,1,24.0,evening,1
B0007518,C00791,DXB-MAR,2026-07-15T22:00,2,64.0,evening,1
B0007519,C02132,DXB-DEI,2026-07-16T06:00,2,50.0,morning,1
B0007520,C00985,DXB-DTN,2026-07-16T07:00,2,50.0,morning,1
B0007521,C00452,DXB-DTN,2026-07-16T07:00,2,56.0,morning,1
B0007522,C01862,DXB-MAR,2026-07-16T08:00,2,48.0,morning,1
B0007523,C00495,DXB-DTN,2026-07-16T09:00,1,26.0,morning,1
B0007524,C00659,DXB-MOE,2026-07-16T09:00,1,32.0,morning,1
B0007525,C02155,DXB-MOE,2026-07-16T09:00,1,24.0,morning,1
B0007526,C01040,DXB-DEI,2026-07-16T09:00,1,18.0,morning,1
B0007527,C02357,DXB-DEI,2026-07-16T09:00,1,26.0,morning,1
B0007528,C02285,DXB-DEI,2026-07-16T11:00,2,56.0,midday,1
B0007529,C01862,DXB-DTN,2026-07-16T12:00,1,32.0,midday,1
B0007530,C02086,DXB-MOE,2026-07-16T12:00,1,26.0,midday,1
B0007531,C00962,DXB-MOE,2026-07-16T12:00,1,18.0,midday,1
B0007532,C00833,DXB-MOE,2026-07-16T15:00,2,50.0,midday,1
B0007533,C02123,DXB-MAR,2026-07-16T15:00,1,18.0,midday,1
B0007534,C02025,DXB-DTN,2026-07-16T17:00,1,24.0,evening,1
B0007535,C01889,DXB-DTN,2026-07-16T18:00,1,18.0,evening,1
B0007536,C00535,DXB-DTN,2026-07-16T18:00,3,70.0,evening,1
B0007537,C00891,DXB-MOE,2026-07-16T18:00,1,32.0,evening,1
B0007538,C00466,DXB-MOE,2026-07-16T18:00,3,74.0,evening,1
B0007539,C00397,DXB-MOE,2026-07-16T18:00,2,58.0,evening,1
B0007540,C01761,DXB-DTN,2026-07-16T19:00,2,50.0,evening,1
B0007541,C01094,DXB-MOE,2026-07-16T19:00,1,18.0,evening,1
B0007542,C00147,DXB-DTN,2026-07-16T20:00,4,80.0,evening,1
B0007543,C00172,DXB-DTN,2026-07-16T21:00,1,32.0,evening,1
B0007544,C00416,DXB-MOE,2026-07-16T21:00,1,26.0,evening,1
B0007545,C01840,DXB-DEI,2026-07-17T06:00,1,32.0,morning,1
B0007546,C01979,DXB-DTN,2026-07-17T07:00,1,26.0,morning,1
B0007547,C00698,DXB-MAR,2026-07-17T07:00,1,26.0,morning,1
B0007548,C00382,DXB-DEI,2026-07-17T07:00,2,36.0,morning,1
B0007549,C00495,DXB-DEI,2026-07-17T09:00,1,26.0,morning,1
B0007550,C01681,DXB-MOE,2026-07-17T10:00,1,24.0,morning,1
B0007551,C00502,DXB-MOE,2026-07-17T11:00,3,76.0,midday,1
B0007552,C00789,DXB-MAR,2026-07-17T11:00,6,166.0,midday,1
B0007553,C00034,DXB-DTN,2026-07-17T12:00,4,108.0,midday,1
B0007554,C00781,DXB-MOE,2026-07-17T12:00,2,42.0,midday,1
B0007555,C01367,DXB-MOE,2026-07-17T13:00,3,70.0,midday,1
B0007556,C00495,DXB-MOE,2026-07-17T13:00,1,32.0,midday,1
B0007557,C01337,DXB-MOE,2026-07-17T13:00,4,108.0,midday,1
B0007558,C01290,DXB-MOE,2026-07-17T13:00,1,24.0,midday,1
B0007559,C00612,DXB-MOE,2026-07-17T14:00,1,18.0,midday,1
B0007560,C01971,DXB-MOE,2026-07-17T14:00,1,32.0,midday,1
B0007561,C00242,DXB-DEI,2026-07-17T15:00,2,50.0,midday,1
B0007562,C01337,DXB-MAR,2026-07-17T16:00,3,68.0,midday,1
B0007563,C02036,DXB-DTN,2026-07-17T17:00,1,26.0,evening,1
B0007564,C01923,DXB-MAR,2026-07-17T17:00,2,50.0,evening,1
B0007565,C00309,DXB-DEI,2026-07-17T17:00,1,24.0,evening,1
B0007566,C00114,DXB-MAR,2026-07-17T18:00,1,24.0,evening,1
B0007567,C02063,DXB-DTN,2026-07-17T19:00,1,26.0,evening,1
B0007568,C01042,DXB-MOE,2026-07-17T19:00,1,18.0,evening,1
B0007569,C01824,DXB-MAR,2026-07-17T19:00,2,42.0,evening,1
B0007570,C02081,DXB-DTN,2026-07-17T20:00,2,50.0,evening,1
B0007571,C01373,DXB-MAR,2026-07-17T23:00,1,18.0,evening,1
B0007572,C02148,DXB-DEI,2026-07-18T06:00,1,32.0,morning,1
B0007573,C01636,DXB-DEI,2026-07-18T06:00,2,42.0,morning,1
B0007574,C02098,DXB-DTN,2026-07-18T07:00,2,64.0,morning,1
B0007575,C00678,DXB-DEI,2026-07-18T07:00,2,56.0,morning,1
B0007576,C00117,DXB-MOE,2026-07-18T08:00,3,76.0,morning,1
B0007577,C00556,DXB-DTN,2026-07-18T09:00,1,26.0,morning,1
B0007578,C02362,DXB-DTN,2026-07-18T10:00,3,82.0,morning,1
B0007579,C01371,DXB-DTN,2026-07-18T10:00,2,50.0,morning,1
B0007580,C00699,DXB-DTN,2026-07-18T10:00,2,50.0,morning,1
B0007581,C00094,DXB-MAR,2026-07-18T15:00,1,32.0,midday,1
B0007582,C01636,DXB-MAR,2026-07-18T16:00,2,50.0,midday,1
B0007583,C01446,DXB-DTN,2026-07-18T18:00,1,26.0,evening,1
B0007584,C02332,DXB-DTN,2026-07-18T18:00,1,32.0,evening,1
B0007585,C00748,DXB-MOE,2026-07-18T18:00,2,44.0,evening,1
B0007586,C00657,DXB-MOE,2026-07-18T18:00,2,44.0,evening,1
B0007587,C00108,DXB-DTN,2026-07-18T19:00,2,58.0,evening,1
B0007588,C00779,DXB-MOE,2026-07-18T19:00,2,48.0,evening,1
B0007589,C01305,DXB-MAR,2026-07-18T19:00,4,86.0,evening,1
B0007590,C01845,DXB-MAR,2026-07-18T19:00,1,18.0,evening,1
B0007591,C00135,DXB-DEI,2026-07-18T19:00,1,32.0,evening,1
B0007592,C02362,DXB-DEI,2026-07-18T19:00,1,18.0,evening,1
B0007593,C00726,DXB-DTN,2026-07-18T20:00,4,94.0,evening,1
B0007594,C01722,DXB-DEI,2026-07-18T21:00,1,32.0,evening,1
B0007595,C00523,DXB-MOE,2026-07-18T22:00,2,50.0,evening,1
B0007596,C00461,DXB-MAR,2026-07-18T22:00,3,76.0,evening,1
B0007597,C01132,DXB-DTN,2026-07-19T08:00,1,32.0,morning,1
B0007598,C00135,DXB-MOE,2026-07-19T08:00,1,18.0,morning,1
B0007599,C00949,DXB-MOE,2026-07-19T08:00,1,18.0,morning,1
B0007600,C00522,DXB-DTN,2026-07-19T09:00,2,56.0,morning,1
B0007601,C00090,DXB-DTN,2026-07-19T09:00,2,42.0,morning,1
B0007602,C01519,DXB-DEI,2026-07-19T09:00,1,24.0,morning,1
B0007603,C00032,DXB-DEI,2026-07-19T09:00,4,100.0,morning,1
B0007604,C01119,DXB-DEI,2026-07-19T10:00,2,50.0,morning,1
B0007605,C00000,DXB-DEI,2026-07-19T11:00,1,18.0,midday,1
B0007606,C00661,DXB-MOE,2026-07-19T14:00,2,48.0,midday,1
B0007607,C00215,DXB-DTN,2026-07-19T15:00,2,44.0,midday,1
B0007608,C00779,DXB-MOE,2026-07-19T15:00,2,56.0,midday,1
B0007609,C01434,DXB-MOE,2026-07-19T15:00,1,18.0,midday,1
B0007610,C01987,DXB-MOE,2026-07-19T15:00,1,18.0,midday,1
B0007611,C01689,DXB-DEI,2026-07-19T17:00,2,56.0,evening,1
B0007612,C00959,DXB-MOE,2026-07-19T18:00,1,32.0,evening,1
B0007613,C00644,DXB-DTN,2026-07-19T21:00,3,70.0,evening,1
B0007614,C00068,DXB-MOE,2026-07-19T21:00,1,24.0,evening,1
B0007615,C02158,DXB-DTN,2026-07-19T22:00,1,18.0,evening,1
B0007616,C01593,DXB-MAR,2026-07-19T22:00,1,32.0,evening,1
B0007617,C00731,DXB-MAR,2026-07-19T22:00,1,18.0,evening,1
B0007618,C00139,DXB-MAR,2026-07-20T07:00,2,52.0,morning,1
B0007619,C00420,DXB-DEI,2026-07-20T07:00,2,44.0,morning,1
B0007620,C01840,DXB-MAR,2026-07-20T08:00,1,32.0,morning,1
B0007621,C00629,DXB-MAR,2026-07-20T08:00,1,26.0,morning,1
B0007622,C00802,DXB-MOE,2026-07-20T09:00,2,64.0,morning,1
B0007623,C00416,DXB-MAR,2026-07-20T09:00,1,32.0,morning,1
B0007624,C00388,DXB-DEI,2026-07-20T09:00,1,32.0,morning,1
B0007625,C01689,DXB-DEI,2026-07-20T10:00,1,24.0,morning,1
B0007626,C01440,DXB-DTN,2026-07-20T11:00,1,18.0,midday,1
B0007627,C00603,DXB-DEI,2026-07-20T12:00,2,56.0,midday,1
B0007628,C01786,DXB-DTN,2026-07-20T16:00,1,24.0,midday,1
B0007629,C02362,DXB-MOE,2026-07-20T16:00,1,18.0,midday,1
B0007630,C00889,DXB-MOE,2026-07-20T16:00,1,26.0,midday,1
B0007631,C02276,DXB-MAR,2026-07-20T16:00,1,26.0,midday,1
B0007632,C01806,DXB-MOE,2026-07-20T17:00,1,24.0,evening,1
B0007633,C00135,DXB-MOE,2026-07-20T19:00,1,24.0,evening,1
B0007634,C01971,DXB-DTN,2026-07-20T20:00,2,64.0,evening,1
B0007635,C01545,DXB-MAR,2026-07-20T20:00,1,26.0,evening,1
B0007636,C00485,DXB-MAR,2026-07-20T21:00,2,52.0,evening,1
B0007637,C02214,DXB-DTN,2026-07-20T22:00,2,50.0,evening,1
B0007638,C02268,DXB-DTN,2026-07-21T11:00,1,18.0,midday,1
B0007639,C01255,DXB-DTN,2026-07-21T11:00,2,64.0,midday,1
B0007640,C00891,DXB-DEI,2026-07-21T11:00,2,36.0,midday,1
B0007641,C00101,DXB-MOE,2026-07-21T12:00,2,52.0,midday,1
B0007642,C01735,DXB-DTN,2026-07-21T13:00,2,50.0,midday,1
B0007643,C01094,DXB-MAR,2026-07-21T18:00,1,32.0,evening,1
B0007644,C00789,DXB-DTN,2026-07-21T19:00,3,68.0,evening,1
B0007645,C01653,DXB-MAR,2026-07-21T19:00,1,32.0,evening,1
B0007646,C01742,DXB-MAR,2026-07-21T19:00,2,50.0,evening,1
B0007647,C01424,DXB-DTN,2026-07-21T20:00,2,50.0,evening,1
B0007648,C02338,DXB-MOE,2026-07-21T20:00,1,32.0,evening,1
B0007649,C00419,DXB-MAR,2026-07-21T20:00,1,24.0,evening,1
B0007650,C01687,DXB-DEI,2026-07-21T20:00,1,18.0,evening,1
B0007651,C00286,DXB-DTN,2026-07-21T21:00,1,26.0,evening,1
B0007652,C01274,DXB-MAR,2026-07-21T21:00,1,24.0,evening,1
B0007653,C01585,DXB-MAR,2026-07-21T21:00,2,50.0,evening,1
B0007654,C01063,DXB-DEI,2026-07-22T06:00,1,26.0,morning,1
B0007655,C00379,DXB-DTN,2026-07-22T07:00,2,50.0,morning,1
B0007656,C00472,DXB-DTN,2026-07-22T09:00,2,64.0,morning,1
B0007657,C02272,DXB-DTN,2026-07-22T10:00,1,26.0,morning,1
B0007658,C00330,DXB-MOE,2026-07-22T10:00,5,126.0,morning,1
B0007659,C01337,DXB-MOE,2026-07-22T11:00,1,32.0,midday,1
B0007660,C00520,DXB-DEI,2026-07-22T11:00,1,26.0,midday,1
B0007661,C01423,DXB-DTN,2026-07-22T13:00,3,68.0,midday,1
B0007662,C01720,DXB-MOE,2026-07-22T14:00,3,76.0,midday,1
B0007663,C01901,DXB-MOE,2026-07-22T14:00,2,42.0,midday,1
B0007664,C00275,DXB-MOE,2026-07-22T15:00,2,50.0,midday,1
B0007665,C01496,DXB-MOE,2026-07-22T15:00,1,32.0,midday,1
B0007666,C00285,DXB-DTN,2026-07-22T16:00,1,32.0,midday,1
B0007667,C02007,DXB-MOE,2026-07-22T16:00,1,32.0,midday,1
B0007668,C00866,DXB-DTN,2026-07-22T17:00,1,32.0,evening,1
B0007669,C01815,DXB-DTN,2026-07-22T17:00,1,24.0,evening,1
B0007670,C00162,DXB-DTN,2026-07-22T19:00,3,62.0,evening,1
B0007671,C01565,DXB-DEI,2026-07-22T19:00,1,24.0,evening,1
B0007672,C01619,DXB-DTN,2026-07-22T20:00,2,50.0,evening,1
B0007673,C01377,DXB-MOE,2026-07-22T20:00,1,26.0,evening,1
B0007674,C02313,DXB-MOE,2026-07-22T20:00,1,32.0,evening,1
B0007675,C00020,DXB-DEI,2026-07-22T20:00,1,32.0,evening,1
B0007676,C02392,DXB-DTN,2026-07-22T22:00,2,58.0,evening,1
B0007677,C00115,DXB-DTN,2026-07-22T22:00,1,32.0,evening,1
B0007678,C00856,DXB-MAR,2026-07-22T22:00,1,26.0,evening,1
B0007679,C01990,DXB-MAR,2026-07-22T22:00,1,32.0,evening,1
B0007680,C01862,DXB-MAR,2026-07-23T07:00,4,98.0,morning,1
B0007681,C00915,DXB-DEI,2026-07-23T07:00,1,18.0,morning,1
B0007682,C01220,DXB-DTN,2026-07-23T08:00,2,56.0,morning,1
B0007683,C01337,DXB-DEI,2026-07-23T08:00,2,58.0,morning,1
B0007684,C00589,DXB-DEI,2026-07-23T08:00,3,66.0,morning,1
B0007685,C00723,DXB-DTN,2026-07-23T09:00,2,44.0,morning,1
B0007686,C00275,DXB-MOE,2026-07-23T09:00,1,24.0,morning,1
B0007687,C00907,DXB-MAR,2026-07-23T09:00,1,24.0,morning,1
B0007688,C01550,DXB-DEI,2026-07-23T09:00,1,24.0,morning,1
B0007689,C02255,DXB-DTN,2026-07-23T10:00,2,58.0,morning,1
B0007690,C00703,DXB-DEI,2026-07-23T10:00,3,54.0,morning,1
B0007691,C01105,DXB-MOE,2026-07-23T11:00,1,24.0,midday,1
B0007692,C00275,DXB-MOE,2026-07-23T11:00,1,24.0,midday,1
B0007693,C02271,DXB-MAR,2026-07-23T11:00,1,24.0,midday,1
B0007694,C02113,DXB-DEI,2026-07-23T11:00,2,42.0,midday,1
B0007695,C00264,DXB-DTN,2026-07-23T13:00,1,18.0,midday,1
B0007696,C01824,DXB-MOE,2026-07-23T14:00,1,18.0,midday,1
B0007697,C01725,DXB-MOE,2026-07-23T17:00,4,92.0,evening,1
B0007698,C01596,DXB-MAR,2026-07-23T19:00,2,42.0,evening,1
B0007699,C01337,DXB-DEI,2026-07-23T19:00,1,26.0,evening,1
B0007700,C01059,DXB-DEI,2026-07-23T19:00,1,26.0,evening,1
B0007701,C01751,DXB-DTN,2026-07-23T20:00,2,56.0,evening,1
B0007702,C01587,DXB-MOE,2026-07-23T20:00,1,32.0,evening,1
B0007703,C01748,DXB-MAR,2026-07-23T20:00,1,32.0,evening,1
B0007704,C01158,DXB-DTN,2026-07-23T22:00,1,26.0,evening,1
B0007705,C01967,DXB-DTN,2026-07-23T22:00,2,50.0,evening,1
B0007706,C01678,DXB-MAR,2026-07-23T23:00,1,18.0,evening,1
B0007707,C00379,DXB-DTN,2026-07-24T08:00,2,64.0,morning,1
B0007708,C00495,DXB-MOE,2026-07-24T08:00,3,90.0,morning,1
B0007709,C00135,DXB-MAR,2026-07-24T08:00,3,72.0,morning,1
B0007710,C00444,DXB-DTN,2026-07-24T09:00,5,138.0,morning,1
B0007711,C02320,DXB-MOE,2026-07-24T10:00,2,50.0,morning,1
B0007712,C01669,DXB-MOE,2026-07-24T12:00,2,52.0,midday,1
B0007713,C00082,DXB-MOE,2026-07-24T13:00,1,32.0,midday,1
B0007714,C01569,DXB-MOE,2026-07-24T14:00,2,48.0,midday,1
B0007715,C01463,DXB-DTN,2026-07-24T15:00,1,32.0,midday,1
B0007716,C00101,DXB-MOE,2026-07-24T15:00,3,70.0,midday,1
B0007717,C02079,DXB-MOE,2026-07-24T16:00,2,52.0,midday,1
B0007718,C02249,DXB-DTN,2026-07-24T17:00,3,82.0,evening,1
B0007719,C00690,DXB-MOE,2026-07-24T17:00,1,26.0,evening,1
B0007720,C00411,DXB-DTN,2026-07-24T18:00,1,18.0,evening,1
B0007721,C01581,DXB-MOE,2026-07-24T18:00,3,84.0,evening,1
B0007722,C02075,DXB-MOE,2026-07-24T20:00,1,32.0,evening,1
B0007723,C00027,DXB-MAR,2026-07-24T20:00,1,32.0,evening,1
B0007724,C00004,DXB-DEI,2026-07-24T20:00,2,44.0,evening,1
B0007725,C01994,DXB-DEI,2026-07-24T20:00,3,84.0,evening,1
B0007726,C00495,DXB-DTN,2026-07-24T21:00,2,50.0,evening,1
B0007727,C00556,DXB-DTN,2026-07-24T21:00,1,24.0,evening,1
B0007728,C01094,DXB-MOE,2026-07-24T22:00,2,56.0,evening,1
B0007729,C02175,DXB-MAR,2026-07-25T07:00,1,32.0,morning,1
B0007730,C01105,DXB-MAR,2026-07-25T08:00,1,26.0,morning,1
B0007731,C01864,DXB-MOE,2026-07-25T09:00,1,26.0,morning,1
B0007732,C00135,DXB-MOE,2026-07-25T09:00,1,26.0,morning,1
B0007733,C00403,DXB-MAR,2026-07-25T09:00,2,52.0,morning,1
B0007734,C02004,DXB-DTN,2026-07-25T10:00,1,24.0,morning,1
B0007735,C00677,DXB-DTN,2026-07-25T10:00,2,48.0,morning,1
B0007736,C01268,DXB-MOE,2026-07-25T15:00,2,56.0,midday,1
B0007737,C00536,DXB-DEI,2026-07-25T15:00,2,36.0,midday,1
B0007738,C01422,DXB-MOE,2026-07-25T16:00,2,56.0,midday,1
B0007739,C01814,DXB-MOE,2026-07-25T17:00,1,32.0,evening,1
B0007740,C02361,DXB-DTN,2026-07-25T18:00,2,50.0,evening,1
B0007741,C01233,DXB-MOE,2026-07-25T18:00,4,108.0,evening,1
B0007742,C00441,DXB-DTN,2026-07-25T19:00,1,32.0,evening,1
B0007743,C00630,DXB-DTN,2026-07-25T19:00,2,52.0,evening,1
B0007744,C00419,DXB-MAR,2026-07-25T20:00,3,66.0,evening,1
B0007745,C01479,DXB-DTN,2026-07-25T21:00,1,24.0,evening,1
B0007746,C00295,DXB-MAR,2026-07-25T21:00,1,32.0,evening,1
B0007747,C00238,DXB-MAR,2026-07-25T22:00,2,50.0,evening,1
B0007748,C02013,DXB-DEI,2026-07-26T06:00,3,96.0,morning,1
B0007749,C01990,DXB-DTN,2026-07-26T07:00,1,18.0,morning,1
B0007750,C00020,DXB-DTN,2026-07-26T07:00,1,26.0,morning,1
B0007751,C01400,DXB-DTN,2026-07-26T08:00,1,24.0,morning,1
B0007752,C01550,DXB-DTN,2026-07-26T08:00,3,74.0,morning,1
B0007753,C00444,DXB-MOE,2026-07-26T08:00,1,18.0,morning,1
B0007754,C00773,DXB-DTN,2026-07-26T09:00,1,26.0,morning,1
B0007755,C01236,DXB-MAR,2026-07-26T09:00,1,24.0,morning,1
B0007756,C02358,DXB-DEI,2026-07-26T10:00,1,26.0,morning,1
B0007757,C00379,DXB-MOE,2026-07-26T11:00,1,24.0,midday,1
B0007758,C00346,DXB-MOE,2026-07-26T12:00,3,68.0,midday,1
B0007759,C00802,DXB-DTN,2026-07-26T15:00,3,76.0,midday,1
B0007760,C00066,DXB-MOE,2026-07-26T17:00,2,58.0,evening,1
B0007761,C01551,DXB-MOE,2026-07-26T19:00,3,78.0,evening,1
B0007762,C01094,DXB-MAR,2026-07-26T19:00,1,32.0,evening,1
B0007763,C01653,DXB-MAR,2026-07-26T20:00,2,50.0,evening,1
B0007764,C00746,DXB-DEI,2026-07-26T20:00,1,26.0,evening,1
B0007765,C00697,DXB-DTN,2026-07-26T21:00,2,42.0,evening,1
B0007766,C02010,DXB-MOE,2026-07-26T21:00,2,50.0,evening,1
B0007767,C02237,DXB-MOE,2026-07-26T21:00,2,56.0,evening,1
B0007768,C02379,DXB-DEI,2026-07-27T07:00,1,18.0,morning,1
B0007769,C01665,DXB-DEI,2026-07-27T08:00,1,24.0,morning,1
B0007770,C00738,DXB-DTN,2026-07-27T09:00,3,70.0,morning,1
B0007771,C01942,DXB-DTN,2026-07-27T09:00,1,26.0,morning,1
B0007772,C01166,DXB-DTN,2026-07-27T09:00,3,82.0,morning,1
B0007773,C00635,DXB-DTN,2026-07-27T09:00,2,50.0,morning,1
B0007774,C01012,DXB-MOE,2026-07-27T09:00,3,60.0,morning,1
B0007775,C00759,DXB-MOE,2026-07-27T12:00,1,32.0,midday,1
B0007776,C01618,DXB-MOE,2026-07-27T12:00,3,76.0,midday,1
B0007777,C00872,DXB-MOE,2026-07-27T14:00,2,48.0,midday,1
B0007778,C01040,DXB-MAR,2026-07-27T15:00,2,50.0,midday,1
B0007779,C01496,DXB-DEI,2026-07-27T19:00,4,94.0,evening,1
B0007780,C00201,DXB-DTN,2026-07-27T20:00,1,18.0,evening,1
B0007781,C01256,DXB-MOE,2026-07-27T20:00,1,24.0,evening,1
B0007782,C01772,DXB-MAR,2026-07-27T21:00,3,90.0,evening,1
B0007783,C02076,DXB-MAR,2026-07-27T21:00,1,32.0,evening,1
B0007784,C00150,DXB-MAR,2026-07-27T21:00,1,26.0,evening,1
B0007785,C02263,DXB-MAR,2026-07-27T21:00,1,32.0,evening,1
B0007786,C01337,DXB-DEI,2026-07-28T06:00,2,64.0,morning,1
B0007787,C01852,DXB-DEI,2026-07-28T06:00,2,50.0,morning,1
B0007788,C00495,DXB-DTN,2026-07-28T07:00,2,56.0,morning,1
B0007789,C02338,DXB-MAR,2026-07-28T08:00,3,84.0,morning,1
B0007790,C01710,DXB-MOE,2026-07-28T09:00,1,24.0,morning,1
B0007791,C01440,DXB-MAR,2026-07-28T09:00,1,24.0,morning,1
B0007792,C00041,DXB-DEI,2026-07-28T12:00,1,32.0,midday,1
B0007793,C00163,DXB-MOE,2026-07-28T13:00,2,36.0,midday,1
B0007794,C01291,DXB-DTN,2026-07-28T16:00,1,32.0,midday,1
B0007795,C01285,DXB-DTN,2026-07-28T16:00,1,26.0,midday,1
B0007796,C01587,DXB-DTN,2026-07-28T21:00,1,18.0,evening,1
B0007797,C01669,DXB-MAR,2026-07-28T21:00,1,32.0,evening,1
B0007798,C00020,DXB-MOE,2026-07-28T22:00,2,36.0,evening,1
B0007799,C01898,DXB-DTN,2026-07-29T08:00,1,32.0,morning,1
B0007800,C01076,DXB-DTN,2026-07-29T08:00,3,68.0,morning,1
B0007801,C02158,DXB-MAR,2026-07-29T08:00,2,64.0,morning,1
B0007802,C00219,DXB-DEI,2026-07-29T08:00,1,32.0,morning,1
B0007803,C00017,DXB-DEI,2026-07-29T08:00,3,70.0,morning,1
B0007804,C01826,DXB-DTN,2026-07-29T09:00,3,68.0,morning,1
B0007805,C01448,DXB-MAR,2026-07-29T09:00,1,24.0,morning,1
B0007806,C00384,DXB-DEI,2026-07-29T09:00,1,32.0,morning,1
B0007807,C00786,DXB-MOE,2026-07-29T10:00,1,24.0,morning,1
B0007808,C00429,DXB-MOE,2026-07-29T13:00,3,88.0,midday,1
B0007809,C02060,DXB-MOE,2026-07-29T14:00,1,18.0,midday,1
B0007810,C01934,DXB-MAR,2026-07-29T14:00,2,64.0,midday,1
B0007811,C01128,DXB-DTN,2026-07-29T15:00,1,26.0,midday,1
B0007812,C02289,DXB-MOE,2026-07-29T15:00,1,18.0,midday,1
B0007813,C00883,DXB-MAR,2026-07-29T15:00,3,76.0,midday,1
B0007814,C00777,DXB-DTN,2026-07-29T16:00,2,52.0,midday,1
B0007815,C02076,DXB-MOE,2026-07-29T16:00,2,50.0,midday,1
B0007816,C01614,DXB-MAR,2026-07-29T17:00,1,26.0,evening,1
B0007817,C02309,DXB-DTN,2026-07-29T18:00,1,18.0,evening,1
B0007818,C02039,DXB-MOE,2026-07-29T18:00,1,18.0,evening,1
B0007819,C01034,DXB-DEI,2026-07-29T18:00,1,26.0,evening,1
B0007820,C00165,DXB-DTN,2026-07-29T19:00,3,90.0,evening,1
B0007821,C00698,DXB-MAR,2026-07-29T19:00,1,18.0,evening,1
B0007822,C00067,DXB-DEI,2026-07-29T19:00,1,18.0,evening,1
B0007823,C02338,DXB-DEI,2026-07-29T19:00,1,24.0,evening,1
B0007824,C01742,DXB-MAR,2026-07-29T20:00,2,42.0,evening,1
B0007825,C00354,DXB-DTN,2026-07-29T22:00,2,48.0,evening,1
B0007826,C00858,DXB-DEI,2026-07-30T06:00,2,50.0,morning,1
B0007827,C01577,DXB-DTN,2026-07-30T07:00,1,18.0,morning,1
B0007828,C02237,DXB-MOE,2026-07-30T09:00,1,26.0,morning,1
B0007829,C00595,DXB-MOE,2026-07-30T09:00,1,18.0,morning,1
B0007830,C02145,DXB-DEI,2026-07-30T10:00,2,58.0,morning,1
B0007831,C00976,DXB-MOE,2026-07-30T12:00,1,18.0,midday,1
B0007832,C01249,DXB-MOE,2026-07-30T15:00,1,26.0,midday,1
B0007833,C01141,DXB-MAR,2026-07-30T15:00,4,94.0,midday,1
B0007834,C00495,DXB-MOE,2026-07-30T16:00,2,48.0,midday,1
B0007835,C00276,DXB-DTN,2026-07-30T17:00,1,26.0,evening,1
B0007836,C01513,DXB-MOE,2026-07-30T17:00,1,26.0,evening,1
B0007837,C02237,DXB-MOE,2026-07-30T17:00,2,52.0,evening,1
B0007838,C00032,DXB-DTN,2026-07-30T19:00,1,26.0,evening,1
B0007839,C01065,DXB-MOE,2026-07-30T21:00,2,42.0,evening,1
B0007840,C02272,DXB-MOE,2026-07-30T21:00,3,82.0,evening,1
B0007841,C01176,DXB-MAR,2026-07-30T23:00,5,142.0,evening,1
B0007842,C01721,DXB-DEI,2026-07-31T06:00,1,24.0,morning,1
B0007843,C01516,DXB-DEI,2026-07-31T06:00,1,24.0,morning,1
B0007844,C01051,DXB-DTN,2026-07-31T07:00,1,26.0,morning,1
B0007845,C00036,DXB-MAR,2026-07-31T07:00,3,90.0,morning,1
B0007846,C01663,DXB-DTN,2026-07-31T08:00,3,82.0,morning,1
B0007847,C00800,DXB-DTN,2026-07-31T08:00,2,56.0,morning,1
B0007848,C01094,DXB-DEI,2026-07-31T08:00,3,62.0,morning,1
B0007849,C00379,DXB-DEI,2026-07-31T08:00,2,50.0,morning,1
B0007850,C00408,DXB-DTN,2026-07-31T09:00,1,18.0,morning,1
B0007851,C00084,DXB-MAR,2026-07-31T09:00,1,26.0,morning,1
B0007852,C01154,DXB-DEI,2026-07-31T09:00,2,50.0,morning,1
B0007853,C02285,DXB-DTN,2026-07-31T10:00,2,44.0,morning,1
B0007854,C00068,DXB-DTN,2026-07-31T10:00,2,50.0,morning,1
B0007855,C00895,DXB-MOE,2026-07-31T10:00,2,42.0,morning,1
B0007856,C00010,DXB-MOE,2026-07-31T10:00,1,26.0,morning,1
B0007857,C01189,DXB-MAR,2026-07-31T10:00,1,18.0,morning,1
B0007858,C02004,DXB-DTN,2026-07-31T12:00,1,32.0,midday,1
B0007859,C00783,DXB-DTN,2026-07-31T12:00,7,176.0,midday,1
B0007860,C02202,DXB-DTN,2026-07-31T16:00,1,24.0,midday,1
B0007861,C00655,DXB-DTN,2026-07-31T16:00,2,56.0,midday,1
B0007862,C00667,DXB-MAR,2026-07-31T16:00,2,52.0,midday,1
B0007863,C00767,DXB-MAR,2026-07-31T17:00,1,32.0,evening,1
B0007864,C01878,DXB-DEI,2026-07-31T17:00,1,32.0,evening,1
B0007865,C01725,DXB-MOE,2026-07-31T18:00,1,24.0,evening,1
B0007866,C02271,DXB-MAR,2026-07-31T18:00,3,74.0,evening,1
B0007867,C01181,DXB-MAR,2026-07-31T19:00,3,80.0,evening,1
B0007868,C02088,DXB-MAR,2026-07-31T19:00,2,44.0,evening,1
B0007869,C01802,DXB-DEI,2026-07-31T19:00,1,18.0,evening,1
B0007870,C00439,DXB-MAR,2026-07-31T20:00,1,24.0,evening,1
B0007871,C02316,DXB-DEI,2026-07-31T20:00,1,24.0,evening,1
B0007872,C01862,DXB-DTN,2026-07-31T21:00,1,32.0,evening,1
B0007873,C01883,DXB-MOE,2026-07-31T21:00,1,24.0,evening,1
B0007874,C00495,DXB-MOE,2026-07-31T21:00,2,56.0,evening,1
B0007875,C01852,DXB-DTN,2026-07-31T22:00,2,48.0,evening,1
B0007876,C02020,DXB-MOE,2026-07-31T22:00,1,26.0,evening,1
B0007877,C01134,DXB-MAR,2026-07-31T22:00,4,78.0,evening,1
B0007878,C00779,DXB-MAR,2026-07-31T22:00,3,76.0,evening,1
B0007879,C01871,DXB-DTN,2026-08-01T07:00,1,32.0,morning,1
B0007880,C02063,DXB-DTN,2026-08-01T07:00,1,26.0,morning,1
B0007881,C02323,DXB-MOE,2026-08-01T08:00,1,32.0,morning,1
B0007882,C01780,DXB-MOE,2026-08-01T08:00,2,42.0,morning,1
B0007883,C01514,DXB-MOE,2026-08-01T08:00,2,48.0,morning,1
B0007884,C01544,DXB-DEI,2026-08-01T08:00,2,64.0,morning,1
B0007885,C01763,DXB-MOE,2026-08-01T09:00,2,36.0,morning,1
B0007886,C00928,DXB-MOE,2026-08-01T10:00,2,58.0,morning,1
B0007887,C02225,DXB-MOE,2026-08-01T11:00,1,26.0,midday,1
B0007888,C02323,DXB-DTN,2026-08-01T13:00,3,90.0,midday,1
B0007889,C00922,DXB-DTN,2026-08-01T13:00,1,24.0,midday,1
B0007890,C00892,DXB-DTN,2026-08-01T14:00,5,132.0,midday,1
B0007891,C01585,DXB-MOE,2026-08-01T14:00,1,32.0,midday,1
B0007892,C01584,DXB-MOE,2026-08-01T14:00,3,74.0,midday,1
B0007893,C00571,DXB-DTN,2026-08-01T15:00,1,24.0,midday,1
B0007894,C01172,DXB-DTN,2026-08-01T15:00,1,18.0,midday,1
B0007895,C01337,DXB-MOE,2026-08-01T15:00,2,58.0,midday,1
B0007896,C01350,DXB-MOE,2026-08-01T16:00,1,18.0,midday,1
B0007897,C01860,DXB-DEI,2026-08-01T16:00,1,26.0,midday,1
B0007898,C01376,DXB-DEI,2026-08-01T17:00,2,56.0,evening,1
B0007899,C00445,DXB-DTN,2026-08-01T19:00,3,74.0,evening,1
B0007900,C01376,DXB-MAR,2026-08-01T19:00,2,52.0,evening,1
B0007901,C02263,DXB-DTN,2026-08-01T20:00,1,18.0,evening,1
B0007902,C01800,DXB-MAR,2026-08-01T20:00,1,32.0,evening,1
B0007903,C01253,DXB-MAR,2026-08-01T20:00,1,32.0,evening,1
B0007904,C00275,DXB-MOE,2026-08-01T22:00,1,24.0,evening,1
B0007905,C01892,DXB-MOE,2026-08-01T22:00,1,24.0,evening,1
B0007906,C00399,DXB-DEI,2026-08-02T08:00,3,74.0,morning,1
B0007907,C02072,DXB-DTN,2026-08-02T09:00,2,42.0,morning,1
B0007908,C02357,DXB-MOE,2026-08-02T09:00,4,94.0,morning,1
B0007909,C00624,DXB-MOE,2026-08-02T09:00,2,36.0,morning,1
B0007910,C01980,DXB-MOE,2026-08-02T10:00,2,50.0,morning,1
B0007911,C00077,DXB-MOE,2026-08-02T10:00,1,24.0,morning,1
B0007912,C01269,DXB-MAR,2026-08-02T10:00,1,18.0,morning,1
B0007913,C00985,DXB-MOE,2026-08-02T12:00,1,26.0,midday,1
B0007914,C01862,DXB-MOE,2026-08-02T12:00,2,50.0,midday,1
B0007915,C02216,DXB-DEI,2026-08-02T15:00,1,18.0,midday,1
B0007916,C00276,DXB-DTN,2026-08-02T16:00,1,26.0,midday,1
B0007917,C00599,DXB-MOE,2026-08-02T16:00,3,68.0,midday,1
B0007918,C01945,DXB-DEI,2026-08-02T16:00,1,18.0,midday,1
B0007919,C00495,DXB-MAR,2026-08-02T17:00,2,50.0,evening,1
B0007920,C01898,DXB-MAR,2026-08-02T17:00,5,118.0,evening,1
B0007921,C00108,DXB-DTN,2026-08-02T18:00,2,50.0,evening,1
B0007922,C02217,DXB-MOE,2026-08-02T19:00,1,24.0,evening,1
B0007923,C00882,DXB-MOE,2026-08-02T19:00,2,44.0,evening,1
B0007924,C00606,DXB-MOE,2026-08-02T19:00,1,26.0,evening,1
B0007925,C01696,DXB-MOE,2026-08-02T19:00,1,18.0,evening,1
B0007926,C02285,DXB-DTN,2026-08-02T20:00,3,74.0,evening,1
B0007927,C00781,DXB-DTN,2026-08-02T20:00,2,64.0,evening,1
B0007928,C00868,DXB-MAR,2026-08-02T20:00,1,32.0,evening,1
B0007929,C02332,DXB-MOE,2026-08-02T21:00,2,50.0,evening,1
B0007930,C01969,DXB-MOE,2026-08-02T21:00,1,26.0,evening,1
B0007931,C00872,DXB-MAR,2026-08-02T21:00,1,18.0,evening,1
B0007932,C01852,DXB-MAR,2026-08-02T21:00,2,50.0,evening,1
B0007933,C02245,DXB-MOE,2026-08-02T22:00,3,74.0,evening,1
B0007934,C01176,DXB-DEI,2026-08-03T06:00,1,26.0,morning,1
B0007935,C00256,DXB-DEI,2026-08-03T08:00,2,42.0,morning,1
B0007936,C02039,DXB-MAR,2026-08-03T09:00,1,26.0,morning,1
B0007937,C00495,DXB-DTN,2026-08-03T10:00,2,44.0,morning,1
B0007938,C01862,DXB-MOE,2026-08-03T10:00,1,18.0,morning,1
B0007939,C01945,DXB-MAR,2026-08-03T10:00,1,26.0,morning,1
B0007940,C01463,DXB-DTN,2026-08-03T11:00,1,18.0,midday,1
B0007941,C00064,DXB-MOE,2026-08-03T12:00,2,36.0,midday,1
B0007942,C01432,DXB-MOE,2026-08-03T13:00,1,32.0,midday,1
B0007943,C02194,DXB-MOE,2026-08-03T13:00,1,26.0,midday,1
B0007944,C00286,DXB-MOE,2026-08-03T15:00,2,58.0,midday,1
B0007945,C01213,DXB-DEI,2026-08-03T15:00,1,24.0,midday,1
B0007946,C00847,DXB-DTN,2026-08-03T17:00,1,32.0,evening,1
B0007947,C00432,DXB-MOE,2026-08-03T17:00,1,26.0,evening,1
B0007948,C02219,DXB-MOE,2026-08-03T17:00,1,26.0,evening,1
B0007949,C01870,DXB-MAR,2026-08-03T17:00,2,50.0,evening,1
B0007950,C01276,DXB-MAR,2026-08-03T17:00,1,18.0,evening,1
B0007951,C00135,DXB-MOE,2026-08-03T18:00,1,18.0,evening,1
B0007952,C00774,DXB-MOE,2026-08-03T18:00,2,50.0,evening,1
B0007953,C00923,DXB-MOE,2026-08-03T19:00,1,24.0,evening,1
B0007954,C01863,DXB-MOE,2026-08-03T19:00,2,50.0,evening,1
B0007955,C02066,DXB-MOE,2026-08-03T19:00,1,18.0,evening,1
B0007956,C01117,DXB-DEI,2026-08-03T19:00,2,64.0,evening,1
B0007957,C00346,DXB-MAR,2026-08-03T20:00,3,72.0,evening,1
B0007958,C02061,DXB-MAR,2026-08-03T20:00,1,32.0,evening,1
B0007959,C01612,DXB-DEI,2026-08-03T20:00,2,36.0,evening,1
B0007960,C01680,DXB-DTN,2026-08-03T21:00,1,26.0,evening,1
B0007961,C02338,DXB-MAR,2026-08-03T22:00,1,26.0,evening,1
B0007962,C00488,DXB-MAR,2026-08-03T23:00,1,24.0,evening,1
B0007963,C01226,DXB-MAR,2026-08-03T23:00,1,32.0,evening,1
B0007964,C01511,DXB-DEI,2026-08-04T06:00,2,58.0,morning,1
B0007965,C02357,DXB-DEI,2026-08-04T07:00,1,24.0,morning,1
B0007966,C01569,DXB-DEI,2026-08-04T08:00,2,56.0,morning,1
B0007967,C00922,DXB-MAR,2026-08-04T09:00,1,18.0,morning,1
B0007968,C02042,DXB-MOE,2026-08-04T10:00,1,24.0,morning,1
B0007969,C01784,DXB-MAR,2026-08-04T10:00,4,110.0,morning,1
B0007970,C00802,DXB-MOE,2026-08-04T12:00,2,50.0,midday,1
B0007971,C01319,DXB-MOE,2026-08-04T12:00,1,26.0,midday,1
B0007972,C02046,DXB-MAR,2026-08-04T16:00,2,44.0,midday,1
B0007973,C00147,DXB-DEI,2026-08-04T20:00,2,36.0,evening,1
B0007974,C02206,DXB-MOE,2026-08-04T21:00,1,32.0,evening,1
B0007975,C01760,DXB-MAR,2026-08-04T21:00,2,50.0,evening,1
B0007976,C00783,DXB-MOE,2026-08-04T22:00,1,18.0,evening,1
B0007977,C01713,DXB-MAR,2026-08-04T22:00,2,52.0,evening,1
B0007978,C01181,DXB-MAR,2026-08-04T23:00,1,24.0,evening,1
B0007979,C02103,DXB-DEI,2026-08-05T09:00,1,26.0,morning,1
B0007980,C00858,DXB-MAR,2026-08-05T10:00,1,26.0,morning,1
B0007981,C00408,DXB-DTN,2026-08-05T11:00,2,56.0,midday,1
B0007982,C01926,DXB-MOE,2026-08-05T14:00,2,48.0,midday,1
B0007983,C01647,DXB-MOE,2026-08-05T14:00,2,36.0,midday,1
B0007984,C00924,DXB-MOE,2026-08-05T18:00,4,98.0,evening,1
B0007985,C01049,DXB-MAR,2026-08-05T18:00,1,32.0,evening,1
B0007986,C00445,DXB-DEI,2026-08-05T18:00,2,56.0,evening,1
B0007987,C00705,DXB-MOE,2026-08-05T20:00,1,26.0,evening,1
B0007988,C01985,DXB-MAR,2026-08-05T21:00,1,24.0,evening,1
B0007989,C01720,DXB-MAR,2026-08-05T21:00,1,24.0,evening,1
B0007990,C00013,DXB-DTN,2026-08-06T07:00,1,24.0,morning,1
B0007991,C00665,DXB-MAR,2026-08-06T07:00,1,26.0,morning,1
B0007992,C01797,DXB-DTN,2026-08-06T08:00,3,88.0,morning,1
B0007993,C00802,DXB-DTN,2026-08-06T08:00,2,50.0,morning,1
B0007994,C01991,DXB-MAR,2026-08-06T08:00,1,24.0,morning,1
B0007995,C01215,DXB-MAR,2026-08-06T08:00,3,68.0,morning,1
B0007996,C01191,DXB-MAR,2026-08-06T08:00,2,36.0,morning,1
B0007997,C01260,DXB-DEI,2026-08-06T08:00,1,18.0,morning,1
B0007998,C01192,DXB-MAR,2026-08-06T09:00,1,26.0,morning,1
B0007999,C01337,DXB-DEI,2026-08-06T09:00,2,50.0,morning,1
B0008000,C00145,DXB-DTN,2026-08-06T10:00,2,50.0,morning,1
B0008001,C00757,DXB-DTN,2026-08-06T10:00,1,32.0,morning,1
B0008002,C01852,DXB-MAR,2026-08-06T10:00,1,32.0,morning,1
B0008003,C02166,DXB-MAR,2026-08-06T10:00,2,64.0,morning,1
B0008004,C01614,DXB-DTN,2026-08-06T11:00,2,58.0,midday,1
B0008005,C01344,DXB-DEI,2026-08-06T11:00,4,92.0,midday,1
B0008006,C00463,DXB-DTN,2026-08-06T12:00,1,26.0,midday,1
B0008007,C02158,DXB-DTN,2026-08-06T14:00,2,44.0,midday,1
B0008008,C00868,DXB-MOE,2026-08-06T15:00,2,52.0,midday,1
B0008009,C01387,DXB-DTN,2026-08-06T16:00,1,18.0,midday,1
B0008010,C00979,DXB-DTN,2026-08-06T16:00,1,18.0,midday,1
B0008011,C00332,DXB-DTN,2026-08-06T16:00,1,26.0,midday,1
B0008012,C00495,DXB-MOE,2026-08-06T16:00,2,56.0,midday,1
B0008013,C01954,DXB-MAR,2026-08-06T16:00,5,116.0,midday,1
B0008014,C00813,DXB-DTN,2026-08-06T17:00,3,68.0,evening,1
B0008015,C01920,DXB-DTN,2026-08-06T18:00,3,76.0,evening,1
B0008016,C00727,DXB-MOE,2026-08-06T18:00,3,66.0,evening,1
B0008017,C01415,DXB-DTN,2026-08-06T19:00,2,50.0,evening,1
B0008018,C00108,DXB-DTN,2026-08-06T19:00,2,44.0,evening,1
B0008019,C01387,DXB-MAR,2026-08-06T19:00,2,44.0,evening,1
B0008020,C00125,DXB-DTN,2026-08-06T20:00,2,52.0,evening,1
B0008021,C01834,DXB-MAR,2026-08-06T20:00,2,48.0,evening,1
B0008022,C00869,DXB-MOE,2026-08-06T21:00,2,56.0,evening,1
B0008023,C01956,DXB-MAR,2026-08-06T21:00,3,60.0,evening,1
B0008024,C02088,DXB-DTN,2026-08-06T22:00,1,24.0,evening,1
B0008025,C01879,DXB-MAR,2026-08-06T22:00,2,50.0,evening,1
B0008026,C01502,DXB-MAR,2026-08-06T23:00,4,84.0,evening,1
B0008027,C00888,DXB-MAR,2026-08-07T07:00,2,44.0,morning,1
B0008028,C00871,DXB-MAR,2026-08-07T07:00,1,18.0,morning,1
B0008029,C00354,DXB-DEI,2026-08-07T07:00,3,74.0,morning,1
B0008030,C01981,DXB-DEI,2026-08-07T07:00,2,64.0,morning,1
B0008031,C01337,DXB-MOE,2026-08-07T08:00,3,84.0,morning,1
B0008032,C00450,DXB-MOE,2026-08-07T08:00,1,26.0,morning,1
B0008033,C01957,DXB-MAR,2026-08-07T08:00,2,58.0,morning,1
B0008034,C01772,DXB-DTN,2026-08-07T09:00,2,44.0,morning,1
B0008035,C00647,DXB-DTN,2026-08-07T09:00,1,32.0,morning,1
B0008036,C01376,DXB-MOE,2026-08-07T09:00,3,90.0,morning,1
B0008037,C00135,DXB-DTN,2026-08-07T11:00,1,24.0,midday,1
B0008038,C01233,DXB-DEI,2026-08-07T11:00,1,26.0,midday,1
B0008039,C02051,DXB-MOE,2026-08-07T13:00,2,50.0,midday,1
B0008040,C02249,DXB-MOE,2026-08-07T13:00,1,26.0,midday,1
B0008041,C02080,DXB-DTN,2026-08-07T15:00,3,82.0,midday,1
B0008042,C01934,DXB-DTN,2026-08-07T17:00,1,24.0,evening,1
B0008043,C00268,DXB-MOE,2026-08-07T17:00,1,24.0,evening,1
B0008044,C00906,DXB-MAR,2026-08-07T17:00,3,62.0,evening,1
B0008045,C01563,DXB-DTN,2026-08-07T18:00,1,18.0,evening,1
B0008046,C01174,DXB-DTN,2026-08-07T18:00,1,26.0,evening,1
B0008047,C02043,DXB-MOE,2026-08-07T18:00,2,50.0,evening,1
B0008048,C01016,DXB-DTN,2026-08-07T19:00,4,106.0,evening,1
B0008049,C01780,DXB-DTN,2026-08-07T19:00,1,26.0,evening,1
B0008050,C00655,DXB-DEI,2026-08-07T20:00,2,50.0,evening,1
B0008051,C01862,DXB-MAR,2026-08-07T21:00,1,24.0,evening,1
B0008052,C01105,DXB-MAR,2026-08-07T21:00,2,36.0,evening,1
B0008053,C01255,DXB-DTN,2026-08-07T22:00,2,50.0,evening,1
B0008054,C00918,DXB-MOE,2026-08-07T22:00,1,18.0,evening,1
B0008055,C00421,DXB-MOE,2026-08-07T22:00,2,58.0,evening,1
B0008056,C00520,DXB-MAR,2026-08-07T23:00,2,42.0,evening,1
B0008057,C00429,DXB-MAR,2026-08-08T08:00,1,32.0,morning,1
B0008058,C00495,DXB-MAR,2026-08-08T08:00,1,24.0,morning,1
B0008059,C00299,DXB-DEI,2026-08-08T08:00,1,32.0,morning,1
B0008060,C01413,DXB-MOE,2026-08-08T10:00,1,32.0,morning,1
B0008061,C00928,DXB-MOE,2026-08-08T11:00,1,18.0,midday,1
B0008062,C01298,DXB-DEI,2026-08-08T11:00,1,24.0,midday,1
B0008063,C00626,DXB-DEI,2026-08-08T11:00,2,50.0,midday,1
B0008064,C00607,DXB-DEI,2026-08-08T11:00,3,68.0,midday,1
B0008065,C01232,DXB-DTN,2026-08-08T13:00,1,18.0,midday,1
B0008066,C02051,DXB-MOE,2026-08-08T13:00,3,88.0,midday,1
B0008067,C00474,DXB-MOE,2026-08-08T14:00,2,36.0,midday,1
B0008068,C01657,DXB-DTN,2026-08-08T15:00,1,24.0,midday,1
B0008069,C01786,DXB-MOE,2026-08-08T16:00,3,88.0,midday,1
B0008070,C02141,DXB-MAR,2026-08-08T17:00,1,18.0,evening,1
B0008071,C01332,DXB-DEI,2026-08-08T17:00,1,32.0,evening,1
B0008072,C01285,DXB-DTN,2026-08-08T19:00,2,52.0,evening,1
B0008073,C01681,DXB-DEI,2026-08-08T19:00,1,26.0,evening,1
B0008074,C00240,DXB-MOE,2026-08-08T20:00,2,50.0,evening,1
B0008075,C01042,DXB-DTN,2026-08-08T21:00,2,50.0,evening,1
B0008076,C01784,DXB-MAR,2026-08-08T21:00,1,24.0,evening,1
B0008077,C01319,DXB-MOE,2026-08-08T22:00,1,18.0,evening,1
B0008078,C01783,DXB-MAR,2026-08-09T07:00,1,18.0,morning,1
B0008079,C00985,DXB-DEI,2026-08-09T07:00,3,68.0,morning,1
B0008080,C00583,DXB-DEI,2026-08-09T07:00,1,24.0,morning,1
B0008081,C02244,DXB-DTN,2026-08-09T08:00,3,66.0,morning,1
B0008082,C00049,DXB-DEI,2026-08-09T08:00,2,44.0,morning,1
B0008083,C00532,DXB-DEI,2026-08-09T08:00,1,24.0,morning,1
B0008084,C01213,DXB-DEI,2026-08-09T08:00,1,26.0,morning,1
B0008085,C00473,DXB-DTN,2026-08-09T10:00,1,18.0,morning,1
B0008086,C01480,DXB-DEI,2026-08-09T11:00,1,26.0,midday,1
B0008087,C01330,DXB-MOE,2026-08-09T14:00,1,26.0,midday,1
B0008088,C00077,DXB-MOE,2026-08-09T14:00,3,76.0,midday,1
B0008089,C00444,DXB-MOE,2026-08-09T14:00,2,48.0,midday,1
B0008090,C01255,DXB-DTN,2026-08-09T15:00,1,18.0,midday,1
B0008091,C01210,DXB-MOE,2026-08-09T15:00,3,62.0,midday,1
B0008092,C01505,DXB-MOE,2026-08-09T15:00,3,96.0,midday,1
B0008093,C01309,DXB-MAR,2026-08-09T16:00,3,66.0,midday,1
B0008094,C00334,DXB-DTN,2026-08-09T18:00,1,24.0,evening,1
B0008095,C01233,DXB-MOE,2026-08-09T18:00,1,24.0,evening,1
B0008096,C00802,DXB-MAR,2026-08-09T20:00,2,50.0,evening,1
B0008097,C01550,DXB-MOE,2026-08-09T21:00,3,74.0,evening,1
B0008098,C01496,DXB-MAR,2026-08-09T21:00,1,26.0,evening,1
B0008099,C02357,DXB-MAR,2026-08-09T22:00,2,48.0,evening,1
B0008100,C01669,DXB-MAR,2026-08-09T22:00,1,18.0,evening,1
B0008101,C01740,DXB-MAR,2026-08-10T07:00,1,24.0,morning,1
B0008102,C00444,DXB-DTN,2026-08-10T08:00,3,82.0,morning,1
B0008103,C00810,DXB-DEI,2026-08-10T09:00,2,52.0,morning,1
B0008104,C01007,DXB-MOE,2026-08-10T16:00,1,32.0,midday,1
B0008105,C01718,DXB-MOE,2026-08-10T17:00,1,18.0,evening,1
B0008106,C01558,DXB-MOE,2026-08-10T18:00,2,42.0,evening,1
B0008107,C01752,DXB-MOE,2026-08-10T19:00,2,58.0,evening,1
B0008108,C01669,DXB-DTN,2026-08-10T20:00,2,58.0,evening,1
B0008109,C02110,DXB-MAR,2026-08-10T20:00,2,64.0,evening,1
B0008110,C00835,DXB-MOE,2026-08-10T21:00,1,24.0,evening,1
B0008111,C01742,DXB-MAR,2026-08-10T21:00,1,18.0,evening,1
B0008112,C00256,DXB-DEI,2026-08-11T06:00,1,18.0,morning,1
B0008113,C01840,DXB-MAR,2026-08-11T07:00,2,42.0,morning,1
B0008114,C01758,DXB-DEI,2026-08-11T09:00,2,42.0,morning,1
B0008115,C01172,DXB-DTN,2026-08-11T10:00,1,24.0,morning,1
B0008116,C00455,DXB-MOE,2026-08-11T10:00,4,114.0,morning,1
B0008117,C01075,DXB-DTN,2026-08-11T12:00,2,58.0,midday,1
B0008118,C01623,DXB-MOE,2026-08-11T13:00,1,24.0,midday,1
B0008119,C01527,DXB-MOE,2026-08-11T17:00,2,42.0,evening,1
B0008120,C01257,DXB-MAR,2026-08-11T18:00,3,60.0,evening,1
B0008121,C01337,DXB-MOE,2026-08-11T22:00,2,64.0,evening,1
B0008122,C00244,DXB-MAR,2026-08-11T22:00,1,26.0,evening,1
B0008123,C00421,DXB-MAR,2026-08-11T23:00,1,24.0,evening,1
B0008124,C02299,DXB-DEI,2026-08-12T06:00,1,32.0,morning,1
B0008125,C02208,DXB-DTN,2026-08-12T08:00,1,32.0,morning,1
B0008126,C00408,DXB-DEI,2026-08-12T08:00,2,56.0,morning,1
B0008127,C00308,DXB-MOE,2026-08-12T10:00,2,56.0,morning,1
B0008128,C01094,DXB-MOE,2026-08-12T11:00,3,82.0,midday,1
B0008129,C01865,DXB-MOE,2026-08-12T13:00,1,18.0,midday,1
B0008130,C01415,DXB-MOE,2026-08-12T13:00,2,50.0,midday,1
B0008131,C00509,DXB-MOE,2026-08-12T14:00,2,50.0,midday,1
B0008132,C01432,DXB-DEI,2026-08-12T14:00,3,90.0,midday,1
B0008133,C00350,DXB-DEI,2026-08-12T15:00,1,24.0,midday,1
B0008134,C00299,DXB-MOE,2026-08-12T17:00,1,18.0,evening,1
B0008135,C01889,DXB-MOE,2026-08-12T17:00,3,76.0,evening,1
B0008136,C00055,DXB-MOE,2026-08-12T19:00,2,50.0,evening,1
B0008137,C01516,DXB-MOE,2026-08-12T20:00,2,44.0,evening,1
B0008138,C00872,DXB-MAR,2026-08-12T20:00,2,36.0,evening,1
B0008139,C01233,DXB-DEI,2026-08-12T20:00,3,76.0,evening,1
B0008140,C01795,DXB-DTN,2026-08-12T21:00,2,42.0,evening,1
B0008141,C00662,DXB-DTN,2026-08-12T21:00,2,48.0,evening,1
B0008142,C01914,DXB-DTN,2026-08-12T22:00,1,24.0,evening,1
B0008143,C00444,DXB-MOE,2026-08-12T22:00,2,56.0,evening,1
B0008144,C02379,DXB-MOE,2026-08-12T22:00,1,18.0,evening,1
B0008145,C02340,DXB-MAR,2026-08-12T22:00,2,42.0,evening,1
B0008146,C01692,DXB-MAR,2026-08-12T23:00,4,114.0,evening,1
B0008147,C00470,DXB-DEI,2026-08-13T06:00,1,24.0,morning,1
B0008148,C00023,DXB-DEI,2026-08-13T06:00,1,18.0,morning,1
B0008149,C00495,DXB-DTN,2026-08-13T07:00,2,44.0,morning,1
B0008150,C01413,DXB-MAR,2026-08-13T07:00,1,24.0,morning,1
B0008151,C01485,DXB-DEI,2026-08-13T07:00,1,18.0,morning,1
B0008152,C00163,DXB-MOE,2026-08-13T08:00,3,76.0,morning,1
B0008153,C02363,DXB-MOE,2026-08-13T08:00,1,24.0,morning,1
B0008154,C00067,DXB-DTN,2026-08-13T09:00,4,78.0,morning,1
B0008155,C00901,DXB-DTN,2026-08-13T09:00,1,32.0,morning,1
B0008156,C01736,DXB-MOE,2026-08-13T10:00,1,18.0,morning,1
B0008157,C01720,DXB-DEI,2026-08-13T10:00,2,44.0,morning,1
B0008158,C00775,DXB-DTN,2026-08-13T12:00,1,32.0,midday,1
B0008159,C02269,DXB-DTN,2026-08-13T13:00,1,24.0,midday,1
B0008160,C00070,DXB-DEI,2026-08-13T16:00,1,26.0,midday,1
B0008161,C00156,DXB-DTN,2026-08-13T17:00,1,26.0,evening,1
B0008162,C01939,DXB-MOE,2026-08-13T17:00,2,52.0,evening,1
B0008163,C00184,DXB-MOE,2026-08-13T17:00,1,24.0,evening,1
B0008164,C00657,DXB-MAR,2026-08-13T17:00,1,18.0,evening,1
B0008165,C01512,DXB-MAR,2026-08-13T17:00,1,18.0,evening,1
B0008166,C02066,DXB-MOE,2026-08-13T18:00,1,24.0,evening,1
B0008167,C01622,DXB-MAR,2026-08-13T18:00,3,80.0,evening,1
B0008168,C01231,DXB-DTN,2026-08-13T19:00,1,24.0,evening,1
B0008169,C00000,DXB-DTN,2026-08-13T19:00,2,58.0,evening,1
B0008170,C01337,DXB-DTN,2026-08-13T19:00,2,48.0,evening,1
B0008171,C00439,DXB-MOE,2026-08-13T19:00,1,24.0,evening,1
B0008172,C02237,DXB-MOE,2026-08-13T20:00,1,24.0,evening,1
B0008173,C02233,DXB-MAR,2026-08-13T20:00,2,44.0,evening,1
B0008174,C01994,DXB-MAR,2026-08-13T21:00,1,18.0,evening,1
B0008175,C02151,DXB-DTN,2026-08-14T07:00,1,32.0,morning,1
B0008176,C01500,DXB-DTN,2026-08-14T07:00,1,24.0,morning,1
B0008177,C01127,DXB-DEI,2026-08-14T07:00,1,32.0,morning,1
B0008178,C00635,DXB-DTN,2026-08-14T08:00,3,68.0,morning,1
B0008179,C01605,DXB-MAR,2026-08-14T08:00,2,48.0,morning,1
B0008180,C01919,DXB-DEI,2026-08-14T08:00,2,58.0,morning,1
B0008181,C01916,DXB-DEI,2026-08-14T08:00,2,58.0,morning,1
B0008182,C00044,DXB-MOE,2026-08-14T09:00,2,56.0,morning,1
B0008183,C00996,DXB-MOE,2026-08-14T09:00,1,26.0,morning,1
B0008184,C00461,DXB-DEI,2026-08-14T09:00,1,26.0,morning,1
B0008185,C00379,DXB-DEI,2026-08-14T09:00,1,26.0,morning,1
B0008186,C00030,DXB-MOE,2026-08-14T10:00,1,24.0,morning,1
B0008187,C00599,DXB-MOE,2026-08-14T10:00,2,50.0,morning,1
B0008188,C01954,DXB-MOE,2026-08-14T10:00,1,18.0,morning,1
B0008189,C01292,DXB-DEI,2026-08-14T12:00,2,64.0,midday,1
B0008190,C01432,DXB-MOE,2026-08-14T14:00,4,80.0,midday,1
B0008191,C01176,DXB-MAR,2026-08-14T14:00,2,50.0,midday,1
B0008192,C01573,DXB-MOE,2026-08-14T15:00,2,56.0,midday,1
B0008193,C00954,DXB-DTN,2026-08-14T16:00,2,64.0,midday,1
B0008194,C01189,DXB-DTN,2026-08-14T17:00,1,18.0,evening,1
B0008195,C01487,DXB-MOE,2026-08-14T17:00,2,36.0,evening,1
B0008196,C00739,DXB-DTN,2026-08-14T18:00,1,26.0,evening,1
B0008197,C01286,DXB-MOE,2026-08-14T19:00,2,50.0,evening,1
B0008198,C01305,DXB-DTN,2026-08-14T20:00,1,26.0,evening,1
B0008199,C01503,DXB-DTN,2026-08-14T21:00,2,36.0,evening,1
B0008200,C02136,DXB-MOE,2026-08-14T21:00,2,42.0,evening,1
B0008201,C00282,DXB-MAR,2026-08-14T21:00,1,24.0,evening,1
B0008202,C02208,DXB-DTN,2026-08-14T22:00,1,18.0,evening,1
B0008203,C00062,DXB-DTN,2026-08-14T22:00,3,82.0,evening,1
B0008204,C00966,DXB-DTN,2026-08-15T07:00,3,90.0,morning,1
B0008205,C00758,DXB-DEI,2026-08-15T07:00,1,24.0,morning,1
B0008206,C00242,DXB-DTN,2026-08-15T08:00,2,42.0,morning,1
B0008207,C01725,DXB-DEI,2026-08-15T09:00,2,56.0,morning,1
B0008208,C01905,DXB-DTN,2026-08-15T10:00,1,26.0,morning,1
B0008209,C02059,DXB-DTN,2026-08-15T12:00,2,52.0,midday,1
B0008210,C01609,DXB-MOE,2026-08-15T12:00,1,32.0,midday,1
B0008211,C01182,DXB-MAR,2026-08-15T12:00,1,18.0,midday,1
B0008212,C01849,DXB-MAR,2026-08-15T12:00,2,36.0,midday,1
B0008213,C00494,DXB-DTN,2026-08-15T15:00,1,24.0,midday,1
B0008214,C01192,DXB-MOE,2026-08-15T15:00,2,58.0,midday,1
B0008215,C01012,DXB-DTN,2026-08-15T18:00,1,18.0,evening,1
B0008216,C00240,DXB-MAR,2026-08-15T18:00,1,26.0,evening,1
B0008217,C00802,DXB-DTN,2026-08-15T19:00,1,18.0,evening,1
B0008218,C01759,DXB-DTN,2026-08-15T20:00,3,80.0,evening,1
B0008219,C02285,DXB-MOE,2026-08-15T20:00,1,18.0,evening,1
B0008220,C01375,DXB-MOE,2026-08-15T20:00,1,32.0,evening,1
B0008221,C02058,DXB-MOE,2026-08-15T20:00,1,26.0,evening,1
B0008222,C02223,DXB-DTN,2026-08-15T21:00,1,26.0,evening,1
B0008223,C01735,DXB-MAR,2026-08-15T21:00,1,32.0,evening,1
B0008224,C01461,DXB-MAR,2026-08-15T21:00,1,18.0,evening,1
B0008225,C01862,DXB-DEI,2026-08-15T21:00,1,32.0,evening,1
B0008226,C01572,DXB-MOE,2026-08-15T22:00,3,68.0,evening,1
B0008227,C01237,DXB-MAR,2026-08-15T22:00,2,44.0,evening,1
B0008228,C01994,DXB-MAR,2026-08-15T23:00,2,64.0,evening,1
B0008229,C01078,DXB-MAR,2026-08-15T23:00,3,84.0,evening,1
B0008230,C01075,DXB-MOE,2026-08-16T08:00,1,32.0,morning,1
B0008231,C00354,DXB-MAR,2026-08-16T08:00,1,32.0,morning,1
B0008232,C01337,DXB-DTN,2026-08-16T09:00,1,26.0,morning,1
B0008233,C00722,DXB-MAR,2026-08-16T11:00,1,26.0,midday,1
B0008234,C01908,DXB-MOE,2026-08-16T12:00,1,32.0,midday,1
B0008235,C01149,DXB-DEI,2026-08-16T13:00,1,26.0,midday,1
B0008236,C01003,DXB-MAR,2026-08-16T15:00,1,26.0,midday,1
B0008237,C01783,DXB-MAR,2026-08-16T15:00,1,18.0,midday,1
B0008238,C01406,DXB-MOE,2026-08-16T16:00,1,18.0,midday,1
B0008239,C01745,DXB-MOE,2026-08-16T17:00,2,50.0,evening,1
B0008240,C01127,DXB-MAR,2026-08-16T17:00,1,18.0,evening,1
B0008241,C00534,DXB-DTN,2026-08-16T18:00,1,32.0,evening,1
B0008242,C01334,DXB-MAR,2026-08-16T19:00,1,32.0,evening,1
B0008243,C00220,DXB-MAR,2026-08-16T19:00,1,26.0,evening,1
B0008244,C00759,DXB-DTN,2026-08-16T20:00,1,24.0,evening,1
B0008245,C01375,DXB-MAR,2026-08-16T21:00,2,52.0,evening,1
B0008246,C01965,DXB-MAR,2026-08-16T21:00,2,42.0,evening,1
B0008247,C00930,DXB-MAR,2026-08-16T22:00,3,74.0,evening,1
B0008248,C00822,DXB-DEI,2026-08-17T06:00,2,44.0,morning,1
B0008249,C01349,DXB-DEI,2026-08-17T06:00,4,104.0,morning,1
B0008250,C01389,DXB-DTN,2026-08-17T07:00,1,24.0,morning,1
B0008251,C01729,DXB-DEI,2026-08-17T08:00,1,18.0,morning,1
B0008252,C01304,DXB-MAR,2026-08-17T10:00,1,18.0,morning,1
B0008253,C01824,DXB-MAR,2026-08-17T11:00,2,44.0,midday,1
B0008254,C01055,DXB-MOE,2026-08-17T16:00,4,100.0,midday,1
B0008255,C00763,DXB-MOE,2026-08-17T16:00,2,56.0,midday,1
B0008256,C00550,DXB-MOE,2026-08-17T17:00,1,18.0,evening,1
B0008257,C01189,DXB-MAR,2026-08-17T17:00,1,18.0,evening,1
B0008258,C00491,DXB-DTN,2026-08-17T18:00,2,44.0,evening,1
B0008259,C01448,DXB-DTN,2026-08-17T19:00,3,68.0,evening,1
B0008260,C01268,DXB-MOE,2026-08-17T19:00,1,32.0,evening,1
B0008261,C00245,DXB-DEI,2026-08-17T19:00,4,90.0,evening,1
B0008262,C01009,DXB-MAR,2026-08-17T20:00,1,32.0,evening,1
B0008263,C01681,DXB-MAR,2026-08-17T20:00,2,42.0,evening,1
B0008264,C01559,DXB-MOE,2026-08-17T21:00,2,58.0,evening,1
B0008265,C00223,DXB-DTN,2026-08-17T22:00,2,58.0,evening,1
B0008266,C01840,DXB-DEI,2026-08-18T08:00,2,52.0,morning,1
B0008267,C00279,DXB-DTN,2026-08-18T10:00,2,50.0,morning,1
B0008268,C01926,DXB-DTN,2026-08-18T12:00,1,26.0,midday,1
B0008269,C00657,DXB-MOE,2026-08-18T16:00,1,32.0,midday,1
B0008270,C00828,DXB-DTN,2026-08-18T17:00,2,48.0,evening,1
B0008271,C00589,DXB-DTN,2026-08-18T17:00,1,32.0,evening,1
B0008272,C00690,DXB-MAR,2026-08-18T17:00,1,24.0,evening,1
B0008273,C02263,DXB-DTN,2026-08-18T18:00,2,50.0,evening,1
B0008274,C02349,DXB-MOE,2026-08-18T18:00,2,58.0,evening,1
B0008275,C02237,DXB-MOE,2026-08-18T18:00,3,76.0,evening,1
B0008276,C01292,DXB-DTN,2026-08-18T19:00,3,62.0,evening,1
B0008277,C00956,DXB-MAR,2026-08-18T20:00,1,32.0,evening,1
B0008278,C01784,DXB-DTN,2026-08-18T21:00,1,24.0,evening,1
B0008279,C02309,DXB-MOE,2026-08-18T21:00,1,24.0,evening,1
B0008280,C01568,DXB-DTN,2026-08-18T22:00,3,76.0,evening,1
B0008281,C02136,DXB-MOE,2026-08-18T22:00,2,52.0,evening,1
B0008282,C01677,DXB-MAR,2026-08-18T23:00,1,32.0,evening,1
B0008283,C02348,DXB-DTN,2026-08-19T07:00,1,18.0,morning,1
B0008284,C00245,DXB-DTN,2026-08-19T07:00,3,66.0,morning,1
B0008285,C00346,DXB-MAR,2026-08-19T07:00,1,18.0,morning,1
B0008286,C01996,DXB-DEI,2026-08-19T07:00,2,48.0,morning,1
B0008287,C01986,DXB-DEI,2026-08-19T07:00,1,26.0,morning,1
B0008288,C01669,DXB-MAR,2026-08-19T08:00,1,18.0,morning,1
B0008289,C01985,DXB-DTN,2026-08-19T09:00,1,24.0,morning,1
B0008290,C01552,DXB-DTN,2026-08-19T09:00,3,78.0,morning,1
B0008291,C00959,DXB-DTN,2026-08-19T09:00,3,74.0,morning,1
B0008292,C01189,DXB-MAR,2026-08-19T10:00,3,88.0,morning,1
B0008293,C00759,DXB-MOE,2026-08-19T11:00,2,58.0,midday,1
B0008294,C01042,DXB-DTN,2026-08-19T12:00,1,18.0,midday,1
B0008295,C02292,DXB-MOE,2026-08-19T12:00,1,26.0,midday,1
B0008296,C01192,DXB-MAR,2026-08-19T15:00,2,42.0,midday,1
B0008297,C02203,DXB-DTN,2026-08-19T16:00,4,94.0,midday,1
B0008298,C02372,DXB-DTN,2026-08-19T16:00,3,90.0,midday,1
B0008299,C01585,DXB-MOE,2026-08-19T18:00,1,18.0,evening,1
B0008300,C00057,DXB-MAR,2026-08-19T18:00,1,32.0,evening,1
B0008301,C01094,DXB-MOE,2026-08-19T19:00,2,56.0,evening,1
B0008302,C02051,DXB-MOE,2026-08-19T19:00,1,24.0,evening,1
B0008303,C01860,DXB-MAR,2026-08-19T19:00,1,26.0,evening,1
B0008304,C00759,DXB-DTN,2026-08-19T20:00,2,50.0,evening,1
B0008305,C01340,DXB-MOE,2026-08-19T20:00,2,44.0,evening,1
B0008306,C00802,DXB-MOE,2026-08-19T20:00,3,68.0,evening,1
B0008307,C01758,DXB-MOE,2026-08-19T21:00,1,32.0,evening,1
B0008308,C00754,DXB-MAR,2026-08-19T21:00,1,24.0,evening,1
B0008309,C02332,DXB-MAR,2026-08-19T21:00,3,62.0,evening,1
B0008310,C02258,DXB-DTN,2026-08-19T22:00,1,32.0,evening,1
B0008311,C01337,DXB-DEI,2026-08-20T07:00,2,58.0,morning,1
B0008312,C00663,DXB-DTN,2026-08-20T08:00,3,76.0,morning,1
B0008313,C01303,DXB-MAR,2026-08-20T08:00,1,26.0,morning,1
B0008314,C01452,DXB-DEI,2026-08-20T08:00,1,24.0,morning,1
B0008315,C00726,DXB-DEI,2026-08-20T08:00,1,18.0,morning,1
B0008316,C01134,DXB-DEI,2026-08-20T09:00,1,18.0,morning,1
B0008317,C00677,DXB-MOE,2026-08-20T10:00,1,24.0,morning,1
B0008318,C00544,DXB-MAR,2026-08-20T10:00,2,58.0,morning,1
B0008319,C00871,DXB-DTN,2026-08-20T11:00,1,32.0,midday,1
B0008320,C01133,DXB-DTN,2026-08-20T15:00,2,50.0,midday,1
B0008321,C00986,DXB-MAR,2026-08-20T19:00,3,76.0,evening,1
B0008322,C02177,DXB-DTN,2026-08-20T20:00,1,32.0,evening,1
B0008323,C00135,DXB-DTN,2026-08-20T20:00,1,32.0,evening,1
B0008324,C01861,DXB-DEI,2026-08-20T20:00,2,50.0,evening,1
B0008325,C00257,DXB-DEI,2026-08-20T20:00,1,24.0,evening,1
B0008326,C01902,DXB-DTN,2026-08-20T21:00,1,24.0,evening,1
B0008327,C00215,DXB-MOE,2026-08-20T21:00,1,18.0,evening,1
B0008328,C00935,DXB-DTN,2026-08-20T22:00,2,56.0,evening,1
B0008329,C01463,DXB-DEI,2026-08-21T07:00,1,24.0,morning,1
B0008330,C00273,DXB-MAR,2026-08-21T08:00,1,24.0,morning,1
B0008331,C00850,DXB-MOE,2026-08-21T09:00,1,26.0,morning,1
B0008332,C01350,DXB-MOE,2026-08-21T09:00,1,18.0,morning,1
B0008333,C01793,DXB-MAR,2026-08-21T09:00,1,18.0,morning,1
B0008334,C00739,DXB-MAR,2026-08-21T09:00,1,18.0,morning,1
B0008335,C01405,DXB-MAR,2026-08-21T11:00,2,50.0,midday,1
B0008336,C01766,DXB-MOE,2026-08-21T12:00,2,56.0,midday,1
B0008337,C00883,DXB-MOE,2026-08-21T14:00,1,18.0,midday,1
B0008338,C01517,DXB-MAR,2026-08-21T14:00,1,32.0,midday,1
B0008339,C00608,DXB-DTN,2026-08-21T16:00,1,26.0,midday,1
B0008340,C01322,DXB-MOE,2026-08-21T16:00,2,50.0,midday,1
B0008341,C01908,DXB-DTN,2026-08-21T17:00,2,44.0,evening,1
B0008342,C02198,DXB-MAR,2026-08-21T17:00,1,18.0,evening,1
B0008343,C00850,DXB-MAR,2026-08-21T17:00,2,58.0,evening,1
B0008344,C02208,DXB-DEI,2026-08-21T17:00,4,96.0,evening,1
B0008345,C01619,DXB-DTN,2026-08-21T19:00,2,56.0,evening,1
B0008346,C01010,DXB-MAR,2026-08-21T19:00,2,36.0,evening,1
B0008347,C00659,DXB-DTN,2026-08-21T20:00,1,18.0,evening,1
B0008348,C01424,DXB-DTN,2026-08-21T20:00,1,32.0,evening,1
B0008349,C01044,DXB-MAR,2026-08-21T20:00,2,58.0,evening,1
B0008350,C02174,DXB-MAR,2026-08-21T20:00,2,58.0,evening,1
B0008351,C01135,DXB-MOE,2026-08-21T21:00,3,68.0,evening,1
B0008352,C01890,DXB-MOE,2026-08-21T22:00,2,48.0,evening,1
B0008353,C01862,DXB-MAR,2026-08-21T22:00,2,50.0,evening,1
B0008354,C02259,DXB-MAR,2026-08-21T22:00,1,18.0,evening,1
B0008355,C00130,DXB-MAR,2026-08-21T23:00,2,64.0,evening,1
B0008356,C00824,DXB-MAR,2026-08-21T23:00,1,26.0,evening,1
B0008357,C00676,DXB-MAR,2026-08-21T23:00,1,24.0,evening,1
B0008358,C00168,DXB-DEI,2026-08-22T07:00,1,32.0,morning,1
B0008359,C00595,DXB-MOE,2026-08-22T08:00,3,68.0,morning,1
B0008360,C02235,DXB-DEI,2026-08-22T08:00,1,18.0,morning,1
B0008361,C01316,DXB-DEI,2026-08-22T08:00,1,18.0,morning,1
B0008362,C01861,DXB-MOE,2026-08-22T09:00,1,18.0,morning,1
B0008363,C01572,DXB-MAR,2026-08-22T09:00,2,50.0,morning,1
B0008364,C00448,DXB-DTN,2026-08-22T10:00,1,24.0,morning,1
B0008365,C00773,DXB-MOE,2026-08-22T15:00,2,50.0,midday,1
B0008366,C00089,DXB-MOE,2026-08-22T15:00,1,26.0,midday,1
B0008367,C00409,DXB-MOE,2026-08-22T15:00,1,18.0,midday,1
B0008368,C00491,DXB-MOE,2026-08-22T16:00,1,26.0,midday,1
B0008369,C00789,DXB-MOE,2026-08-22T16:00,1,24.0,midday,1
B0008370,C00268,DXB-MOE,2026-08-22T17:00,2,50.0,evening,1
B0008371,C01128,DXB-MOE,2026-08-22T17:00,1,24.0,evening,1
B0008372,C01463,DXB-MOE,2026-08-22T17:00,3,90.0,evening,1
B0008373,C01337,DXB-MAR,2026-08-22T17:00,1,32.0,evening,1
B0008374,C00789,DXB-MAR,2026-08-22T17:00,1,24.0,evening,1
B0008375,C02053,DXB-MAR,2026-08-22T17:00,2,50.0,evening,1
B0008376,C01952,DXB-DTN,2026-08-22T18:00,1,26.0,evening,1
B0008377,C01663,DXB-MOE,2026-08-22T20:00,1,26.0,evening,1
B0008378,C00208,DXB-MOE,2026-08-22T21:00,1,24.0,evening,1
B0008379,C00966,DXB-MOE,2026-08-22T21:00,1,32.0,evening,1
B0008380,C00116,DXB-MOE,2026-08-22T21:00,1,26.0,evening,1
B0008381,C01337,DXB-MOE,2026-08-22T21:00,1,18.0,evening,1
B0008382,C01783,DXB-MAR,2026-08-22T21:00,2,56.0,evening,1
B0008383,C01807,DXB-DTN,2026-08-22T22:00,1,32.0,evening,1
B0008384,C00979,DXB-MOE,2026-08-22T22:00,2,50.0,evening,1
B0008385,C01786,DXB-DEI,2026-08-23T06:00,3,82.0,morning,1
B0008386,C01929,DXB-DEI,2026-08-23T08:00,2,50.0,morning,1
B0008387,C00322,DXB-DTN,2026-08-23T09:00,2,44.0,morning,1
B0008388,C00687,DXB-MOE,2026-08-23T09:00,1,26.0,morning,1
B0008389,C00370,DXB-DEI,2026-08-23T09:00,1,18.0,morning,1
B0008390,C01218,DXB-DEI,2026-08-23T10:00,2,56.0,morning,1
B0008391,C01050,DXB-MOE,2026-08-23T12:00,3,62.0,midday,1
B0008392,C00703,DXB-DTN,2026-08-23T16:00,1,24.0,midday,1
B0008393,C00595,DXB-MOE,2026-08-23T16:00,2,36.0,midday,1
B0008394,C01376,DXB-MOE,2026-08-23T16:00,2,64.0,midday,1
B0008395,C01541,DXB-MOE,2026-08-23T17:00,2,52.0,evening,1
B0008396,C02083,DXB-MOE,2026-08-23T18:00,1,18.0,evening,1
B0008397,C00830,DXB-MAR,2026-08-23T19:00,1,32.0,evening,1
B0008398,C00330,DXB-DTN,2026-08-23T20:00,3,90.0,evening,1
B0008399,C00909,DXB-MOE,2026-08-23T20:00,1,24.0,evening,1
B0008400,C02398,DXB-MOE,2026-08-23T20:00,1,26.0,evening,1
B0008401,C00690,DXB-DTN,2026-08-23T21:00,1,18.0,evening,1
B0008402,C00067,DXB-DTN,2026-08-23T21:00,4,86.0,evening,1
B0008403,C01997,DXB-MOE,2026-08-23T21:00,1,24.0,evening,1
B0008404,C01701,DXB-MOE,2026-08-23T22:00,1,32.0,evening,1
B0008405,C00630,DXB-MAR,2026-08-23T22:00,1,26.0,evening,1
B0008406,C02165,DXB-DTN,2026-08-24T07:00,2,50.0,morning,1
B0008407,C01105,DXB-DEI,2026-08-24T08:00,1,18.0,morning,1
B0008408,C00870,DXB-DTN,2026-08-24T09:00,2,58.0,morning,1
B0008409,C00277,DXB-DTN,2026-08-24T09:00,1,26.0,morning,1
B0008410,C02175,DXB-MAR,2026-08-24T09:00,2,64.0,morning,1
B0008411,C01406,DXB-DTN,2026-08-24T10:00,1,24.0,morning,1
B0008412,C00626,DXB-MOE,2026-08-24T12:00,1,24.0,midday,1
B0008413,C00501,DXB-DTN,2026-08-24T14:00,1,18.0,midday,1
B0008414,C00567,DXB-MOE,2026-08-24T16:00,1,24.0,midday,1
B0008415,C01376,DXB-MOE,2026-08-24T17:00,2,50.0,evening,1
B0008416,C00401,DXB-MAR,2026-08-24T17:00,2,50.0,evening,1
B0008417,C01227,DXB-MAR,2026-08-24T17:00,1,32.0,evening,1
B0008418,C01253,DXB-DEI,2026-08-24T17:00,2,36.0,evening,1
B0008419,C01933,DXB-DEI,2026-08-24T17:00,1,26.0,evening,1
B0008420,C00731,DXB-DTN,2026-08-24T18:00,1,26.0,evening,1
B0008421,C00474,DXB-DEI,2026-08-24T18:00,2,58.0,evening,1
B0008422,C01813,DXB-MOE,2026-08-24T20:00,1,32.0,evening,1
B0008423,C00344,DXB-MAR,2026-08-24T20:00,1,26.0,evening,1
B0008424,C01851,DXB-MAR,2026-08-24T21:00,1,18.0,evening,1
B0008425,C00329,DXB-MAR,2026-08-24T21:00,1,26.0,evening,1
B0008426,C00275,DXB-DTN,2026-08-24T22:00,2,42.0,evening,1
B0008427,C01546,DXB-MOE,2026-08-24T22:00,1,26.0,evening,1
B0008428,C02009,DXB-MAR,2026-08-24T22:00,2,56.0,evening,1
B0008429,C00426,DXB-MAR,2026-08-24T23:00,2,58.0,evening,1
B0008430,C01236,DXB-DTN,2026-08-25T09:00,1,26.0,morning,1
B0008431,C01373,DXB-MOE,2026-08-25T09:00,1,32.0,morning,1
B0008432,C01111,DXB-DTN,2026-08-25T10:00,1,26.0,morning,1
B0008433,C00309,DXB-MAR,2026-08-25T10:00,2,58.0,morning,1
B0008434,C00092,DXB-MOE,2026-08-25T11:00,1,24.0,midday,1
B0008435,C00020,DXB-MOE,2026-08-25T11:00,1,26.0,midday,1
B0008436,C00248,DXB-MOE,2026-08-25T13:00,2,50.0,midday,1
B0008437,C02233,DXB-MOE,2026-08-25T13:00,2,48.0,midday,1
B0008438,C00092,DXB-DEI,2026-08-25T14:00,1,26.0,midday,1
B0008439,C01810,DXB-MOE,2026-08-25T15:00,1,32.0,midday,1
B0008440,C02080,DXB-DTN,2026-08-25T16:00,2,50.0,midday,1
B0008441,C00802,DXB-MOE,2026-08-25T16:00,2,44.0,midday,1
B0008442,C01862,DXB-MOE,2026-08-25T16:00,2,50.0,midday,1
B0008443,C01337,DXB-MAR,2026-08-25T17:00,2,50.0,evening,1
B0008444,C02013,DXB-MAR,2026-08-25T17:00,1,32.0,evening,1
B0008445,C00867,DXB-MOE,2026-08-25T21:00,2,56.0,evening,1
B0008446,C01905,DXB-MAR,2026-08-25T21:00,2,56.0,evening,1
B0008447,C01720,DXB-MAR,2026-08-25T21:00,2,58.0,evening,1
B0008448,C00495,DXB-MAR,2026-08-25T22:00,3,74.0,evening,1
B0008449,C01631,DXB-DEI,2026-08-26T08:00,1,26.0,morning,1
B0008450,C01613,DXB-DTN,2026-08-26T09:00,3,62.0,morning,1
B0008451,C01048,DXB-DEI,2026-08-26T09:00,2,50.0,morning,1
B0008452,C01782,DXB-DEI,2026-08-26T09:00,2,52.0,morning,1
B0008453,C01127,DXB-DTN,2026-08-26T10:00,2,56.0,morning,1
B0008454,C01118,DXB-DTN,2026-08-26T11:00,2,50.0,midday,1
B0008455,C00117,DXB-MAR,2026-08-26T11:00,2,58.0,midday,1
B0008456,C02245,DXB-MOE,2026-08-26T12:00,2,58.0,midday,1
B0008457,C01685,DXB-DTN,2026-08-26T13:00,2,64.0,midday,1
B0008458,C01769,DXB-MAR,2026-08-26T13:00,3,68.0,midday,1
B0008459,C00109,DXB-MOE,2026-08-26T14:00,1,26.0,midday,1
B0008460,C00377,DXB-MOE,2026-08-26T15:00,1,18.0,midday,1
B0008461,C01094,DXB-MAR,2026-08-26T15:00,1,26.0,midday,1
B0008462,C00262,DXB-DEI,2026-08-26T15:00,3,76.0,midday,1
B0008463,C00495,DXB-MAR,2026-08-26T17:00,1,24.0,evening,1
B0008464,C00495,DXB-DEI,2026-08-26T17:00,1,24.0,evening,1
B0008465,C00763,DXB-DTN,2026-08-26T18:00,1,24.0,evening,1
B0008466,C01653,DXB-MOE,2026-08-26T18:00,2,44.0,evening,1
B0008467,C00836,DXB-DEI,2026-08-26T20:00,3,68.0,evening,1
B0008468,C01076,DXB-DTN,2026-08-26T21:00,1,32.0,evening,1
B0008469,C02382,DXB-DTN,2026-08-26T21:00,2,44.0,evening,1
B0008470,C00859,DXB-MOE,2026-08-26T22:00,1,32.0,evening,1
B0008471,C02051,DXB-MAR,2026-08-26T22:00,2,50.0,evening,1
B0008472,C01573,DXB-MAR,2026-08-26T22:00,2,50.0,evening,1
B0008473,C01865,DXB-MAR,2026-08-26T22:00,1,18.0,evening,1
B0008474,C00909,DXB-MAR,2026-08-26T22:00,2,48.0,evening,1
B0008475,C00950,DXB-MAR,2026-08-26T23:00,2,56.0,evening,1
B0008476,C01353,DXB-DTN,2026-08-27T07:00,1,32.0,morning,1
B0008477,C01415,DXB-DEI,2026-08-27T07:00,3,82.0,morning,1
B0008478,C01780,DXB-MAR,2026-08-27T08:00,3,74.0,morning,1
B0008479,C00418,DXB-DEI,2026-08-27T08:00,1,24.0,morning,1
B0008480,C00495,DXB-MOE,2026-08-27T09:00,2,44.0,morning,1
B0008481,C02004,DXB-MAR,2026-08-27T09:00,3,76.0,morning,1
B0008482,C01412,DXB-DTN,2026-08-27T10:00,2,52.0,morning,1
B0008483,C01371,DXB-DTN,2026-08-27T10:00,3,76.0,morning,1
B0008484,C02136,DXB-DTN,2026-08-27T10:00,2,58.0,morning,1
B0008485,C01527,DXB-MAR,2026-08-27T10:00,2,52.0,morning,1
B0008486,C01907,DXB-MOE,2026-08-27T12:00,2,64.0,midday,1
B0008487,C02248,DXB-MOE,2026-08-27T14:00,1,18.0,midday,1
B0008488,C01824,DXB-MOE,2026-08-27T14:00,1,32.0,midday,1
B0008489,C01986,DXB-MOE,2026-08-27T15:00,1,24.0,midday,1
B0008490,C01210,DXB-DEI,2026-08-27T16:00,1,32.0,midday,1
B0008491,C01729,DXB-MAR,2026-08-27T17:00,1,26.0,evening,1
B0008492,C02065,DXB-MAR,2026-08-27T18:00,1,24.0,evening,1
B0008493,C02122,DXB-DTN,2026-08-27T19:00,1,18.0,evening,1
B0008494,C00759,DXB-MOE,2026-08-27T19:00,1,24.0,evening,1
B0008495,C01353,DXB-DEI,2026-08-27T19:00,2,64.0,evening,1
B0008496,C00959,DXB-DTN,2026-08-27T20:00,1,26.0,evening,1
B0008497,C00143,DXB-MAR,2026-08-27T20:00,1,32.0,evening,1
B0008498,C02083,DXB-MOE,2026-08-27T21:00,2,36.0,evening,1
B0008499,C01499,DXB-MAR,2026-08-27T21:00,1,32.0,evening,1
B0008500,C00197,DXB-MAR,2026-08-27T21:00,2,50.0,evening,1
B0008501,C00629,DXB-MAR,2026-08-27T21:00,1,32.0,evening,1
B0008502,C00778,DXB-MOE,2026-08-27T22:00,1,18.0,evening,1
B0008503,C02148,DXB-MAR,2026-08-27T22:00,3,70.0,evening,1
B0008504,C00495,DXB-MAR,2026-08-27T22:00,2,56.0,evening,1
B0008505,C00759,DXB-MAR,2026-08-27T23:00,3,82.0,evening,1
B0008506,C00068,DXB-DEI,2026-08-28T07:00,2,58.0,morning,1
B0008507,C00130,DXB-DTN,2026-08-28T08:00,2,64.0,morning,1
B0008508,C00305,DXB-DTN,2026-08-28T08:00,1,32.0,morning,1
B0008509,C00984,DXB-MOE,2026-08-28T08:00,2,58.0,morning,1
B0008510,C02316,DXB-MAR,2026-08-28T08:00,2,36.0,morning,1
B0008511,C00584,DXB-MAR,2026-08-28T08:00,3,68.0,morning,1
B0008512,C01851,DXB-MAR,2026-08-28T08:00,2,50.0,morning,1
B0008513,C00659,DXB-DEI,2026-08-28T08:00,1,32.0,morning,1
B0008514,C00072,DXB-MOE,2026-08-28T09:00,1,26.0,morning,1
B0008515,C01953,DXB-MAR,2026-08-28T09:00,2,58.0,morning,1
B0008516,C02259,DXB-DEI,2026-08-28T10:00,2,36.0,morning,1
B0008517,C01742,DXB-MOE,2026-08-28T11:00,2,56.0,midday,1
B0008518,C01363,DXB-MOE,2026-08-28T12:00,1,18.0,midday,1
B0008519,C01054,DXB-DTN,2026-08-28T13:00,2,50.0,midday,1
B0008520,C00314,DXB-MOE,2026-08-28T14:00,2,56.0,midday,1
B0008521,C00444,DXB-DTN,2026-08-28T15:00,1,26.0,midday,1
B0008522,C01334,DXB-DTN,2026-08-28T16:00,1,18.0,midday,1
B0008523,C00515,DXB-DTN,2026-08-28T17:00,1,24.0,evening,1
B0008524,C02372,DXB-MOE,2026-08-28T17:00,3,74.0,evening,1
B0008525,C01075,DXB-MOE,2026-08-28T17:00,4,114.0,evening,1
B0008526,C01181,DXB-DEI,2026-08-28T17:00,1,26.0,evening,1
B0008527,C00997,DXB-MOE,2026-08-28T18:00,1,18.0,evening,1
B0008528,C02338,DXB-MOE,2026-08-28T19:00,4,100.0,evening,1
B0008529,C00135,DXB-MOE,2026-08-28T19:00,1,18.0,evening,1
B0008530,C00540,DXB-DEI,2026-08-28T19:00,1,24.0,evening,1
B0008531,C01759,DXB-DTN,2026-08-28T20:00,1,18.0,evening,1
B0008532,C00175,DXB-MAR,2026-08-28T20:00,1,24.0,evening,1
B0008533,C00759,DXB-MAR,2026-08-28T20:00,3,68.0,evening,1
B0008534,C02393,DXB-MAR,2026-08-28T20:00,2,50.0,evening,1
B0008535,C01678,DXB-DTN,2026-08-28T21:00,1,18.0,evening,1
B0008536,C00037,DXB-MOE,2026-08-28T21:00,3,96.0,evening,1
B0008537,C01412,DXB-MAR,2026-08-28T21:00,1,26.0,evening,1
B0008538,C01546,DXB-MOE,2026-08-28T22:00,3,76.0,evening,1
B0008539,C00073,DXB-MAR,2026-08-28T22:00,3,76.0,evening,1
B0008540,C00642,DXB-DTN,2026-08-29T07:00,1,24.0,morning,1
B0008541,C00853,DXB-MAR,2026-08-29T07:00,1,18.0,morning,1
B0008542,C01586,DXB-DEI,2026-08-29T07:00,3,82.0,morning,1
B0008543,C00953,DXB-DEI,2026-08-29T07:00,2,36.0,morning,1
B0008544,C01337,DXB-DTN,2026-08-29T08:00,2,42.0,morning,1
B0008545,C00928,DXB-MAR,2026-08-29T08:00,1,26.0,morning,1
B0008546,C01862,DXB-DEI,2026-08-29T09:00,2,36.0,morning,1
B0008547,C01337,DXB-MOE,2026-08-29T11:00,1,26.0,midday,1
B0008548,C02344,DXB-MOE,2026-08-29T13:00,3,62.0,midday,1
B0008549,C01569,DXB-MOE,2026-08-29T14:00,2,44.0,midday,1
B0008550,C00939,DXB-MOE,2026-08-29T15:00,1,26.0,midday,1
B0008551,C00256,DXB-MAR,2026-08-29T16:00,1,24.0,midday,1
B0008552,C01997,DXB-MAR,2026-08-29T16:00,1,26.0,midday,1
B0008553,C02010,DXB-MOE,2026-08-29T18:00,2,50.0,evening,1
B0008554,C02075,DXB-MOE,2026-08-29T18:00,1,18.0,evening,1
B0008555,C00638,DXB-MOE,2026-08-29T19:00,3,76.0,evening,1
B0008556,C00092,DXB-MOE,2026-08-29T21:00,1,24.0,evening,1
B0008557,C02062,DXB-MAR,2026-08-29T21:00,2,58.0,evening,1
B0008558,C01107,DXB-MAR,2026-08-29T21:00,1,26.0,evening,1
B0008559,C02356,DXB-DTN,2026-08-29T22:00,2,48.0,evening,1
B0008560,C00371,DXB-MAR,2026-08-29T22:00,1,18.0,evening,1
B0008561,C01176,DXB-MAR,2026-08-29T23:00,1,24.0,evening,1
B0008562,C01861,DXB-DEI,2026-08-30T07:00,3,76.0,morning,1
B0008563,C01552,DXB-DTN,2026-08-30T08:00,2,58.0,morning,1
B0008564,C02378,DXB-MAR,2026-08-30T08:00,3,90.0,morning,1
B0008565,C01669,DXB-DEI,2026-08-30T08:00,1,32.0,morning,1
B0008566,C00819,DXB-DTN,2026-08-30T09:00,1,26.0,morning,1
B0008567,C01001,DXB-DTN,2026-08-30T09:00,2,50.0,morning,1
B0008568,C00586,DXB-MOE,2026-08-30T09:00,2,50.0,morning,1
B0008569,C02018,DXB-MAR,2026-08-30T09:00,1,24.0,morning,1
B0008570,C02167,DXB-DEI,2026-08-30T09:00,2,42.0,morning,1
B0008571,C02362,DXB-MOE,2026-08-30T13:00,1,18.0,midday,1
B0008572,C00159,DXB-DEI,2026-08-30T17:00,1,32.0,evening,1
B0008573,C01907,DXB-DTN,2026-08-30T18:00,1,32.0,evening,1
B0008574,C01789,DXB-MOE,2026-08-30T18:00,3,74.0,evening,1
B0008575,C02309,DXB-MAR,2026-08-30T18:00,3,80.0,evening,1
B0008576,C00801,DXB-MOE,2026-08-30T19:00,1,26.0,evening,1
B0008577,C01516,DXB-MOE,2026-08-30T19:00,2,56.0,evening,1
B0008578,C02138,DXB-MAR,2026-08-30T19:00,1,24.0,evening,1
B0008579,C02208,DXB-MOE,2026-08-30T21:00,1,18.0,evening,1
B0008580,C00152,DXB-MAR,2026-08-30T21:00,2,50.0,evening,1
B0008581,C00017,DXB-MAR,2026-08-31T08:00,3,60.0,morning,1
B0008582,C01424,DXB-MAR,2026-08-31T08:00,4,98.0,morning,1
B0008583,C00802,DXB-DEI,2026-08-31T08:00,1,18.0,morning,1
B0008584,C00035,DXB-DTN,2026-08-31T09:00,1,32.0,morning,1
B0008585,C00742,DXB-DTN,2026-08-31T09:00,2,56.0,morning,1
B0008586,C02039,DXB-DTN,2026-08-31T09:00,1,32.0,morning,1
B0008587,C01045,DXB-DTN,2026-08-31T09:00,3,84.0,morning,1
B0008588,C00983,DXB-MOE,2026-08-31T09:00,2,58.0,morning,1
B0008589,C01513,DXB-MAR,2026-08-31T09:00,3,68.0,morning,1
B0008590,C00484,DXB-DEI,2026-08-31T09:00,3,74.0,morning,1
B0008591,C01491,DXB-DTN,2026-08-31T10:00,3,88.0,morning,1
B0008592,C00495,DXB-MOE,2026-08-31T10:00,2,42.0,morning,1
B0008593,C01761,DXB-MAR,2026-08-31T10:00,1,24.0,morning,1
B0008594,C00544,DXB-MAR,2026-08-31T10:00,1,18.0,morning,1
B0008595,C01892,DXB-DEI,2026-08-31T10:00,2,42.0,morning,1
B0008596,C01383,DXB-DTN,2026-08-31T12:00,2,56.0,midday,1
B0008597,C00488,DXB-MOE,2026-08-31T12:00,1,18.0,midday,1
B0008598,C00883,DXB-MOE,2026-08-31T12:00,1,32.0,midday,1
B0008599,C01394,DXB-MOE,2026-08-31T13:00,2,52.0,midday,1
B0008600,C00344,DXB-MOE,2026-08-31T13:00,4,100.0,midday,1
B0008601,C00143,DXB-MOE,2026-08-31T13:00,2,56.0,midday,1
B0008602,C01032,DXB-MOE,2026-08-31T14:00,2,50.0,midday,1
B0008603,C01363,DXB-MOE,2026-08-31T16:00,2,56.0,midday,1
B0008604,C00806,DXB-DTN,2026-08-31T17:00,1,24.0,evening,1
B0008605,C01671,DXB-DTN,2026-08-31T17:00,3,76.0,evening,1
B0008606,C01923,DXB-DTN,2026-08-31T17:00,1,26.0,evening,1
B0008607,C00215,DXB-MAR,2026-08-31T18:00,2,44.0,evening,1
B0008608,C00092,DXB-MOE,2026-08-31T19:00,1,26.0,evening,1
B0008609,C01678,DXB-DTN,2026-08-31T20:00,2,50.0,evening,1
B0008610,C00872,DXB-DTN,2026-08-31T20:00,1,32.0,evening,1
B0008611,C01757,DXB-DTN,2026-08-31T20:00,2,52.0,evening,1
B0008612,C00142,DXB-MOE,2026-08-31T20:00,2,42.0,evening,1
B0008613,C01709,DXB-MAR,2026-08-31T20:00,1,18.0,evening,1
B0008614,C00267,DXB-MOE,2026-08-31T22:00,2,50.0,evening,1
B0008615,C00928,DXB-MAR,2026-08-31T22:00,2,44.0,evening,1
B0008616,C01824,DXB-DEI,2026-09-01T06:00,3,80.0,morning,1
B0008617,C02077,DXB-DEI,2026-09-01T06:00,2,58.0,morning,1
B0008618,C00264,DXB-DEI,2026-09-01T07:00,1,18.0,morning,1
B0008619,C01815,DXB-MOE,2026-09-01T08:00,1,24.0,morning,1
B0008620,C00860,DXB-DEI,2026-09-01T08:00,3,84.0,morning,1
B0008621,C01684,DXB-MOE,2026-09-01T10:00,2,42.0,morning,1
B0008622,C01869,DXB-MOE,2026-09-01T10:00,2,52.0,morning,1
B0008623,C00408,DXB-DTN,2026-09-01T11:00,1,26.0,midday,1
B0008624,C00153,DXB-MOE,2026-09-01T11:00,1,18.0,midday,1
B0008625,C00583,DXB-MAR,2026-09-01T12:00,1,26.0,midday,1
B0008626,C00135,DXB-MOE,2026-09-01T14:00,1,32.0,midday,1
B0008627,C01344,DXB-MOE,2026-09-01T14:00,3,88.0,midday,1
B0008628,C00335,DXB-DTN,2026-09-01T15:00,3,88.0,midday,1
B0008629,C02098,DXB-MOE,2026-09-01T16:00,1,24.0,midday,1
B0008630,C00546,DXB-MAR,2026-09-01T16:00,1,24.0,midday,1
B0008631,C00032,DXB-MOE,2026-09-01T17:00,2,50.0,evening,1
B0008632,C00031,DXB-MOE,2026-09-01T18:00,1,18.0,evening,1
B0008633,C01406,DXB-MAR,2026-09-01T19:00,1,26.0,evening,1
B0008634,C01337,DXB-MAR,2026-09-01T20:00,2,36.0,evening,1
B0008635,C01176,DXB-DTN,2026-09-01T21:00,1,24.0,evening,1
B0008636,C01038,DXB-MOE,2026-09-01T22:00,1,32.0,evening,1
B0008637,C00037,DXB-MAR,2026-09-01T23:00,1,18.0,evening,1
B0008638,C01256,DXB-MAR,2026-09-01T23:00,1,26.0,evening,1
B0008639,C02039,DXB-MAR,2026-09-01T23:00,1,18.0,evening,1
B0008640,C00495,DXB-DEI,2026-09-02T07:00,1,24.0,morning,1
B0008641,C01446,DXB-MOE,2026-09-02T09:00,3,90.0,morning,1
B0008642,C01678,DXB-DTN,2026-09-02T10:00,1,24.0,morning,1
B0008643,C02241,DXB-MOE,2026-09-02T10:00,1,32.0,morning,1
B0008644,C00495,DXB-DTN,2026-09-02T12:00,3,76.0,midday,1
B0008645,C00547,DXB-MAR,2026-09-02T12:00,2,42.0,midday,1
B0008646,C00135,DXB-MOE,2026-09-02T13:00,2,42.0,midday,1
B0008647,C01824,DXB-MOE,2026-09-02T15:00,1,26.0,midday,1
B0008648,C01986,DXB-MOE,2026-09-02T16:00,1,18.0,midday,1
B0008649,C02332,DXB-MOE,2026-09-02T16:00,1,26.0,midday,1
B0008650,C00417,DXB-DTN,2026-09-02T17:00,3,82.0,evening,1
B0008651,C01737,DXB-MAR,2026-09-02T19:00,1,18.0,evening,1
B0008652,C02000,DXB-MAR,2026-09-02T19:00,1,32.0,evening,1
B0008653,C02227,DXB-DEI,2026-09-02T19:00,1,24.0,evening,1
B0008654,C01990,DXB-MAR,2026-09-02T21:00,1,18.0,evening,1
B0008655,C00362,DXB-DEI,2026-09-02T21:00,1,26.0,evening,1
B0008656,C02257,DXB-DTN,2026-09-02T22:00,3,74.0,evening,1
B0008657,C02019,DXB-MAR,2026-09-02T23:00,3,66.0,evening,1
B0008658,C00514,DXB-DEI,2026-09-03T07:00,1,32.0,morning,1
B0008659,C02058,DXB-DTN,2026-09-03T08:00,2,48.0,morning,1
B0008660,C00137,DXB-DEI,2026-09-03T08:00,2,50.0,morning,1
B0008661,C00495,DXB-MOE,2026-09-03T09:00,2,50.0,morning,1
B0008662,C00781,DXB-MAR,2026-09-03T09:00,2,42.0,morning,1
B0008663,C00209,DXB-DEI,2026-09-03T09:00,2,36.0,morning,1
B0008664,C00108,DXB-DTN,2026-09-03T11:00,1,18.0,midday,1
B0008665,C00092,DXB-MAR,2026-09-03T11:00,1,26.0,midday,1
B0008666,C01568,DXB-DTN,2026-09-03T12:00,3,82.0,midday,1
B0008667,C01225,DXB-MOE,2026-09-03T16:00,1,26.0,midday,1
B0008668,C00210,DXB-MAR,2026-09-03T16:00,3,62.0,midday,1
B0008669,C01880,DXB-DTN,2026-09-03T17:00,3,70.0,evening,1
B0008670,C02207,DXB-DEI,2026-09-03T18:00,1,24.0,evening,1
B0008671,C00092,DXB-DTN,2026-09-03T19:00,3,82.0,evening,1
B0008672,C01331,DXB-MAR,2026-09-03T19:00,2,48.0,evening,1
B0008673,C00130,DXB-MAR,2026-09-03T20:00,2,36.0,evening,1
B0008674,C01671,DXB-MOE,2026-09-03T21:00,2,58.0,evening,1
B0008675,C02165,DXB-MAR,2026-09-03T21:00,1,26.0,evening,1
B0008676,C02037,DXB-MAR,2026-09-03T21:00,3,76.0,evening,1
B0008677,C00254,DXB-DEI,2026-09-03T21:00,3,76.0,evening,1
B0008678,C01406,DXB-MAR,2026-09-03T22:00,1,32.0,evening,1
B0008679,C00654,DXB-MAR,2026-09-04T07:00,3,60.0,morning,1
B0008680,C00811,DXB-DEI,2026-09-04T07:00,2,56.0,morning,1
B0008681,C01249,DXB-DTN,2026-09-04T08:00,3,74.0,morning,1
B0008682,C00585,DXB-MAR,2026-09-04T09:00,1,26.0,morning,1
B0008683,C02015,DXB-DEI,2026-09-04T09:00,1,24.0,morning,1
B0008684,C01056,DXB-DTN,2026-09-04T10:00,2,50.0,morning,1
B0008685,C00975,DXB-MOE,2026-09-04T11:00,2,48.0,midday,1
B0008686,C01643,DXB-DTN,2026-09-04T12:00,1,32.0,midday,1
B0008687,C00012,DXB-DTN,2026-09-04T17:00,2,50.0,evening,1
B0008688,C01324,DXB-DTN,2026-09-04T17:00,2,36.0,evening,1
B0008689,C00175,DXB-MAR,2026-09-04T18:00,1,26.0,evening,1
B0008690,C01281,DXB-DTN,2026-09-04T19:00,1,32.0,evening,1
B0008691,C01102,DXB-DTN,2026-09-04T19:00,2,58.0,evening,1
B0008692,C00433,DXB-MAR,2026-09-04T19:00,1,32.0,evening,1
B0008693,C01353,DXB-DTN,2026-09-04T20:00,1,24.0,evening,1
B0008694,C00629,DXB-DTN,2026-09-04T20:00,1,24.0,evening,1
B0008695,C01422,DXB-DEI,2026-09-04T20:00,2,42.0,evening,1
B0008696,C01184,DXB-DTN,2026-09-04T22:00,2,44.0,evening,1
B0008697,C01962,DXB-MOE,2026-09-05T08:00,3,82.0,morning,1
B0008698,C00409,DXB-MOE,2026-09-05T09:00,2,48.0,morning,1
B0008699,C01377,DXB-MOE,2026-09-05T09:00,1,26.0,morning,1
B0008700,C01934,DXB-DEI,2026-09-05T09:00,1,24.0,morning,1
B0008701,C00892,DXB-MOE,2026-09-05T10:00,3,84.0,morning,1
B0008702,C00970,DXB-MOE,2026-09-05T10:00,2,50.0,morning,1
B0008703,C00021,DXB-DEI,2026-09-05T10:00,2,36.0,morning,1
B0008704,C01631,DXB-MAR,2026-09-05T12:00,1,32.0,midday,1
B0008705,C00036,DXB-DTN,2026-09-05T15:00,2,56.0,midday,1
B0008706,C00689,DXB-DTN,2026-09-05T18:00,2,36.0,evening,1
B0008707,C00891,DXB-MAR,2026-09-05T18:00,2,50.0,evening,1
B0008708,C00808,DXB-MAR,2026-09-05T18:00,1,18.0,evening,1
B0008709,C01062,DXB-MAR,2026-09-05T19:00,1,24.0,evening,1
B0008710,C01967,DXB-DEI,2026-09-05T19:00,2,50.0,evening,1
B0008711,C00379,DXB-DEI,2026-09-05T20:00,1,32.0,evening,1
B0008712,C01882,DXB-MOE,2026-09-05T22:00,1,24.0,evening,1
B0008713,C01967,DXB-DTN,2026-09-06T08:00,3,76.0,morning,1
B0008714,C00802,DXB-DTN,2026-09-06T09:00,1,26.0,morning,1
B0008715,C00782,DXB-MAR,2026-09-06T11:00,3,74.0,midday,1
B0008716,C01921,DXB-MOE,2026-09-06T13:00,3,68.0,midday,1
B0008717,C02058,DXB-MOE,2026-09-06T17:00,1,18.0,evening,1
B0008718,C00945,DXB-DTN,2026-09-06T19:00,1,18.0,evening,1
B0008719,C01754,DXB-DTN,2026-09-06T19:00,2,42.0,evening,1
B0008720,C00219,DXB-MOE,2026-09-06T21:00,2,56.0,evening,1
B0008721,C00044,DXB-MOE,2026-09-06T21:00,2,50.0,evening,1
B0008722,C02045,DXB-MAR,2026-09-06T22:00,4,102.0,evening,1
B0008723,C00064,DXB-MAR,2026-09-06T23:00,2,56.0,evening,1
B0008724,C01643,DXB-DTN,2026-09-07T07:00,1,18.0,morning,1
B0008725,C01699,DXB-DEI,2026-09-07T07:00,1,26.0,morning,1
B0008726,C00338,DXB-MAR,2026-09-07T09:00,2,56.0,morning,1
B0008727,C00095,DXB-MOE,2026-09-07T13:00,1,32.0,midday,1
B0008728,C00486,DXB-MOE,2026-09-07T15:00,2,50.0,midday,1
B0008729,C00101,DXB-MOE,2026-09-07T16:00,1,18.0,midday,1
B0008730,C00585,DXB-DTN,2026-09-07T17:00,1,26.0,evening,1
B0008731,C02228,DXB-DTN,2026-09-07T17:00,2,42.0,evening,1
B0008732,C01000,DXB-MAR,2026-09-07T18:00,1,18.0,evening,1
B0008733,C00985,DXB-MOE,2026-09-07T20:00,2,42.0,evening,1
B0008734,C00064,DXB-MAR,2026-09-07T20:00,2,44.0,evening,1
B0008735,C01700,DXB-MAR,2026-09-07T20:00,2,42.0,evening,1
B0008736,C00265,DXB-MAR,2026-09-07T21:00,2,50.0,evening,1
