event_id,series_key,title,category,venue_key,venue_name,lat,lon,start_date,end_date,days,scale,scale_weight,curated,date_confidence,source_url,licence,wikipedia_title,wikipedia_extract,wikipedia_url,segment_of
dsf-2024-12-06,dsf,Dubai Shopping Festival,retail,citywide,Citywide,25.2048,55.2708,2024-12-06,2025-01-12,38,major,1.0,1,annual_window,https://www.visitdubai.com/en/dubai-shopping-festival,"Curated by the project from public listings; each row links the organiser's own page. Wikipedia summaries, where present, are CC BY-SA 4.0.",Dubai Shopping Festival,"
Dubai Shopping Festival is an annual month long event put together by the Dubai Festivals & Retail Establishment (DFRE), which is a part of Dubai's Department of Economy and Tourism. During the festival, shops offer discounts on their merchandise, daily car raffles and prize drawings are held to win items such as gold and cars, and there is a fireworks display. There are also a range of family ac",https://en.wikipedia.org/wiki/Dubai_Shopping_Festival,
dsf-2025-12-06,dsf,Dubai Shopping Festival,retail,citywide,Citywide,25.2048,55.2708,2025-12-06,2026-01-12,38,major,1.0,1,annual_window,https://www.visitdubai.com/en/dubai-shopping-festival,"Curated by the project from public listings; each row links the organiser's own page. Wikipedia summaries, where present, are CC BY-SA 4.0.",Dubai Shopping Festival,"
Dubai Shopping Festival is an annual month long event put together by the Dubai Festivals & Retail Establishment (DFRE), which is a part of Dubai's Department of Economy and Tourism. During the festival, shops offer discounts on their merchandise, daily car raffles and prize drawings are held to win items such as gold and cars, and there is a fireworks display. There are also a range of family ac",https://en.wikipedia.org/wiki/Dubai_Shopping_Festival,
dsf-2026-12-06,dsf,Dubai Shopping Festival,retail,citywide,Citywide,25.2048,55.2708,2026-12-06,2027-01-12,38,major,1.0,1,annual_window,https://www.visitdubai.com/en/dubai-shopping-festival,"Curated by the project from public listings; each row links the organiser's own page. Wikipedia summaries, where present, are CC BY-SA 4.0.",Dubai Shopping Festival,"
Dubai Shopping Festival is an annual month long event put together by the Dubai Festivals & Retail Establishment (DFRE), which is a part of Dubai's Department of Economy and Tourism. During the festival, shops offer discounts on their merchandise, daily car raffles and prize drawings are held to win items such as gold and cars, and there is a fireworks display. There are also a range of family ac",https://en.wikipedia.org/wiki/Dubai_Shopping_Festival,
dss-2024-06-28-s3,dss,Dubai Summer Surprises (August 2024),retail,citywide,Citywide,25.2048,55.2708,2024-08-01,2024-08-31,31,large,0.75,1,annual_window,https://www.visitdubai.com/,"Curated by the project from public listings; each row links the organiser's own page. Wikipedia summaries, where present, are CC BY-SA 4.0.",,,,dss-2024-06-28
dss-2025-06-28-s1,dss,Dubai Summer Surprises (June 2025),retail,citywide,Citywide,25.2048,55.2708,2025-06-28,2025-06-30,3,large,0.75,1,annual_window,https://www.visitdubai.com/,"Curated by the project from public listings; each row links the organiser's own page. Wikipedia summaries, where present, are CC BY-SA 4.0.",,,,dss-2025-06-28
dss-2025-06-28-s2,dss,Dubai Summer Surprises (July 2025),retail,citywide,Citywide,25.2048,55.2708,2025-07-01,2025-07-31,31,large,0.75,1,annual_window,https://www.visitdubai.com/,"Curated by the project from public listings; each row links the organiser's own page. Wikipedia summaries, where present, are CC BY-SA 4.0.",,,,dss-2025-06-28
dss-2025-06-28-s3,dss,Dubai Summer Surprises (August 2025),retail,citywide,Citywide,25.2048,55.2708,2025-08-01,2025-08-31,31,large,0.75,1,annual_window,https://www.visitdubai.com/,"Curated by the project from public listings; each row links the organiser's own page. Wikipedia summaries, where present, are CC BY-SA 4.0.",,,,dss-2025-06-28
dss-2026-06-28-s1,dss,Dubai Summer Surprises (June 2026),retail,citywide,Citywide,25.2048,55.2708,2026-06-28,2026-06-30,3,large,0.75,1,annual_window,https://www.visitdubai.com/,"Curated by the project from public listings; each row links the organiser's own page. Wikipedia summaries, where present, are CC BY-SA 4.0.",,,,dss-2026-06-28
dss-2026-06-28-s2,dss,Dubai Summer Surprises (July 2026),retail,citywide,Citywide,25.2048,55.2708,2026-07-01,2026-07-31,31,large,0.75,1,annual_window,https://www.visitdubai.com/,"Curated by the project from public listings; each row links the organiser's own page. Wikipedia summaries, where present, are CC BY-SA 4.0.",,,,dss-2026-06-28
dss-2026-06-28-s3,dss,Dubai Summer Surprises (August 2026),retail,citywide,Citywide,25.2048,55.2708,2026-08-01,2026-08-31,31,large,0.75,1,annual_window,https://www.visitdubai.com/,"Curated by the project from public listings; each row links the organiser's own page. Wikipedia summaries, where present, are CC BY-SA 4.0.",,,,dss-2026-06-28
dss-2027-06-28-s1,dss,Dubai Summer Surprises (June 2027),retail,citywide,Citywide,25.2048,55.2708,2027-06-28,2027-06-30,3,large,0.75,1,annual_window,https://www.visitdubai.com/,"Curated by the project from public listings; each row links the organiser's own page. Wikipedia summaries, where present, are CC BY-SA 4.0.",,,,dss-2027-06-28
dss-2027-06-28-s2,dss,Dubai Summer Surprises (July 2027),retail,citywide,Citywide,25.2048,55.2708,2027-07-01,2027-07-31,31,large,0.75,1,annual_window,https://www.visitdubai.com/,"Curated by the project from public listings; each row links the organiser's own page. Wikipedia summaries, where present, are CC BY-SA 4.0.",,,,dss-2027-06-28
dss-2027-06-28-s3,dss,Dubai Summer Surprises (August 2027),retail,citywide,Citywide,25.2048,55.2708,2027-08-01,2027-08-31,31,large,0.75,1,annual_window,https://www.visitdubai.com/,"Curated by the project from public listings; each row links the organiser's own page. Wikipedia summaries, where present, are CC BY-SA 4.0.",,,,dss-2027-06-28
dff-2025-04-25,dff,Dubai Food Festival,festival,citywide,Citywide,25.2048,55.2708,2025-04-25,2025-05-12,18,large,0.75,1,annual_window,https://www.visitdubai.com/,"Curated by the project from public listings; each row links the organiser's own page. Wikipedia summaries, where present, are CC BY-SA 4.0.",,,,
dff-2026-04-25,dff,Dubai Food Festival,festival,citywide,Citywide,25.2048,55.2708,2026-04-25,2026-05-12,18,large,0.75,1,annual_window,https://www.visitdubai.com/,"Curated by the project from public listings; each row links the organiser's own page. Wikipedia summaries, where present, are CC BY-SA 4.0.",,,,
dff-2027-04-25,dff,Dubai Food Festival,festival,citywide,Citywide,25.2048,55.2708,2027-04-25,2027-05-12,18,large,0.75,1,annual_window,https://www.visitdubai.com/,"Curated by the project from public listings; each row links the organiser's own page. Wikipedia summaries, where present, are CC BY-SA 4.0.",,,,
dfc-2024-10-26,dfc,Dubai Fitness Challenge,sport,citywide,Citywide,25.2048,55.2708,2024-10-26,2024-11-24,30,large,0.75,1,annual_window,https://www.dubaifitnesschallenge.com/,"Curated by the project from public listings; each row links the organiser's own page. Wikipedia summaries, where present, are CC BY-SA 4.0.",,,,
dfc-2025-10-26,dfc,Dubai Fitness Challenge,sport,citywide,Citywide,25.2048,55.2708,2025-10-26,2025-11-24,30,large,0.75,1,annual_window,https://www.dubaifitnesschallenge.com/,"Curated by the project from public listings; each row links the organiser's own page. Wikipedia summaries, where present, are CC BY-SA 4.0.",,,,
dfc-2026-10-26,dfc,Dubai Fitness Challenge,sport,citywide,Citywide,25.2048,55.2708,2026-10-26,2026-11-24,30,large,0.75,1,annual_window,https://www.dubaifitnesschallenge.com/,"Curated by the project from public listings; each row links the organiser's own page. Wikipedia summaries, where present, are CC BY-SA 4.0.",,,,
globalvill-2024-10-16-s1,globalvill,Global Village season (October 2024),festival,globalvill,Global Village,25.07,55.308,2024-10-16,2024-10-31,16,major,1.0,1,annual_window,https://www.globalvillage.ae/,"Curated by the project from public listings; each row links the organiser's own page. Wikipedia summaries, where present, are CC BY-SA 4.0.",Global Village (Dubai),Global Village is a cultural destination in the city of Dubai. It has different pavilions to showcase the culture and traditions of each country across the Globe. It is also a festive carnival where different restaurants and places are located too. Global Village is a place where people can look at the culture of different countries and regions.,https://en.wikipedia.org/wiki/Global_Village_(Dubai),globalvill-2024-10-16
globalvill-2024-10-16-s2,globalvill,Global Village season (November 2024),festival,globalvill,Global Village,25.07,55.308,2024-11-01,2024-11-30,30,major,1.0,1,annual_window,https://www.globalvillage.ae/,"Curated by the project from public listings; each row links the organiser's own page. Wikipedia summaries, where present, are CC BY-SA 4.0.",Global Village (Dubai),Global Village is a cultural destination in the city of Dubai. It has different pavilions to showcase the culture and traditions of each country across the Globe. It is also a festive carnival where different restaurants and places are located too. Global Village is a place where people can look at the culture of different countries and regions.,https://en.wikipedia.org/wiki/Global_Village_(Dubai),globalvill-2024-10-16
globalvill-2024-10-16-s3,globalvill,Global Village season (December 2024),festival,globalvill,Global Village,25.07,55.308,2024-12-01,2024-12-31,31,major,1.0,1,annual_window,https://www.globalvillage.ae/,"Curated by the project from public listings; each row links the organiser's own page. Wikipedia summaries, where present, are CC BY-SA 4.0.",Global Village (Dubai),Global Village is a cultural destination in the city of Dubai. It has different pavilions to showcase the culture and traditions of each country across the Globe. It is also a festive carnival where different restaurants and places are located too. Global Village is a place where people can look at the culture of different countries and regions.,https://en.wikipedia.org/wiki/Global_Village_(Dubai),globalvill-2024-10-16
globalvill-2024-10-16-s4,globalvill,Global Village season (January 2025),festival,globalvill,Global Village,25.07,55.308,2025-01-01,2025-01-31,31,major,1.0,1,annual_window,https://www.globalvillage.ae/,"Curated by the project from public listings; each row links the organiser's own page. Wikipedia summaries, where present, are CC BY-SA 4.0.",Global Village (Dubai),Global Village is a cultural destination in the city of Dubai. It has different pavilions to showcase the culture and traditions of each country across the Globe. It is also a festive carnival where different restaurants and places are located too. Global Village is a place where people can look at the culture of different countries and regions.,https://en.wikipedia.org/wiki/Global_Village_(Dubai),globalvill-2024-10-16
globalvill-2024-10-16-s5,globalvill,Global Village season (February 2025),festival,globalvill,Global Village,25.07,55.308,2025-02-01,2025-02-28,28,major,1.0,1,annual_window,https://www.globalvillage.ae/,"Curated by the project from public listings; each row links the organiser's own page. Wikipedia summaries, where present, are CC BY-SA 4.0.",Global Village (Dubai),Global Village is a cultural destination in the city of Dubai. It has different pavilions to showcase the culture and traditions of each country across the Globe. It is also a festive carnival where different restaurants and places are located too. Global Village is a place where people can look at the culture of different countries and regions.,https://en.wikipedia.org/wiki/Global_Village_(Dubai),globalvill-2024-10-16
globalvill-2024-10-16-s6,globalvill,Global Village season (March 2025),festival,globalvill,Global Village,25.07,55.308,2025-03-01,2025-03-31,31,major,1.0,1,annual_window,https://www.globalvillage.ae/,"Curated by the project from public listings; each row links the organiser's own page. Wikipedia summaries, where present, are CC BY-SA 4.0.",Global Village (Dubai),Global Village is a cultural destination in the city of Dubai. It has different pavilions to showcase the culture and traditions of each country across the Globe. It is also a festive carnival where different restaurants and places are located too. Global Village is a place where people can look at the culture of different countries and regions.,https://en.wikipedia.org/wiki/Global_Village_(Dubai),globalvill-2024-10-16
globalvill-2024-10-16-s7,globalvill,Global Village season (April 2025),festival,globalvill,Global Village,25.07,55.308,2025-04-01,2025-04-30,30,major,1.0,1,annual_window,https://www.globalvillage.ae/,"Curated by the project from public listings; each row links the organiser's own page. Wikipedia summaries, where present, are CC BY-SA 4.0.",Global Village (Dubai),Global Village is a cultural destination in the city of Dubai. It has different pavilions to showcase the culture and traditions of each country across the Globe. It is also a festive carnival where different restaurants and places are located too. Global Village is a place where people can look at the culture of different countries and regions.,https://en.wikipedia.org/wiki/Global_Village_(Dubai),globalvill-2024-10-16
globalvill-2025-10-16-s1,globalvill,Global Village season (October 2025),festival,globalvill,Global Village,25.07,55.308,2025-10-16,2025-10-31,16,major,1.0,1,annual_window,https://www.globalvillage.ae/,"Curated by the project from public listings; each row links the organiser's own page. Wikipedia summaries, where present, are CC BY-SA 4.0.",Global Village (Dubai),Global Village is a cultural destination in the city of Dubai. It has different pavilions to showcase the culture and traditions of each country across the Globe. It is also a festive carnival where different restaurants and places are located too. Global Village is a place where people can look at the culture of different countries and regions.,https://en.wikipedia.org/wiki/Global_Village_(Dubai),globalvill-2025-10-16
globalvill-2025-10-16-s2,globalvill,Global Village season (November 2025),festival,globalvill,Global Village,25.07,55.308,2025-11-01,2025-11-30,30,major,1.0,1,annual_window,https://www.globalvillage.ae/,"Curated by the project from public listings; each row links the organiser's own page. Wikipedia summaries, where present, are CC BY-SA 4.0.",Global Village (Dubai),Global Village is a cultural destination in the city of Dubai. It has different pavilions to showcase the culture and traditions of each country across the Globe. It is also a festive carnival where different restaurants and places are located too. Global Village is a place where people can look at the culture of different countries and regions.,https://en.wikipedia.org/wiki/Global_Village_(Dubai),globalvill-2025-10-16
globalvill-2025-10-16-s3,globalvill,Global Village season (December 2025),festival,globalvill,Global Village,25.07,55.308,2025-12-01,2025-12-31,31,major,1.0,1,annual_window,https://www.globalvillage.ae/,"Curated by the project from public listings; each row links the organiser's own page. Wikipedia summaries, where present, are CC BY-SA 4.0.",Global Village (Dubai),Global Village is a cultural destination in the city of Dubai. It has different pavilions to showcase the culture and traditions of each country across the Globe. It is also a festive carnival where different restaurants and places are located too. Global Village is a place where people can look at the culture of different countries and regions.,https://en.wikipedia.org/wiki/Global_Village_(Dubai),globalvill-2025-10-16
globalvill-2025-10-16-s4,globalvill,Global Village season (January 2026),festival,globalvill,Global Village,25.07,55.308,2026-01-01,2026-01-31,31,major,1.0,1,annual_window,https://www.globalvillage.ae/,"Curated by the project from public listings; each row links the organiser's own page. Wikipedia summaries, where present, are CC BY-SA 4.0.",Global Village (Dubai),Global Village is a cultural destination in the city of Dubai. It has different pavilions to showcase the culture and traditions of each country across the Globe. It is also a festive carnival where different restaurants and places are located too. Global Village is a place where people can look at the culture of different countries and regions.,https://en.wikipedia.org/wiki/Global_Village_(Dubai),globalvill-2025-10-16
globalvill-2025-10-16-s5,globalvill,Global Village season (February 2026),festival,globalvill,Global Village,25.07,55.308,2026-02-01,2026-02-28,28,major,1.0,1,annual_window,https://www.globalvillage.ae/,"Curated by the project from public listings; each row links the organiser's own page. Wikipedia summaries, where present, are CC BY-SA 4.0.",Global Village (Dubai),Global Village is a cultural destination in the city of Dubai. It has different pavilions to showcase the culture and traditions of each country across the Globe. It is also a festive carnival where different restaurants and places are located too. Global Village is a place where people can look at the culture of different countries and regions.,https://en.wikipedia.org/wiki/Global_Village_(Dubai),globalvill-2025-10-16
globalvill-2025-10-16-s6,globalvill,Global Village season (March 2026),festival,globalvill,Global Village,25.07,55.308,2026-03-01,2026-03-31,31,major,1.0,1,annual_window,https://www.globalvillage.ae/,"Curated by the project from public listings; each row links the organiser's own page. Wikipedia summaries, where present, are CC BY-SA 4.0.",Global Village (Dubai),Global Village is a cultural destination in the city of Dubai. It has different pavilions to showcase the culture and traditions of each country across the Globe. It is also a festive carnival where different restaurants and places are located too. Global Village is a place where people can look at the culture of different countries and regions.,https://en.wikipedia.org/wiki/Global_Village_(Dubai),globalvill-2025-10-16
globalvill-2025-10-16-s7,globalvill,Global Village season (April 2026),festival,globalvill,Global Village,25.07,55.308,2026-04-01,2026-04-30,30,major,1.0,1,annual_window,https://www.globalvillage.ae/,"Curated by the project from public listings; each row links the organiser's own page. Wikipedia summaries, where present, are CC BY-SA 4.0.",Global Village (Dubai),Global Village is a cultural destination in the city of Dubai. It has different pavilions to showcase the culture and traditions of each country across the Globe. It is also a festive carnival where different restaurants and places are located too. Global Village is a place where people can look at the culture of different countries and regions.,https://en.wikipedia.org/wiki/Global_Village_(Dubai),globalvill-2025-10-16
globalvill-2026-10-16-s1,globalvill,Global Village season (October 2026),festival,globalvill,Global Village,25.07,55.308,2026-10-16,2026-10-31,16,major,1.0,1,annual_window,https://www.globalvillage.ae/,"Curated by the project from public listings; each row links the organiser's own page. Wikipedia summaries, where present, are CC BY-SA 4.0.",Global Village (Dubai),Global Village is a cultural destination in the city of Dubai. It has different pavilions to showcase the culture and traditions of each country across the Globe. It is also a festive carnival where different restaurants and places are located too. Global Village is a place where people can look at the culture of different countries and regions.,https://en.wikipedia.org/wiki/Global_Village_(Dubai),globalvill-2026-10-16
globalvill-2026-10-16-s2,globalvill,Global Village season (November 2026),festival,globalvill,Global Village,25.07,55.308,2026-11-01,2026-11-30,30,major,1.0,1,annual_window,https://www.globalvillage.ae/,"Curated by the project from public listings; each row links the organiser's own page. Wikipedia summaries, where present, are CC BY-SA 4.0.",Global Village (Dubai),Global Village is a cultural destination in the city of Dubai. It has different pavilions to showcase the culture and traditions of each country across the Globe. It is also a festive carnival where different restaurants and places are located too. Global Village is a place where people can look at the culture of different countries and regions.,https://en.wikipedia.org/wiki/Global_Village_(Dubai),globalvill-2026-10-16
globalvill-2026-10-16-s3,globalvill,Global Village season (December 2026),festival,globalvill,Global Village,25.07,55.308,2026-12-01,2026-12-31,31,major,1.0,1,annual_window,https://www.globalvillage.ae/,"Curated by the project from public listings; each row links the organiser's own page. Wikipedia summaries, where present, are CC BY-SA 4.0.",Global Village (Dubai),Global Village is a cultural destination in the city of Dubai. It has different pavilions to showcase the culture and traditions of each country across the Globe. It is also a festive carnival where different restaurants and places are located too. Global Village is a place where people can look at the culture of different countries and regions.,https://en.wikipedia.org/wiki/Global_Village_(Dubai),globalvill-2026-10-16
globalvill-2026-10-16-s4,globalvill,Global Village season (January 2027),festival,globalvill,Global Village,25.07,55.308,2027-01-01,2027-01-31,31,major,1.0,1,annual_window,https://www.globalvillage.ae/,"Curated by the project from public listings; each row links the organiser's own page. Wikipedia summaries, where present, are CC BY-SA 4.0.",Global Village (Dubai),Global Village is a cultural destination in the city of Dubai. It has different pavilions to showcase the culture and traditions of each country across the Globe. It is also a festive carnival where different restaurants and places are located too. Global Village is a place where people can look at the culture of different countries and regions.,https://en.wikipedia.org/wiki/Global_Village_(Dubai),globalvill-2026-10-16
globalvill-2026-10-16-s5,globalvill,Global Village season (February 2027),festival,globalvill,Global Village,25.07,55.308,2027-02-01,2027-02-28,28,major,1.0,1,annual_window,https://www.globalvillage.ae/,"Curated by the project from public listings; each row links the organiser's own page. Wikipedia summaries, where present, are CC BY-SA 4.0.",Global Village (Dubai),Global Village is a cultural destination in the city of Dubai. It has different pavilions to showcase the culture and traditions of each country across the Globe. It is also a festive carnival where different restaurants and places are located too. Global Village is a place where people can look at the culture of different countries and regions.,https://en.wikipedia.org/wiki/Global_Village_(Dubai),globalvill-2026-10-16
globalvill-2026-10-16-s6,globalvill,Global Village season (March 2027),festival,globalvill,Global Village,25.07,55.308,2027-03-01,2027-03-31,31,major,1.0,1,annual_window,https://www.globalvillage.ae/,"Curated by the project from public listings; each row links the organiser's own page. Wikipedia summaries, where present, are CC BY-SA 4.0.",Global Village (Dubai),Global Village is a cultural destination in the city of Dubai. It has different pavilions to showcase the culture and traditions of each country across the Globe. It is also a festive carnival where different restaurants and places are located too. Global Village is a place where people can look at the culture of different countries and regions.,https://en.wikipedia.org/wiki/Global_Village_(Dubai),globalvill-2026-10-16
globalvill-2026-10-16-s7,globalvill,Global Village season (April 2027),festival,globalvill,Global Village,25.07,55.308,2027-04-01,2027-04-30,30,major,1.0,1,annual_window,https://www.globalvillage.ae/,"Curated by the project from public listings; each row links the organiser's own page. Wikipedia summaries, where present, are CC BY-SA 4.0.",Global Village (Dubai),Global Village is a cultural destination in the city of Dubai. It has different pavilions to showcase the culture and traditions of each country across the Globe. It is also a festive carnival where different restaurants and places are located too. Global Village is a place where people can look at the culture of different countries and regions.,https://en.wikipedia.org/wiki/Global_Village_(Dubai),globalvill-2026-10-16
nye-2024-12-31,nye,New Year's Eve fireworks,cultural,burjpark,Burj Park and Dubai Mall,25.1972,55.2744,2024-12-31,2024-12-31,1,major,1.0,1,annual_window,https://www.visitdubai.com/,"Curated by the project from public listings; each row links the organiser's own page. Wikipedia summaries, where present, are CC BY-SA 4.0.",,,,
nye-2025-12-31,nye,New Year's Eve fireworks,cultural,burjpark,Burj Park and Dubai Mall,25.1972,55.2744,2025-12-31,2025-12-31,1,major,1.0,1,annual_window,https://www.visitdubai.com/,"Curated by the project from public listings; each row links the organiser's own page. Wikipedia summaries, where present, are CC BY-SA 4.0.",,,,
nye-2026-12-31,nye,New Year's Eve fireworks,cultural,burjpark,Burj Park and Dubai Mall,25.1972,55.2744,2026-12-31,2026-12-31,1,major,1.0,1,annual_window,https://www.visitdubai.com/,"Curated by the project from public listings; each row links the organiser's own page. Wikipedia summaries, where present, are CC BY-SA 4.0.",,,,
dubaimiracle-2024-11-01-s1,dubaimiracle,Dubai Miracle Garden season (November 2024),festival,globalvill,Global Village,25.07,55.308,2024-11-01,2024-11-30,30,medium,0.5,1,annual_window,https://www.dubaimiraclegarden.com/,"Curated by the project from public listings; each row links the organiser's own page. Wikipedia summaries, where present, are CC BY-SA 4.0.",,,,dubaimiracle-2024-11-01
dubaimiracle-2024-11-01-s2,dubaimiracle,Dubai Miracle Garden season (December 2024),festival,globalvill,Global Village,25.07,55.308,2024-12-01,2024-12-31,31,medium,0.5,1,annual_window,https://www.dubaimiraclegarden.com/,"Curated by the project from public listings; each row links the organiser's own page. Wikipedia summaries, where present, are CC BY-SA 4.0.",,,,dubaimiracle-2024-11-01
dubaimiracle-2024-11-01-s3,dubaimiracle,Dubai Miracle Garden season (January 2025),festival,globalvill,Global Village,25.07,55.308,2025-01-01,2025-01-31,31,medium,0.5,1,annual_window,https://www.dubaimiraclegarden.com/,"Curated by the project from public listings; each row links the organiser's own page. Wikipedia summaries, where present, are CC BY-SA 4.0.",,,,dubaimiracle-2024-11-01
dubaimiracle-2024-11-01-s4,dubaimiracle,Dubai Miracle Garden season (February 2025),festival,globalvill,Global Village,25.07,55.308,2025-02-01,2025-02-28,28,medium,0.5,1,annual_window,https://www.dubaimiraclegarden.com/,"Curated by the project from public listings; each row links the organiser's own page. Wikipedia summaries, where present, are CC BY-SA 4.0.",,,,dubaimiracle-2024-11-01
dubaimiracle-2024-11-01-s5,dubaimiracle,Dubai Miracle Garden season (March 2025),festival,globalvill,Global Village,25.07,55.308,2025-03-01,2025-03-31,31,medium,0.5,1,annual_window,https://www.dubaimiraclegarden.com/,"Curated by the project from public listings; each row links the organiser's own page. Wikipedia summaries, where present, are CC BY-SA 4.0.",,,,dubaimiracle-2024-11-01
dubaimiracle-2024-11-01-s6,dubaimiracle,Dubai Miracle Garden season (April 2025),festival,globalvill,Global Village,25.07,55.308,2025-04-01,2025-04-30,30,medium,0.5,1,annual_window,https://www.dubaimiraclegarden.com/,"Curated by the project from public listings; each row links the organiser's own page. Wikipedia summaries, where present, are CC BY-SA 4.0.",,,,dubaimiracle-2024-11-01
dubaimiracle-2024-11-01-s7,dubaimiracle,Dubai Miracle Garden season (May 2025),festival,globalvill,Global Village,25.07,55.308,2025-05-01,2025-05-15,15,medium,0.5,1,annual_window,https://www.dubaimiraclegarden.com/,"Curated by the project from public listings; each row links the organiser's own page. Wikipedia summaries, where present, are CC BY-SA 4.0.",,,,dubaimiracle-2024-11-01
dubaimiracle-2025-11-01-s1,dubaimiracle,Dubai Miracle Garden season (November 2025),festival,globalvill,Global Village,25.07,55.308,2025-11-01,2025-11-30,30,medium,0.5,1,annual_window,https://www.dubaimiraclegarden.com/,"Curated by the project from public listings; each row links the organiser's own page. Wikipedia summaries, where present, are CC BY-SA 4.0.",,,,dubaimiracle-2025-11-01
dubaimiracle-2025-11-01-s2,dubaimiracle,Dubai Miracle Garden season (December 2025),festival,globalvill,Global Village,25.07,55.308,2025-12-01,2025-12-31,31,medium,0.5,1,annual_window,https://www.dubaimiraclegarden.com/,"Curated by the project from public listings; each row links the organiser's own page. Wikipedia summaries, where present, are CC BY-SA 4.0.",,,,dubaimiracle-2025-11-01
dubaimiracle-2025-11-01-s3,dubaimiracle,Dubai Miracle Garden season (January 2026),festival,globalvill,Global Village,25.07,55.308,2026-01-01,2026-01-31,31,medium,0.5,1,annual_window,https://www.dubaimiraclegarden.com/,"Curated by the project from public listings; each row links the organiser's own page. Wikipedia summaries, where present, are CC BY-SA 4.0.",,,,dubaimiracle-2025-11-01
dubaimiracle-2025-11-01-s4,dubaimiracle,Dubai Miracle Garden season (February 2026),festival,globalvill,Global Village,25.07,55.308,2026-02-01,2026-02-28,28,medium,0.5,1,annual_window,https://www.dubaimiraclegarden.com/,"Curated by the project from public listings; each row links the organiser's own page. Wikipedia summaries, where present, are CC BY-SA 4.0.",,,,dubaimiracle-2025-11-01
dubaimiracle-2025-11-01-s5,dubaimiracle,Dubai Miracle Garden season (March 2026),festival,globalvill,Global Village,25.07,55.308,2026-03-01,2026-03-31,31,medium,0.5,1,annual_window,https://www.dubaimiraclegarden.com/,"Curated by the project from public listings; each row links the organiser's own page. Wikipedia summaries, where present, are CC BY-SA 4.0.",,,,dubaimiracle-2025-11-01
dubaimiracle-2025-11-01-s6,dubaimiracle,Dubai Miracle Garden season (April 2026),festival,globalvill,Global Village,25.07,55.308,2026-04-01,2026-04-30,30,medium,0.5,1,annual_window,https://www.dubaimiraclegarden.com/,"Curated by the project from public listings; each row links the organiser's own page. Wikipedia summaries, where present, are CC BY-SA 4.0.",,,,dubaimiracle-2025-11-01
dubaimiracle-2025-11-01-s7,dubaimiracle,Dubai Miracle Garden season (May 2026),festival,globalvill,Global Village,25.07,55.308,2026-05-01,2026-05-15,15,medium,0.5,1,annual_window,https://www.dubaimiraclegarden.com/,"Curated by the project from public listings; each row links the organiser's own page. Wikipedia summaries, where present, are CC BY-SA 4.0.",,,,dubaimiracle-2025-11-01
dubaimiracle-2026-11-01-s1,dubaimiracle,Dubai Miracle Garden season (November 2026),festival,globalvill,Global Village,25.07,55.308,2026-11-01,2026-11-30,30,medium,0.5,1,annual_window,https://www.dubaimiraclegarden.com/,"Curated by the project from public listings; each row links the organiser's own page. Wikipedia summaries, where present, are CC BY-SA 4.0.",,,,dubaimiracle-2026-11-01
dubaimiracle-2026-11-01-s2,dubaimiracle,Dubai Miracle Garden season (December 2026),festival,globalvill,Global Village,25.07,55.308,2026-12-01,2026-12-31,31,medium,0.5,1,annual_window,https://www.dubaimiraclegarden.com/,"Curated by the project from public listings; each row links the organiser's own page. Wikipedia summaries, where present, are CC BY-SA 4.0.",,,,dubaimiracle-2026-11-01
dubaimiracle-2026-11-01-s3,dubaimiracle,Dubai Miracle Garden season (January 2027),festival,globalvill,Global Village,25.07,55.308,2027-01-01,2027-01-31,31,medium,0.5,1,annual_window,https://www.dubaimiraclegarden.com/,"Curated by the project from public listings; each row links the organiser's own page. Wikipedia summaries, where present, are CC BY-SA 4.0.",,,,dubaimiracle-2026-11-01
dubaimiracle-2026-11-01-s4,dubaimiracle,Dubai Miracle Garden season (February 2027),festival,globalvill,Global Village,25.07,55.308,2027-02-01,2027-02-28,28,medium,0.5,1,annual_window,https://www.dubaimiraclegarden.com/,"Curated by the project from public listings; each row links the organiser's own page. Wikipedia summaries, where present, are CC BY-SA 4.0.",,,,dubaimiracle-2026-11-01
dubaimiracle-2026-11-01-s5,dubaimiracle,Dubai Miracle Garden season (March 2027),festival,globalvill,Global Village,25.07,55.308,2027-03-01,2027-03-31,31,medium,0.5,1,annual_window,https://www.dubaimiraclegarden.com/,"Curated by the project from public listings; each row links the organiser's own page. Wikipedia summaries, where present, are CC BY-SA 4.0.",,,,dubaimiracle-2026-11-01
dubaimiracle-2026-11-01-s6,dubaimiracle,Dubai Miracle Garden season (April 2027),festival,globalvill,Global Village,25.07,55.308,2027-04-01,2027-04-30,30,medium,0.5,1,annual_window,https://www.dubaimiraclegarden.com/,"Curated by the project from public listings; each row links the organiser's own page. Wikipedia summaries, where present, are CC BY-SA 4.0.",,,,dubaimiracle-2026-11-01
dubaimiracle-2026-11-01-s7,dubaimiracle,Dubai Miracle Garden season (May 2027),festival,globalvill,Global Village,25.07,55.308,2027-05-01,2027-05-15,15,medium,0.5,1,annual_window,https://www.dubaimiraclegarden.com/,"Curated by the project from public listings; each row links the organiser's own page. Wikipedia summaries, where present, are CC BY-SA 4.0.",,,,dubaimiracle-2026-11-01
gitex-2024-10-13,gitex,GITEX GLOBAL,exhibition,dwtc,Dubai World Trade Centre,25.2255,55.287,2024-10-13,2024-10-17,5,major,1.0,1,annual_window,https://www.gitex.com/,"Curated by the project from public listings; each row links the organiser's own page. Wikipedia summaries, where present, are CC BY-SA 4.0.",GITEX,"GITEX GLOBAL or GITEX is a computer expo held annually in Dubai, United Arab Emirates at Dubai World Trade Center. It is the MENA region's largest tech expo and the third largest ICT expo in the world.",https://en.wikipedia.org/wiki/GITEX,
gitex-2025-10-13,gitex,GITEX GLOBAL,exhibition,dwtc,Dubai World Trade Centre,25.2255,55.287,2025-10-13,2025-10-17,5,major,1.0,1,annual_window,https://www.gitex.com/,"Curated by the project from public listings; each row links the organiser's own page. Wikipedia summaries, where present, are CC BY-SA 4.0.",GITEX,"GITEX GLOBAL or GITEX is a computer expo held annually in Dubai, United Arab Emirates at Dubai World Trade Center. It is the MENA region's largest tech expo and the third largest ICT expo in the world.",https://en.wikipedia.org/wiki/GITEX,
gitex-2026-10-13,gitex,GITEX GLOBAL,exhibition,dwtc,Dubai World Trade Centre,25.2255,55.287,2026-10-13,2026-10-17,5,major,1.0,1,annual_window,https://www.gitex.com/,"Curated by the project from public listings; each row links the organiser's own page. Wikipedia summaries, where present, are CC BY-SA 4.0.",GITEX,"GITEX GLOBAL or GITEX is a computer expo held annually in Dubai, United Arab Emirates at Dubai World Trade Center. It is the MENA region's largest tech expo and the third largest ICT expo in the world.",https://en.wikipedia.org/wiki/GITEX,
gulfood-2025-02-17,gulfood,Gulfood,exhibition,dwtc,Dubai World Trade Centre,25.2255,55.287,2025-02-17,2025-02-21,5,major,1.0,1,annual_window,https://www.gulfood.com/,"Curated by the project from public listings; each row links the organiser's own page. Wikipedia summaries, where present, are CC BY-SA 4.0.",,,,
gulfood-2026-02-17,gulfood,Gulfood,exhibition,dwtc,Dubai World Trade Centre,25.2255,55.287,2026-02-17,2026-02-21,5,major,1.0,1,annual_window,https://www.gulfood.com/,"Curated by the project from public listings; each row links the organiser's own page. Wikipedia summaries, where present, are CC BY-SA 4.0.",,,,
gulfood-2027-02-17,gulfood,Gulfood,exhibition,dwtc,Dubai World Trade Centre,25.2255,55.287,2027-02-17,2027-02-21,5,major,1.0,1,annual_window,https://www.gulfood.com/,"Curated by the project from public listings; each row links the organiser's own page. Wikipedia summaries, where present, are CC BY-SA 4.0.",,,,
arabhealth-2025-01-27,arabhealth,Arab Health,exhibition,dwtc,Dubai World Trade Centre,25.2255,55.287,2025-01-27,2025-01-30,4,major,1.0,1,annual_window,https://www.arabhealthonline.com/,"Curated by the project from public listings; each row links the organiser's own page. Wikipedia summaries, where present, are CC BY-SA 4.0.",,,,
arabhealth-2026-01-27,arabhealth,Arab Health,exhibition,dwtc,Dubai World Trade Centre,25.2255,55.287,2026-01-27,2026-01-30,4,major,1.0,1,annual_window,https://www.arabhealthonline.com/,"Curated by the project from public listings; each row links the organiser's own page. Wikipedia summaries, where present, are CC BY-SA 4.0.",,,,
arabhealth-2027-01-27,arabhealth,Arab Health,exhibition,dwtc,Dubai World Trade Centre,25.2255,55.287,2027-01-27,2027-01-30,4,major,1.0,1,annual_window,https://www.arabhealthonline.com/,"Curated by the project from public listings; each row links the organiser's own page. Wikipedia summaries, where present, are CC BY-SA 4.0.",,,,
big5-2024-11-24,big5,The Big 5 Global,exhibition,dwtc,Dubai World Trade Centre,25.2255,55.287,2024-11-24,2024-11-27,4,large,0.75,1,annual_window,https://www.big5global.com/,"Curated by the project from public listings; each row links the organiser's own page. Wikipedia summaries, where present, are CC BY-SA 4.0.",,,,
big5-2025-11-24,big5,The Big 5 Global,exhibition,dwtc,Dubai World Trade Centre,25.2255,55.287,2025-11-24,2025-11-27,4,large,0.75,1,annual_window,https://www.big5global.com/,"Curated by the project from public listings; each row links the organiser's own page. Wikipedia summaries, where present, are CC BY-SA 4.0.",,,,
big5-2026-11-24,big5,The Big 5 Global,exhibition,dwtc,Dubai World Trade Centre,25.2255,55.287,2026-11-24,2026-11-27,4,large,0.75,1,annual_window,https://www.big5global.com/,"Curated by the project from public listings; each row links the organiser's own page. Wikipedia summaries, where present, are CC BY-SA 4.0.",,,,
atm-2025-04-28,atm,Arabian Travel Market,exhibition,dwtc,Dubai World Trade Centre,25.2255,55.287,2025-04-28,2025-05-01,4,large,0.75,1,annual_window,https://www.wtm.com/atm/,"Curated by the project from public listings; each row links the organiser's own page. Wikipedia summaries, where present, are CC BY-SA 4.0.",Arabian Travel Market,"Arabian Travel Market, known as ATM, is a travel and tourism event, organized annually in Dubai to provide a platform for inbound and outbound tourism professionals in the Middle East and gives information on tourism destinations, accommodation options, tourism attractions and aviation industry in the Middle East and around the world. The event is organized by RELX.",https://en.wikipedia.org/wiki/Arabian_Travel_Market,
atm-2026-04-28,atm,Arabian Travel Market,exhibition,dwtc,Dubai World Trade Centre,25.2255,55.287,2026-04-28,2026-05-01,4,large,0.75,1,annual_window,https://www.wtm.com/atm/,"Curated by the project from public listings; each row links the organiser's own page. Wikipedia summaries, where present, are CC BY-SA 4.0.",Arabian Travel Market,"Arabian Travel Market, known as ATM, is a travel and tourism event, organized annually in Dubai to provide a platform for inbound and outbound tourism professionals in the Middle East and gives information on tourism destinations, accommodation options, tourism attractions and aviation industry in the Middle East and around the world. The event is organized by RELX.",https://en.wikipedia.org/wiki/Arabian_Travel_Market,
atm-2027-04-28,atm,Arabian Travel Market,exhibition,dwtc,Dubai World Trade Centre,25.2255,55.287,2027-04-28,2027-05-01,4,large,0.75,1,annual_window,https://www.wtm.com/atm/,"Curated by the project from public listings; each row links the organiser's own page. Wikipedia summaries, where present, are CC BY-SA 4.0.",Arabian Travel Market,"Arabian Travel Market, known as ATM, is a travel and tourism event, organized annually in Dubai to provide a platform for inbound and outbound tourism professionals in the Middle East and gives information on tourism destinations, accommodation options, tourism attractions and aviation industry in the Middle East and around the world. The event is organized by RELX.",https://en.wikipedia.org/wiki/Arabian_Travel_Market,
beautyworld-2024-10-27,beautyworld,Beautyworld Middle East,exhibition,dwtc,Dubai World Trade Centre,25.2255,55.287,2024-10-27,2024-10-29,3,medium,0.5,1,annual_window,https://beautyworld-middle-east.ae.messefrankfurt.com/,"Curated by the project from public listings; each row links the organiser's own page. Wikipedia summaries, where present, are CC BY-SA 4.0.",,,,
beautyworld-2025-10-27,beautyworld,Beautyworld Middle East,exhibition,dwtc,Dubai World Trade Centre,25.2255,55.287,2025-10-27,2025-10-29,3,medium,0.5,1,annual_window,https://beautyworld-middle-east.ae.messefrankfurt.com/,"Curated by the project from public listings; each row links the organiser's own page. Wikipedia summaries, where present, are CC BY-SA 4.0.",,,,
beautyworld-2026-10-27,beautyworld,Beautyworld Middle East,exhibition,dwtc,Dubai World Trade Centre,25.2255,55.287,2026-10-27,2026-10-29,3,medium,0.5,1,annual_window,https://beautyworld-middle-east.ae.messefrankfurt.com/,"Curated by the project from public listings; each row links the organiser's own page. Wikipedia summaries, where present, are CC BY-SA 4.0.",,,,
automechanika-2024-12-09,automechanika,Automechanika Dubai,exhibition,dwtc,Dubai World Trade Centre,25.2255,55.287,2024-12-09,2024-12-11,3,medium,0.5,1,annual_window,https://automechanika-dubai.ae.messefrankfurt.com/,"Curated by the project from public listings; each row links the organiser's own page. Wikipedia summaries, where present, are CC BY-SA 4.0.",,,,
automechanika-2025-12-09,automechanika,Automechanika Dubai,exhibition,dwtc,Dubai World Trade Centre,25.2255,55.287,2025-12-09,2025-12-11,3,medium,0.5,1,annual_window,https://automechanika-dubai.ae.messefrankfurt.com/,"Curated by the project from public listings; each row links the organiser's own page. Wikipedia summaries, where present, are CC BY-SA 4.0.",,,,
automechanika-2026-12-09,automechanika,Automechanika Dubai,exhibition,dwtc,Dubai World Trade Centre,25.2255,55.287,2026-12-09,2026-12-11,3,medium,0.5,1,annual_window,https://automechanika-dubai.ae.messefrankfurt.com/,"Curated by the project from public listings; each row links the organiser's own page. Wikipedia summaries, where present, are CC BY-SA 4.0.",,,,
wetex-2024-10-01,wetex,WETEX and Dubai Solar Show,exhibition,dwtc,Dubai World Trade Centre,25.2255,55.287,2024-10-01,2024-10-03,3,medium,0.5,1,annual_window,https://www.wetex.ae/,"Curated by the project from public listings; each row links the organiser's own page. Wikipedia summaries, where present, are CC BY-SA 4.0.",,,,
wetex-2025-10-01,wetex,WETEX and Dubai Solar Show,exhibition,dwtc,Dubai World Trade Centre,25.2255,55.287,2025-10-01,2025-10-03,3,medium,0.5,1,annual_window,https://www.wetex.ae/,"Curated by the project from public listings; each row links the organiser's own page. Wikipedia summaries, where present, are CC BY-SA 4.0.",,,,
wetex-2026-10-01,wetex,WETEX and Dubai Solar Show,exhibition,dwtc,Dubai World Trade Centre,25.2255,55.287,2026-10-01,2026-10-03,3,medium,0.5,1,annual_window,https://www.wetex.ae/,"Curated by the project from public listings; each row links the organiser's own page. Wikipedia summaries, where present, are CC BY-SA 4.0.",,,,
wetex-2027-10-01,wetex,WETEX and Dubai Solar Show,exhibition,dwtc,Dubai World Trade Centre,25.2255,55.287,2027-10-01,2027-10-03,3,medium,0.5,1,annual_window,https://www.wetex.ae/,"Curated by the project from public listings; each row links the organiser's own page. Wikipedia summaries, where present, are CC BY-SA 4.0.",,,,
airportshow-2025-05-12,airportshow,Airport Show,exhibition,dwtc,Dubai World Trade Centre,25.2255,55.287,2025-05-12,2025-05-14,3,small,0.25,1,annual_window,https://www.theairportshow.com/,"Curated by the project from public listings; each row links the organiser's own page. Wikipedia summaries, where present, are CC BY-SA 4.0.",,,,
airportshow-2026-05-12,airportshow,Airport Show,exhibition,dwtc,Dubai World Trade Centre,25.2255,55.287,2026-05-12,2026-05-14,3,small,0.25,1,annual_window,https://www.theairportshow.com/,"Curated by the project from public listings; each row links the organiser's own page. Wikipedia summaries, where present, are CC BY-SA 4.0.",,,,
airportshow-2027-05-12,airportshow,Airport Show,exhibition,dwtc,Dubai World Trade Centre,25.2255,55.287,2027-05-12,2027-05-14,3,small,0.25,1,annual_window,https://www.theairportshow.com/,"Curated by the project from public listings; each row links the organiser's own page. Wikipedia summaries, where present, are CC BY-SA 4.0.",,,,
index-2025-05-26,index,INDEX Design Series,exhibition,dwtc,Dubai World Trade Centre,25.2255,55.287,2025-05-26,2025-05-28,3,small,0.25,1,annual_window,https://www.indexexhibition.com/,"Curated by the project from public listings; each row links the organiser's own page. Wikipedia summaries, where present, are CC BY-SA 4.0.",,,,
index-2026-05-26,index,INDEX Design Series,exhibition,dwtc,Dubai World Trade Centre,25.2255,55.287,2026-05-26,2026-05-28,3,small,0.25,1,annual_window,https://www.indexexhibition.com/,"Curated by the project from public listings; each row links the organiser's own page. Wikipedia summaries, where present, are CC BY-SA 4.0.",,,,
index-2027-05-26,index,INDEX Design Series,exhibition,dwtc,Dubai World Trade Centre,25.2255,55.287,2027-05-26,2027-05-28,3,small,0.25,1,annual_window,https://www.indexexhibition.com/,"Curated by the project from public listings; each row links the organiser's own page. Wikipedia summaries, where present, are CC BY-SA 4.0.",,,,
gess-2024-11-11,gess,GESS Dubai,exhibition,dwtc,Dubai World Trade Centre,25.2255,55.287,2024-11-11,2024-11-13,3,small,0.25,1,annual_window,https://www.gessdubai.com/,"Curated by the project from public listings; each row links the organiser's own page. Wikipedia summaries, where present, are CC BY-SA 4.0.",,,,
gess-2025-11-11,gess,GESS Dubai,exhibition,dwtc,Dubai World Trade Centre,25.2255,55.287,2025-11-11,2025-11-13,3,small,0.25,1,annual_window,https://www.gessdubai.com/,"Curated by the project from public listings; each row links the organiser's own page. Wikipedia summaries, where present, are CC BY-SA 4.0.",,,,
gess-2026-11-11,gess,GESS Dubai,exhibition,dwtc,Dubai World Trade Centre,25.2255,55.287,2026-11-11,2026-11-13,3,small,0.25,1,annual_window,https://www.gessdubai.com/,"Curated by the project from public listings; each row links the organiser's own page. Wikipedia summaries, where present, are CC BY-SA 4.0.",,,,
mee-2025-04-07,mee,Middle East Energy,exhibition,dwtc,Dubai World Trade Centre,25.2255,55.287,2025-04-07,2025-04-09,3,medium,0.5,1,annual_window,https://www.middleeast-energy.com/,"Curated by the project from public listings; each row links the organiser's own page. Wikipedia summaries, where present, are CC BY-SA 4.0.",,,,
mee-2026-04-07,mee,Middle East Energy,exhibition,dwtc,Dubai World Trade Centre,25.2255,55.287,2026-04-07,2026-04-09,3,medium,0.5,1,annual_window,https://www.middleeast-energy.com/,"Curated by the project from public listings; each row links the organiser's own page. Wikipedia summaries, where present, are CC BY-SA 4.0.",,,,
mee-2027-04-07,mee,Middle East Energy,exhibition,dwtc,Dubai World Trade Centre,25.2255,55.287,2027-04-07,2027-04-09,3,medium,0.5,1,annual_window,https://www.middleeast-energy.com/,"Curated by the project from public listings; each row links the organiser's own page. Wikipedia summaries, where present, are CC BY-SA 4.0.",,,,
cityscape-2024-11-17,cityscape,Cityscape Global,exhibition,dwtc,Dubai World Trade Centre,25.2255,55.287,2024-11-17,2024-11-20,4,large,0.75,1,annual_window,https://cityscapeglobal.com/,"Curated by the project from public listings; each row links the organiser's own page. Wikipedia summaries, where present, are CC BY-SA 4.0.",,,,
cityscape-2025-11-17,cityscape,Cityscape Global,exhibition,dwtc,Dubai World Trade Centre,25.2255,55.287,2025-11-17,2025-11-20,4,large,0.75,1,annual_window,https://cityscapeglobal.com/,"Curated by the project from public listings; each row links the organiser's own page. Wikipedia summaries, where present, are CC BY-SA 4.0.",,,,
cityscape-2026-11-17,cityscape,Cityscape Global,exhibition,dwtc,Dubai World Trade Centre,25.2255,55.287,2026-11-17,2026-11-20,4,large,0.75,1,annual_window,https://cityscapeglobal.com/,"Curated by the project from public listings; each row links the organiser's own page. Wikipedia summaries, where present, are CC BY-SA 4.0.",,,,
hotelshow-2025-05-26,hotelshow,The Hotel Show,exhibition,dwtc,Dubai World Trade Centre,25.2255,55.287,2025-05-26,2025-05-28,3,small,0.25,1,annual_window,https://www.thehotelshow.com/,"Curated by the project from public listings; each row links the organiser's own page. Wikipedia summaries, where present, are CC BY-SA 4.0.",,,,
hotelshow-2026-05-26,hotelshow,The Hotel Show,exhibition,dwtc,Dubai World Trade Centre,25.2255,55.287,2026-05-26,2026-05-28,3,small,0.25,1,annual_window,https://www.thehotelshow.com/,"Curated by the project from public listings; each row links the organiser's own page. Wikipedia summaries, where present, are CC BY-SA 4.0.",,,,
hotelshow-2027-05-26,hotelshow,The Hotel Show,exhibition,dwtc,Dubai World Trade Centre,25.2255,55.287,2027-05-26,2027-05-28,3,small,0.25,1,annual_window,https://www.thehotelshow.com/,"Curated by the project from public listings; each row links the organiser's own page. Wikipedia summaries, where present, are CC BY-SA 4.0.",,,,
paperworld-2025-03-03,paperworld,Paperworld Middle East,exhibition,dwtc,Dubai World Trade Centre,25.2255,55.287,2025-03-03,2025-03-05,3,small,0.25,1,annual_window,https://paperworld-middle-east.ae.messefrankfurt.com/,"Curated by the project from public listings; each row links the organiser's own page. Wikipedia summaries, where present, are CC BY-SA 4.0.",,,,
paperworld-2026-03-03,paperworld,Paperworld Middle East,exhibition,dwtc,Dubai World Trade Centre,25.2255,55.287,2026-03-03,2026-03-05,3,small,0.25,1,annual_window,https://paperworld-middle-east.ae.messefrankfurt.com/,"Curated by the project from public listings; each row links the organiser's own page. Wikipedia summaries, where present, are CC BY-SA 4.0.",,,,
paperworld-2027-03-03,paperworld,Paperworld Middle East,exhibition,dwtc,Dubai World Trade Centre,25.2255,55.287,2027-03-03,2027-03-05,3,small,0.25,1,annual_window,https://paperworld-middle-east.ae.messefrankfurt.com/,"Curated by the project from public listings; each row links the organiser's own page. Wikipedia summaries, where present, are CC BY-SA 4.0.",,,,
materials-2024-09-15,materials,Materials Handling Middle East,exhibition,dwtc,Dubai World Trade Centre,25.2255,55.287,2024-09-15,2024-09-17,3,small,0.25,1,annual_window,https://materials-handling-middle-east.ae.messefrankfurt.com/,"Curated by the project from public listings; each row links the organiser's own page. Wikipedia summaries, where present, are CC BY-SA 4.0.",,,,
materials-2025-09-15,materials,Materials Handling Middle East,exhibition,dwtc,Dubai World Trade Centre,25.2255,55.287,2025-09-15,2025-09-17,3,small,0.25,1,annual_window,https://materials-handling-middle-east.ae.messefrankfurt.com/,"Curated by the project from public listings; each row links the organiser's own page. Wikipedia summaries, where present, are CC BY-SA 4.0.",,,,
materials-2026-09-15,materials,Materials Handling Middle East,exhibition,dwtc,Dubai World Trade Centre,25.2255,55.287,2026-09-15,2026-09-17,3,small,0.25,1,annual_window,https://materials-handling-middle-east.ae.messefrankfurt.com/,"Curated by the project from public listings; each row links the organiser's own page. Wikipedia summaries, where present, are CC BY-SA 4.0.",,,,
materials-2027-09-15,materials,Materials Handling Middle East,exhibition,dwtc,Dubai World Trade Centre,25.2255,55.287,2027-09-15,2027-09-17,3,small,0.25,1,annual_window,https://materials-handling-middle-east.ae.messefrankfurt.com/,"Curated by the project from public listings; each row links the organiser's own page. Wikipedia summaries, where present, are CC BY-SA 4.0.",,,,
signage-2024-09-15,signage,Sign and Graphic Imaging Middle East,exhibition,dwtc,Dubai World Trade Centre,25.2255,55.287,2024-09-15,2024-09-17,3,small,0.25,1,annual_window,https://sgi-dubai.com/,"Curated by the project from public listings; each row links the organiser's own page. Wikipedia summaries, where present, are CC BY-SA 4.0.",,,,
signage-2025-09-15,signage,Sign and Graphic Imaging Middle East,exhibition,dwtc,Dubai World Trade Centre,25.2255,55.287,2025-09-15,2025-09-17,3,small,0.25,1,annual_window,https://sgi-dubai.com/,"Curated by the project from public listings; each row links the organiser's own page. Wikipedia summaries, where present, are CC BY-SA 4.0.",,,,
signage-2026-09-15,signage,Sign and Graphic Imaging Middle East,exhibition,dwtc,Dubai World Trade Centre,25.2255,55.287,2026-09-15,2026-09-17,3,small,0.25,1,annual_window,https://sgi-dubai.com/,"Curated by the project from public listings; each row links the organiser's own page. Wikipedia summaries, where present, are CC BY-SA 4.0.",,,,
signage-2027-09-15,signage,Sign and Graphic Imaging Middle East,exhibition,dwtc,Dubai World Trade Centre,25.2255,55.287,2027-09-15,2027-09-17,3,small,0.25,1,annual_window,https://sgi-dubai.com/,"Curated by the project from public listings; each row links the organiser's own page. Wikipedia summaries, where present, are CC BY-SA 4.0.",,,,
woodshow-2025-03-10,woodshow,Dubai International Wood Show,exhibition,dwtc,Dubai World Trade Centre,25.2255,55.287,2025-03-10,2025-03-12,3,small,0.25,1,annual_window,https://www.dubaiwoodshow.com/,"Curated by the project from public listings; each row links the organiser's own page. Wikipedia summaries, where present, are CC BY-SA 4.0.",,,,
woodshow-2026-03-10,woodshow,Dubai International Wood Show,exhibition,dwtc,Dubai World Trade Centre,25.2255,55.287,2026-03-10,2026-03-12,3,small,0.25,1,annual_window,https://www.dubaiwoodshow.com/,"Curated by the project from public listings; each row links the organiser's own page. Wikipedia summaries, where present, are CC BY-SA 4.0.",,,,
woodshow-2027-03-10,woodshow,Dubai International Wood Show,exhibition,dwtc,Dubai World Trade Centre,25.2255,55.287,2027-03-10,2027-03-12,3,small,0.25,1,annual_window,https://www.dubaiwoodshow.com/,"Curated by the project from public listings; each row links the organiser's own page. Wikipedia summaries, where present, are CC BY-SA 4.0.",,,,
wgs-2025-02-10,wgs,World Government Summit,conference,madinat,Madinat Jumeirah,25.133,55.184,2025-02-10,2025-02-12,3,large,0.75,1,annual_window,https://www.worldgovernmentsummit.org/,"Curated by the project from public listings; each row links the organiser's own page. Wikipedia summaries, where present, are CC BY-SA 4.0.",World Governments Summit,"The World Governments Summit is an annual event since 2013, held in Dubai, United Arab Emirates. It brings together leaders in government for a global dialogue with a focus on issues of futurism, technology and innovation. The summit acts as a knowledge exchange hub between government officials, thought leaders, policy makers and private sector leaders to discuss future trends, issues and opportun",https://en.wikipedia.org/wiki/World_Governments_Summit,
wgs-2026-02-10,wgs,World Government Summit,conference,madinat,Madinat Jumeirah,25.133,55.184,2026-02-10,2026-02-12,3,large,0.75,1,annual_window,https://www.worldgovernmentsummit.org/,"Curated by the project from public listings; each row links the organiser's own page. Wikipedia summaries, where present, are CC BY-SA 4.0.",World Governments Summit,"The World Governments Summit is an annual event since 2013, held in Dubai, United Arab Emirates. It brings together leaders in government for a global dialogue with a focus on issues of futurism, technology and innovation. The summit acts as a knowledge exchange hub between government officials, thought leaders, policy makers and private sector leaders to discuss future trends, issues and opportun",https://en.wikipedia.org/wiki/World_Governments_Summit,
wgs-2027-02-10,wgs,World Government Summit,conference,madinat,Madinat Jumeirah,25.133,55.184,2027-02-10,2027-02-12,3,large,0.75,1,annual_window,https://www.worldgovernmentsummit.org/,"Curated by the project from public listings; each row links the organiser's own page. Wikipedia summaries, where present, are CC BY-SA 4.0.",World Governments Summit,"The World Governments Summit is an annual event since 2013, held in Dubai, United Arab Emirates. It brings together leaders in government for a global dialogue with a focus on issues of futurism, technology and innovation. The summit acts as a knowledge exchange hub between government officials, thought leaders, policy makers and private sector leaders to discuss future trends, issues and opportun",https://en.wikipedia.org/wiki/World_Governments_Summit,
stepconf-2025-02-25,stepconf,STEP Conference,conference,dubaiinternet,Dubai Internet City,25.095,55.162,2025-02-25,2025-02-26,2,medium,0.5,1,annual_window,https://www.stepconference.com/,"Curated by the project from public listings; each row links the organiser's own page. Wikipedia summaries, where present, are CC BY-SA 4.0.",,,,
stepconf-2026-02-25,stepconf,STEP Conference,conference,dubaiinternet,Dubai Internet City,25.095,55.162,2026-02-25,2026-02-26,2,medium,0.5,1,annual_window,https://www.stepconference.com/,"Curated by the project from public listings; each row links the organiser's own page. Wikipedia summaries, where present, are CC BY-SA 4.0.",,,,
stepconf-2027-02-25,stepconf,STEP Conference,conference,dubaiinternet,Dubai Internet City,25.095,55.162,2027-02-25,2027-02-26,2,medium,0.5,1,annual_window,https://www.stepconference.com/,"Curated by the project from public listings; each row links the organiser's own page. Wikipedia summaries, where present, are CC BY-SA 4.0.",,,,
seatrade-2024-12-16,seatrade,Seatrade Maritime Middle East,exhibition,dwtc,Dubai World Trade Centre,25.2255,55.287,2024-12-16,2024-12-18,3,small,0.25,1,annual_window,https://www.seatrademaritimeevents.com/,"Curated by the project from public listings; each row links the organiser's own page. Wikipedia summaries, where present, are CC BY-SA 4.0.",,,,
seatrade-2025-12-16,seatrade,Seatrade Maritime Middle East,exhibition,dwtc,Dubai World Trade Centre,25.2255,55.287,2025-12-16,2025-12-18,3,small,0.25,1,annual_window,https://www.seatrademaritimeevents.com/,"Curated by the project from public listings; each row links the organiser's own page. Wikipedia summaries, where present, are CC BY-SA 4.0.",,,,
seatrade-2026-12-16,seatrade,Seatrade Maritime Middle East,exhibition,dwtc,Dubai World Trade Centre,25.2255,55.287,2026-12-16,2026-12-18,3,small,0.25,1,annual_window,https://www.seatrademaritimeevents.com/,"Curated by the project from public listings; each row links the organiser's own page. Wikipedia summaries, where present, are CC BY-SA 4.0.",,,,
worldcup-2025-03-29,worldcup,Dubai World Cup,sport,meydan,Meydan Racecourse,25.156,55.302,2025-03-29,2025-03-29,1,major,1.0,1,annual_window,https://www.dubaiworldcup.com/,"Curated by the project from public listings; each row links the organiser's own page. Wikipedia summaries, where present, are CC BY-SA 4.0.",Dubai World Cup,"The Dubai World Cup is a Thoroughbred horse race held annually since 1996 and contested at the Meydan Racecourse in Dubai, United Arab Emirates. The race is operated by Emirates Racing Authority (ERA) and carries a purse of US$12 million.",https://en.wikipedia.org/wiki/Dubai_World_Cup,
worldcup-2026-03-29,worldcup,Dubai World Cup,sport,meydan,Meydan Racecourse,25.156,55.302,2026-03-29,2026-03-29,1,major,1.0,1,annual_window,https://www.dubaiworldcup.com/,"Curated by the project from public listings; each row links the organiser's own page. Wikipedia summaries, where present, are CC BY-SA 4.0.",Dubai World Cup,"The Dubai World Cup is a Thoroughbred horse race held annually since 1996 and contested at the Meydan Racecourse in Dubai, United Arab Emirates. The race is operated by Emirates Racing Authority (ERA) and carries a purse of US$12 million.",https://en.wikipedia.org/wiki/Dubai_World_Cup,
worldcup-2027-03-29,worldcup,Dubai World Cup,sport,meydan,Meydan Racecourse,25.156,55.302,2027-03-29,2027-03-29,1,major,1.0,1,annual_window,https://www.dubaiworldcup.com/,"Curated by the project from public listings; each row links the organiser's own page. Wikipedia summaries, where present, are CC BY-SA 4.0.",Dubai World Cup,"The Dubai World Cup is a Thoroughbred horse race held annually since 1996 and contested at the Meydan Racecourse in Dubai, United Arab Emirates. The race is operated by Emirates Racing Authority (ERA) and carries a purse of US$12 million.",https://en.wikipedia.org/wiki/Dubai_World_Cup,
dubaimara-2025-01-12,dubaimara,Dubai Marathon,sport,citywide,Citywide,25.2048,55.2708,2025-01-12,2025-01-12,1,large,0.75,1,annual_window,https://dubaimarathon.org/,"Curated by the project from public listings; each row links the organiser's own page. Wikipedia summaries, where present, are CC BY-SA 4.0.",Dubai Marathon,"The Dubai Marathon is an annual road-based marathon hosted by the emirate of Dubai, United Arab Emirates, since 1998. The marathon is categorized as a Gold Label Road Race by World Athletics.",https://en.wikipedia.org/wiki/Dubai_Marathon,
dubaimara-2026-01-12,dubaimara,Dubai Marathon,sport,citywide,Citywide,25.2048,55.2708,2026-01-12,2026-01-12,1,large,0.75,1,annual_window,https://dubaimarathon.org/,"Curated by the project from public listings; each row links the organiser's own page. Wikipedia summaries, where present, are CC BY-SA 4.0.",Dubai Marathon,"The Dubai Marathon is an annual road-based marathon hosted by the emirate of Dubai, United Arab Emirates, since 1998. The marathon is categorized as a Gold Label Road Race by World Athletics.",https://en.wikipedia.org/wiki/Dubai_Marathon,
dubaimara-2027-01-12,dubaimara,Dubai Marathon,sport,citywide,Citywide,25.2048,55.2708,2027-01-12,2027-01-12,1,large,0.75,1,annual_window,https://dubaimarathon.org/,"Curated by the project from public listings; each row links the organiser's own page. Wikipedia summaries, where present, are CC BY-SA 4.0.",Dubai Marathon,"The Dubai Marathon is an annual road-based marathon hosted by the emirate of Dubai, United Arab Emirates, since 1998. The marathon is categorized as a Gold Label Road Race by World Athletics.",https://en.wikipedia.org/wiki/Dubai_Marathon,
dutyfree-2025-02-16,dutyfree,Dubai Duty Free Tennis Championships,sport,tennis,Dubai Duty Free Tennis Stadium,25.243,55.34,2025-02-16,2025-02-28,13,large,0.75,1,annual_window,https://dubaidutyfreetennischampionships.com/,"Curated by the project from public listings; each row links the organiser's own page. Wikipedia summaries, where present, are CC BY-SA 4.0.",Dubai Tennis Championships,"The Dubai Tennis Championships, also known as the Dubai Duty Free Tennis Championships for sponsorship reasons is a professional tennis tournament owned and organized by Dubai Duty Free and held annually in Dubai, United Arab Emirates on outdoor hardcourts. It is currently listed as a WTA 1000 on the WTA Tour and an ATP 500 on the ATP Tour.",https://en.wikipedia.org/wiki/Dubai_Tennis_Championships,
dutyfree-2026-02-16,dutyfree,Dubai Duty Free Tennis Championships,sport,tennis,Dubai Duty Free Tennis Stadium,25.243,55.34,2026-02-16,2026-02-28,13,large,0.75,1,annual_window,https://dubaidutyfreetennischampionships.com/,"Curated by the project from public listings; each row links the organiser's own page. Wikipedia summaries, where present, are CC BY-SA 4.0.",Dubai Tennis Championships,"The Dubai Tennis Championships, also known as the Dubai Duty Free Tennis Championships for sponsorship reasons is a professional tennis tournament owned and organized by Dubai Duty Free and held annually in Dubai, United Arab Emirates on outdoor hardcourts. It is currently listed as a WTA 1000 on the WTA Tour and an ATP 500 on the ATP Tour.",https://en.wikipedia.org/wiki/Dubai_Tennis_Championships,
dutyfree-2027-02-16,dutyfree,Dubai Duty Free Tennis Championships,sport,tennis,Dubai Duty Free Tennis Stadium,25.243,55.34,2027-02-16,2027-02-28,13,large,0.75,1,annual_window,https://dubaidutyfreetennischampionships.com/,"Curated by the project from public listings; each row links the organiser's own page. Wikipedia summaries, where present, are CC BY-SA 4.0.",Dubai Tennis Championships,"The Dubai Tennis Championships, also known as the Dubai Duty Free Tennis Championships for sponsorship reasons is a professional tennis tournament owned and organized by Dubai Duty Free and held annually in Dubai, United Arab Emirates on outdoor hardcourts. It is currently listed as a WTA 1000 on the WTA Tour and an ATP 500 on the ATP Tour.",https://en.wikipedia.org/wiki/Dubai_Tennis_Championships,
desertclassic-2025-01-16,desertclassic,Hero Dubai Desert Classic,sport,golfclub,Emirates Golf Club,25.057,55.165,2025-01-16,2025-01-19,4,large,0.75,1,annual_window,https://dubaidesertclassic.com/,"Curated by the project from public listings; each row links the organiser's own page. Wikipedia summaries, where present, are CC BY-SA 4.0.",Dubai Desert Classic,"The Dubai Desert Classic is a European Tour golf tournament held on the Majlis course at Emirates Golf Club in Dubai, United Arab Emirates. In 1999 and 2000 it was held at Dubai Creek Golf & Yacht Club.",https://en.wikipedia.org/wiki/Dubai_Desert_Classic,
desertclassic-2026-01-16,desertclassic,Hero Dubai Desert Classic,sport,golfclub,Emirates Golf Club,25.057,55.165,2026-01-16,2026-01-19,4,large,0.75,1,annual_window,https://dubaidesertclassic.com/,"Curated by the project from public listings; each row links the organiser's own page. Wikipedia summaries, where present, are CC BY-SA 4.0.",Dubai Desert Classic,"The Dubai Desert Classic is a European Tour golf tournament held on the Majlis course at Emirates Golf Club in Dubai, United Arab Emirates. In 1999 and 2000 it was held at Dubai Creek Golf & Yacht Club.",https://en.wikipedia.org/wiki/Dubai_Desert_Classic,
desertclassic-2027-01-16,desertclassic,Hero Dubai Desert Classic,sport,golfclub,Emirates Golf Club,25.057,55.165,2027-01-16,2027-01-19,4,large,0.75,1,annual_window,https://dubaidesertclassic.com/,"Curated by the project from public listings; each row links the organiser's own page. Wikipedia summaries, where present, are CC BY-SA 4.0.",Dubai Desert Classic,"The Dubai Desert Classic is a European Tour golf tournament held on the Majlis course at Emirates Golf Club in Dubai, United Arab Emirates. In 1999 and 2000 it was held at Dubai Creek Golf & Yacht Club.",https://en.wikipedia.org/wiki/Dubai_Desert_Classic,
sevens-2024-11-28,sevens,Emirates Dubai Rugby Sevens,sport,sevens,The Sevens Stadium,24.926,55.413,2024-11-28,2024-11-30,3,large,0.75,1,annual_window,https://www.dubairugby7s.com/,"Curated by the project from public listings; each row links the organiser's own page. Wikipedia summaries, where present, are CC BY-SA 4.0.",,,,
sevens-2025-11-28,sevens,Emirates Dubai Rugby Sevens,sport,sevens,The Sevens Stadium,24.926,55.413,2025-11-28,2025-11-30,3,large,0.75,1,annual_window,https://www.dubairugby7s.com/,"Curated by the project from public listings; each row links the organiser's own page. Wikipedia summaries, where present, are CC BY-SA 4.0.",,,,
sevens-2026-11-28,sevens,Emirates Dubai Rugby Sevens,sport,sevens,The Sevens Stadium,24.926,55.413,2026-11-28,2026-11-30,3,large,0.75,1,annual_window,https://www.dubairugby7s.com/,"Curated by the project from public listings; each row links the organiser's own page. Wikipedia summaries, where present, are CC BY-SA 4.0.",,,,
dpworldtour-2024-11-13,dpworldtour,DP World Tour Championship,sport,golfclub,Emirates Golf Club,25.057,55.165,2024-11-13,2024-11-16,4,large,0.75,1,annual_window,https://www.europeantour.com/,"Curated by the project from public listings; each row links the organiser's own page. Wikipedia summaries, where present, are CC BY-SA 4.0.",,,,
dpworldtour-2025-11-13,dpworldtour,DP World Tour Championship,sport,golfclub,Emirates Golf Club,25.057,55.165,2025-11-13,2025-11-16,4,large,0.75,1,annual_window,https://www.europeantour.com/,"Curated by the project from public listings; each row links the organiser's own page. Wikipedia summaries, where present, are CC BY-SA 4.0.",,,,
dpworldtour-2026-11-13,dpworldtour,DP World Tour Championship,sport,golfclub,Emirates Golf Club,25.057,55.165,2026-11-13,2026-11-16,4,large,0.75,1,annual_window,https://www.europeantour.com/,"Curated by the project from public listings; each row links the organiser's own page. Wikipedia summaries, where present, are CC BY-SA 4.0.",,,,
uaetour-2025-02-17,uaetour,UAE Tour cycling,sport,citywide,Citywide,25.2048,55.2708,2025-02-17,2025-02-23,7,medium,0.5,1,annual_window,https://uaetour.com/,"Curated by the project from public listings; each row links the organiser's own page. Wikipedia summaries, where present, are CC BY-SA 4.0.",,,,
uaetour-2026-02-17,uaetour,UAE Tour cycling,sport,citywide,Citywide,25.2048,55.2708,2026-02-17,2026-02-23,7,medium,0.5,1,annual_window,https://uaetour.com/,"Curated by the project from public listings; each row links the organiser's own page. Wikipedia summaries, where present, are CC BY-SA 4.0.",,,,
uaetour-2027-02-17,uaetour,UAE Tour cycling,sport,citywide,Citywide,25.2048,55.2708,2027-02-17,2027-02-23,7,medium,0.5,1,annual_window,https://uaetour.com/,"Curated by the project from public listings; each row links the organiser's own page. Wikipedia summaries, where present, are CC BY-SA 4.0.",,,,
dubairun-2024-11-23,dubairun,Dubai Run,sport,citywide,Citywide,25.2048,55.2708,2024-11-23,2024-11-23,1,large,0.75,1,annual_window,https://www.dubaifitnesschallenge.com/dubai-run,"Curated by the project from public listings; each row links the organiser's own page. Wikipedia summaries, where present, are CC BY-SA 4.0.",,,,
dubairun-2025-11-23,dubairun,Dubai Run,sport,citywide,Citywide,25.2048,55.2708,2025-11-23,2025-11-23,1,large,0.75,1,annual_window,https://www.dubaifitnesschallenge.com/dubai-run,"Curated by the project from public listings; each row links the organiser's own page. Wikipedia summaries, where present, are CC BY-SA 4.0.",,,,
dubairun-2026-11-23,dubairun,Dubai Run,sport,citywide,Citywide,25.2048,55.2708,2026-11-23,2026-11-23,1,large,0.75,1,annual_window,https://www.dubaifitnesschallenge.com/dubai-run,"Curated by the project from public listings; each row links the organiser's own page. Wikipedia summaries, where present, are CC BY-SA 4.0.",,,,
dubairide-2024-11-02,dubairide,Dubai Ride,sport,citywide,Citywide,25.2048,55.2708,2024-11-02,2024-11-02,1,medium,0.5,1,annual_window,https://www.dubaifitnesschallenge.com/dubai-ride,"Curated by the project from public listings; each row links the organiser's own page. Wikipedia summaries, where present, are CC BY-SA 4.0.",,,,
dubairide-2025-11-02,dubairide,Dubai Ride,sport,citywide,Citywide,25.2048,55.2708,2025-11-02,2025-11-02,1,medium,0.5,1,annual_window,https://www.dubaifitnesschallenge.com/dubai-ride,"Curated by the project from public listings; each row links the organiser's own page. Wikipedia summaries, where present, are CC BY-SA 4.0.",,,,
dubairide-2026-11-02,dubairide,Dubai Ride,sport,citywide,Citywide,25.2048,55.2708,2026-11-02,2026-11-02,1,medium,0.5,1,annual_window,https://www.dubaifitnesschallenge.com/dubai-ride,"Curated by the project from public listings; each row links the organiser's own page. Wikipedia summaries, where present, are CC BY-SA 4.0.",,,,
artdubai-2025-04-18,artdubai,Art Dubai,cultural,madinat,Madinat Jumeirah,25.133,55.184,2025-04-18,2025-04-20,3,large,0.75,1,annual_window,https://www.artdubai.ae/,"Curated by the project from public listings; each row links the organiser's own page. Wikipedia summaries, where present, are CC BY-SA 4.0.",Art Dubai,"Art Dubai is an international art fair that takes place every March in Dubai. Founded in 2007, Art Dubai is a major platform for art from the Middle East, North Africa and South Asia.",https://en.wikipedia.org/wiki/Art_Dubai,
artdubai-2026-04-18,artdubai,Art Dubai,cultural,madinat,Madinat Jumeirah,25.133,55.184,2026-04-18,2026-04-20,3,large,0.75,1,annual_window,https://www.artdubai.ae/,"Curated by the project from public listings; each row links the organiser's own page. Wikipedia summaries, where present, are CC BY-SA 4.0.",Art Dubai,"Art Dubai is an international art fair that takes place every March in Dubai. Founded in 2007, Art Dubai is a major platform for art from the Middle East, North Africa and South Asia.",https://en.wikipedia.org/wiki/Art_Dubai,
artdubai-2027-04-18,artdubai,Art Dubai,cultural,madinat,Madinat Jumeirah,25.133,55.184,2027-04-18,2027-04-20,3,large,0.75,1,annual_window,https://www.artdubai.ae/,"Curated by the project from public listings; each row links the organiser's own page. Wikipedia summaries, where present, are CC BY-SA 4.0.",Art Dubai,"Art Dubai is an international art fair that takes place every March in Dubai. Founded in 2007, Art Dubai is a major platform for art from the Middle East, North Africa and South Asia.",https://en.wikipedia.org/wiki/Art_Dubai,
designweek-2024-11-04,designweek,Dubai Design Week,cultural,d3,Dubai Design District,25.186,55.296,2024-11-04,2024-11-09,6,medium,0.5,1,annual_window,https://www.dubaidesignweek.ae/,"Curated by the project from public listings; each row links the organiser's own page. Wikipedia summaries, where present, are CC BY-SA 4.0.",,,,
designweek-2025-11-04,designweek,Dubai Design Week,cultural,d3,Dubai Design District,25.186,55.296,2025-11-04,2025-11-09,6,medium,0.5,1,annual_window,https://www.dubaidesignweek.ae/,"Curated by the project from public listings; each row links the organiser's own page. Wikipedia summaries, where present, are CC BY-SA 4.0.",,,,
designweek-2026-11-04,designweek,Dubai Design Week,cultural,d3,Dubai Design District,25.186,55.296,2026-11-04,2026-11-09,6,medium,0.5,1,annual_window,https://www.dubaidesignweek.ae/,"Curated by the project from public listings; each row links the organiser's own page. Wikipedia summaries, where present, are CC BY-SA 4.0.",,,,
litfest-2025-01-30,litfest,Emirates Airline Festival of Literature,cultural,festcity,Dubai Festival City,25.221,55.353,2025-01-30,2025-02-04,6,medium,0.5,1,annual_window,https://www.emirateslitfest.com/,"Curated by the project from public listings; each row links the organiser's own page. Wikipedia summaries, where present, are CC BY-SA 4.0.",,,,
litfest-2026-01-30,litfest,Emirates Airline Festival of Literature,cultural,festcity,Dubai Festival City,25.221,55.353,2026-01-30,2026-02-04,6,medium,0.5,1,annual_window,https://www.emirateslitfest.com/,"Curated by the project from public listings; each row links the organiser's own page. Wikipedia summaries, where present, are CC BY-SA 4.0.",,,,
litfest-2027-01-30,litfest,Emirates Airline Festival of Literature,cultural,festcity,Dubai Festival City,25.221,55.353,2027-01-30,2027-02-04,6,medium,0.5,1,annual_window,https://www.emirateslitfest.com/,"Curated by the project from public listings; each row links the organiser's own page. Wikipedia summaries, where present, are CC BY-SA 4.0.",,,,
soledxb-2024-12-05,soledxb,Sole DXB,cultural,expocity,Expo City Dubai,24.96,55.15,2024-12-05,2024-12-07,3,medium,0.5,1,annual_window,https://soledxb.com/,"Curated by the project from public listings; each row links the organiser's own page. Wikipedia summaries, where present, are CC BY-SA 4.0.",,,,
soledxb-2025-12-05,soledxb,Sole DXB,cultural,expocity,Expo City Dubai,24.96,55.15,2025-12-05,2025-12-07,3,medium,0.5,1,annual_window,https://soledxb.com/,"Curated by the project from public listings; each row links the organiser's own page. Wikipedia summaries, where present, are CC BY-SA 4.0.",,,,
soledxb-2026-12-05,soledxb,Sole DXB,cultural,expocity,Expo City Dubai,24.96,55.15,2026-12-05,2026-12-07,3,medium,0.5,1,annual_window,https://soledxb.com/,"Curated by the project from public listings; each row links the organiser's own page. Wikipedia summaries, where present, are CC BY-SA 4.0.",,,,
quozarts-2025-01-25,quozarts,Quoz Arts Fest,cultural,alserkal,"Alserkal Avenue, Al Quoz",25.14,55.228,2025-01-25,2025-01-26,2,small,0.25,1,annual_window,https://alserkal.online/,"Curated by the project from public listings; each row links the organiser's own page. Wikipedia summaries, where present, are CC BY-SA 4.0.",,,,
quozarts-2026-01-25,quozarts,Quoz Arts Fest,cultural,alserkal,"Alserkal Avenue, Al Quoz",25.14,55.228,2026-01-25,2026-01-26,2,small,0.25,1,annual_window,https://alserkal.online/,"Curated by the project from public listings; each row links the organiser's own page. Wikipedia summaries, where present, are CC BY-SA 4.0.",,,,
quozarts-2027-01-25,quozarts,Quoz Arts Fest,cultural,alserkal,"Alserkal Avenue, Al Quoz",25.14,55.228,2027-01-25,2027-01-26,2,small,0.25,1,annual_window,https://alserkal.online/,"Curated by the project from public listings; each row links the organiser's own page. Wikipedia summaries, where present, are CC BY-SA 4.0.",,,,
jazzfest-2025-02-20,jazzfest,Dubai Jazz Festival,concert,festcity,Dubai Festival City,25.221,55.353,2025-02-20,2025-02-22,3,medium,0.5,1,annual_window,https://www.dubaijazzfest.com/,"Curated by the project from public listings; each row links the organiser's own page. Wikipedia summaries, where present, are CC BY-SA 4.0.",,,,
jazzfest-2026-02-20,jazzfest,Dubai Jazz Festival,concert,festcity,Dubai Festival City,25.221,55.353,2026-02-20,2026-02-22,3,medium,0.5,1,annual_window,https://www.dubaijazzfest.com/,"Curated by the project from public listings; each row links the organiser's own page. Wikipedia summaries, where present, are CC BY-SA 4.0.",,,,
jazzfest-2027-02-20,jazzfest,Dubai Jazz Festival,concert,festcity,Dubai Festival City,25.221,55.353,2027-02-20,2027-02-22,3,medium,0.5,1,annual_window,https://www.dubaijazzfest.com/,"Curated by the project from public listings; each row links the organiser's own page. Wikipedia summaries, where present, are CC BY-SA 4.0.",,,,
watchweek-2024-11-20,watchweek,Dubai Watch Week,cultural,d3,Dubai Design District,25.186,55.296,2024-11-20,2024-11-24,5,small,0.25,1,annual_window,https://www.dubaiwatchweek.com/,"Curated by the project from public listings; each row links the organiser's own page. Wikipedia summaries, where present, are CC BY-SA 4.0.",,,,
watchweek-2025-11-20,watchweek,Dubai Watch Week,cultural,d3,Dubai Design District,25.186,55.296,2025-11-20,2025-11-24,5,small,0.25,1,annual_window,https://www.dubaiwatchweek.com/,"Curated by the project from public listings; each row links the organiser's own page. Wikipedia summaries, where present, are CC BY-SA 4.0.",,,,
watchweek-2026-11-20,watchweek,Dubai Watch Week,cultural,d3,Dubai Design District,25.186,55.296,2026-11-20,2026-11-24,5,small,0.25,1,annual_window,https://www.dubaiwatchweek.com/,"Curated by the project from public listings; each row links the organiser's own page. Wikipedia summaries, where present, are CC BY-SA 4.0.",,,,
filmfest-2024-12-01,filmfest,Dubai International Content Market,cultural,madinat,Madinat Jumeirah,25.133,55.184,2024-12-01,2024-12-03,3,small,0.25,1,annual_window,https://www.visitdubai.com/,"Curated by the project from public listings; each row links the organiser's own page. Wikipedia summaries, where present, are CC BY-SA 4.0.",,,,
filmfest-2025-12-01,filmfest,Dubai International Content Market,cultural,madinat,Madinat Jumeirah,25.133,55.184,2025-12-01,2025-12-03,3,small,0.25,1,annual_window,https://www.visitdubai.com/,"Curated by the project from public listings; each row links the organiser's own page. Wikipedia summaries, where present, are CC BY-SA 4.0.",,,,
filmfest-2026-12-01,filmfest,Dubai International Content Market,cultural,madinat,Madinat Jumeirah,25.133,55.184,2026-12-01,2026-12-03,3,small,0.25,1,annual_window,https://www.visitdubai.com/,"Curated by the project from public listings; each row links the organiser's own page. Wikipedia summaries, where present, are CC BY-SA 4.0.",,,,
fringe-2025-05-08,fringe,Dubai Comedy Festival,concert,arena,"Coca-Cola Arena, City Walk",25.2076,55.2617,2025-05-08,2025-05-17,10,medium,0.5,1,annual_window,https://www.dubaicomedyfest.ae/,"Curated by the project from public listings; each row links the organiser's own page. Wikipedia summaries, where present, are CC BY-SA 4.0.",,,,
fringe-2026-05-08,fringe,Dubai Comedy Festival,concert,arena,"Coca-Cola Arena, City Walk",25.2076,55.2617,2026-05-08,2026-05-17,10,medium,0.5,1,annual_window,https://www.dubaicomedyfest.ae/,"Curated by the project from public listings; each row links the organiser's own page. Wikipedia summaries, where present, are CC BY-SA 4.0.",,,,
fringe-2027-05-08,fringe,Dubai Comedy Festival,concert,arena,"Coca-Cola Arena, City Walk",25.2076,55.2617,2027-05-08,2027-05-17,10,medium,0.5,1,annual_window,https://www.dubaicomedyfest.ae/,"Curated by the project from public listings; each row links the organiser's own page. Wikipedia summaries, where present, are CC BY-SA 4.0.",,,,
nationalday-2024-12-02,nationalday,UAE National Day celebrations,national,citywide,Citywide,25.2048,55.2708,2024-12-02,2024-12-03,2,major,1.0,1,annual_window,https://u.ae/,"Curated by the project from public listings; each row links the organiser's own page. Wikipedia summaries, where present, are CC BY-SA 4.0.",,,,
nationalday-2025-12-02,nationalday,UAE National Day celebrations,national,citywide,Citywide,25.2048,55.2708,2025-12-02,2025-12-03,2,major,1.0,1,annual_window,https://u.ae/,"Curated by the project from public listings; each row links the organiser's own page. Wikipedia summaries, where present, are CC BY-SA 4.0.",,,,
nationalday-2026-12-02,nationalday,UAE National Day celebrations,national,citywide,Citywide,25.2048,55.2708,2026-12-02,2026-12-03,2,major,1.0,1,annual_window,https://u.ae/,"Curated by the project from public listings; each row links the organiser's own page. Wikipedia summaries, where present, are CC BY-SA 4.0.",,,,
flagday-2024-11-03,flagday,UAE Flag Day,national,citywide,Citywide,25.2048,55.2708,2024-11-03,2024-11-03,1,small,0.25,1,annual_window,https://u.ae/,"Curated by the project from public listings; each row links the organiser's own page. Wikipedia summaries, where present, are CC BY-SA 4.0.",,,,
flagday-2025-11-03,flagday,UAE Flag Day,national,citywide,Citywide,25.2048,55.2708,2025-11-03,2025-11-03,1,small,0.25,1,annual_window,https://u.ae/,"Curated by the project from public listings; each row links the organiser's own page. Wikipedia summaries, where present, are CC BY-SA 4.0.",,,,
flagday-2026-11-03,flagday,UAE Flag Day,national,citywide,Citywide,25.2048,55.2708,2026-11-03,2026-11-03,1,small,0.25,1,annual_window,https://u.ae/,"Curated by the project from public listings; each row links the organiser's own page. Wikipedia summaries, where present, are CC BY-SA 4.0.",,,,
ramadanmkt-2025-03-01,ramadanmkt,Ramadan night markets,cultural,alseef,"Al Seef, Dubai Creek",25.262,55.296,2025-03-01,2025-03-29,29,large,0.75,1,calculated,https://www.visitdubai.com/,"Curated by the project from public listings; each row links the organiser's own page. Wikipedia summaries, where present, are CC BY-SA 4.0.",,,,
ramadanmkt-2026-02-18,ramadanmkt,Ramadan night markets,cultural,alseef,"Al Seef, Dubai Creek",25.262,55.296,2026-02-18,2026-03-19,30,large,0.75,1,calculated,https://www.visitdubai.com/,"Curated by the project from public listings; each row links the organiser's own page. Wikipedia summaries, where present, are CC BY-SA 4.0.",,,,
ramadanmkt-2027-02-08,ramadanmkt,Ramadan night markets,cultural,alseef,"Al Seef, Dubai Creek",25.262,55.296,2027-02-08,2027-03-08,29,large,0.75,1,calculated,https://www.visitdubai.com/,"Curated by the project from public listings; each row links the organiser's own page. Wikipedia summaries, where present, are CC BY-SA 4.0.",,,,
eidfitr-2025-03-30,eidfitr,Eid al-Fitr celebrations,national,citywide,Citywide,25.2048,55.2708,2025-03-30,2025-04-01,3,major,1.0,1,calculated,https://u.ae/,"Curated by the project from public listings; each row links the organiser's own page. Wikipedia summaries, where present, are CC BY-SA 4.0.",,,,
eidfitr-2026-03-20,eidfitr,Eid al-Fitr celebrations,national,citywide,Citywide,25.2048,55.2708,2026-03-20,2026-03-22,3,major,1.0,1,calculated,https://u.ae/,"Curated by the project from public listings; each row links the organiser's own page. Wikipedia summaries, where present, are CC BY-SA 4.0.",,,,
eidfitr-2027-03-09,eidfitr,Eid al-Fitr celebrations,national,citywide,Citywide,25.2048,55.2708,2027-03-09,2027-03-11,3,major,1.0,1,calculated,https://u.ae/,"Curated by the project from public listings; each row links the organiser's own page. Wikipedia summaries, where present, are CC BY-SA 4.0.",,,,
eidadha-2025-06-06,eidadha,Eid al-Adha celebrations,national,citywide,Citywide,25.2048,55.2708,2025-06-06,2025-06-08,3,major,1.0,1,calculated,https://u.ae/,"Curated by the project from public listings; each row links the organiser's own page. Wikipedia summaries, where present, are CC BY-SA 4.0.",,,,
eidadha-2026-05-27,eidadha,Eid al-Adha celebrations,national,citywide,Citywide,25.2048,55.2708,2026-05-27,2026-05-29,3,major,1.0,1,calculated,https://u.ae/,"Curated by the project from public listings; each row links the organiser's own page. Wikipedia summaries, where present, are CC BY-SA 4.0.",,,,
eidadha-2027-05-16,eidadha,Eid al-Adha celebrations,national,citywide,Citywide,25.2048,55.2708,2027-05-16,2027-05-18,3,major,1.0,1,calculated,https://u.ae/,"Curated by the project from public listings; each row links the organiser's own page. Wikipedia summaries, where present, are CC BY-SA 4.0.",,,,
hattafest-2024-12-20,hattafest,Hatta Winter Festival,festival,hattaa,Hatta,24.798,56.118,2024-12-20,2025-01-15,27,small,0.25,1,annual_window,https://www.visitdubai.com/,"Curated by the project from public listings; each row links the organiser's own page. Wikipedia summaries, where present, are CC BY-SA 4.0.",,,,
hattafest-2025-12-20,hattafest,Hatta Winter Festival,festival,hattaa,Hatta,24.798,56.118,2025-12-20,2026-01-15,27,small,0.25,1,annual_window,https://www.visitdubai.com/,"Curated by the project from public listings; each row links the organiser's own page. Wikipedia summaries, where present, are CC BY-SA 4.0.",,,,
hattafest-2026-12-20,hattafest,Hatta Winter Festival,festival,hattaa,Hatta,24.798,56.118,2026-12-20,2027-01-15,27,small,0.25,1,annual_window,https://www.visitdubai.com/,"Curated by the project from public listings; each row links the organiser's own page. Wikipedia summaries, where present, are CC BY-SA 4.0.",,,,
beachcanteen-2025-01-10,beachcanteen,Beach Canteen,festival,jumeirah,Jumeirah Public Beach,25.205,55.244,2025-01-10,2025-02-16,38,small,0.25,1,annual_window,https://www.visitdubai.com/,"Curated by the project from public listings; each row links the organiser's own page. Wikipedia summaries, where present, are CC BY-SA 4.0.",,,,
beachcanteen-2026-01-10,beachcanteen,Beach Canteen,festival,jumeirah,Jumeirah Public Beach,25.205,55.244,2026-01-10,2026-02-16,38,small,0.25,1,annual_window,https://www.visitdubai.com/,"Curated by the project from public listings; each row links the organiser's own page. Wikipedia summaries, where present, are CC BY-SA 4.0.",,,,
beachcanteen-2027-01-10,beachcanteen,Beach Canteen,festival,jumeirah,Jumeirah Public Beach,25.205,55.244,2027-01-10,2027-02-16,38,small,0.25,1,annual_window,https://www.visitdubai.com/,"Curated by the project from public listings; each row links the organiser's own page. Wikipedia summaries, where present, are CC BY-SA 4.0.",,,,
marinamarket-2024-10-01-s1,marinamarket,Marina Market season (October 2024),retail,marina,Dubai Marina and JBR,25.079,55.135,2024-10-01,2024-10-31,31,small,0.25,1,annual_window,https://www.visitdubai.com/,"Curated by the project from public listings; each row links the organiser's own page. Wikipedia summaries, where present, are CC BY-SA 4.0.",,,,marinamarket-2024-10-01
marinamarket-2024-10-01-s2,marinamarket,Marina Market season (November 2024),retail,marina,Dubai Marina and JBR,25.079,55.135,2024-11-01,2024-11-30,30,small,0.25,1,annual_window,https://www.visitdubai.com/,"Curated by the project from public listings; each row links the organiser's own page. Wikipedia summaries, where present, are CC BY-SA 4.0.",,,,marinamarket-2024-10-01
marinamarket-2024-10-01-s3,marinamarket,Marina Market season (December 2024),retail,marina,Dubai Marina and JBR,25.079,55.135,2024-12-01,2024-12-31,31,small,0.25,1,annual_window,https://www.visitdubai.com/,"Curated by the project from public listings; each row links the organiser's own page. Wikipedia summaries, where present, are CC BY-SA 4.0.",,,,marinamarket-2024-10-01
marinamarket-2024-10-01-s4,marinamarket,Marina Market season (January 2025),retail,marina,Dubai Marina and JBR,25.079,55.135,2025-01-01,2025-01-31,31,small,0.25,1,annual_window,https://www.visitdubai.com/,"Curated by the project from public listings; each row links the organiser's own page. Wikipedia summaries, where present, are CC BY-SA 4.0.",,,,marinamarket-2024-10-01
marinamarket-2024-10-01-s5,marinamarket,Marina Market season (February 2025),retail,marina,Dubai Marina and JBR,25.079,55.135,2025-02-01,2025-02-28,28,small,0.25,1,annual_window,https://www.visitdubai.com/,"Curated by the project from public listings; each row links the organiser's own page. Wikipedia summaries, where present, are CC BY-SA 4.0.",,,,marinamarket-2024-10-01
marinamarket-2024-10-01-s6,marinamarket,Marina Market season (March 2025),retail,marina,Dubai Marina and JBR,25.079,55.135,2025-03-01,2025-03-31,31,small,0.25,1,annual_window,https://www.visitdubai.com/,"Curated by the project from public listings; each row links the organiser's own page. Wikipedia summaries, where present, are CC BY-SA 4.0.",,,,marinamarket-2024-10-01
marinamarket-2024-10-01-s7,marinamarket,Marina Market season (April 2025),retail,marina,Dubai Marina and JBR,25.079,55.135,2025-04-01,2025-04-30,30,small,0.25,1,annual_window,https://www.visitdubai.com/,"Curated by the project from public listings; each row links the organiser's own page. Wikipedia summaries, where present, are CC BY-SA 4.0.",,,,marinamarket-2024-10-01
marinamarket-2025-10-01-s1,marinamarket,Marina Market season (October 2025),retail,marina,Dubai Marina and JBR,25.079,55.135,2025-10-01,2025-10-31,31,small,0.25,1,annual_window,https://www.visitdubai.com/,"Curated by the project from public listings; each row links the organiser's own page. Wikipedia summaries, where present, are CC BY-SA 4.0.",,,,marinamarket-2025-10-01
marinamarket-2025-10-01-s2,marinamarket,Marina Market season (November 2025),retail,marina,Dubai Marina and JBR,25.079,55.135,2025-11-01,2025-11-30,30,small,0.25,1,annual_window,https://www.visitdubai.com/,"Curated by the project from public listings; each row links the organiser's own page. Wikipedia summaries, where present, are CC BY-SA 4.0.",,,,marinamarket-2025-10-01
marinamarket-2025-10-01-s3,marinamarket,Marina Market season (December 2025),retail,marina,Dubai Marina and JBR,25.079,55.135,2025-12-01,2025-12-31,31,small,0.25,1,annual_window,https://www.visitdubai.com/,"Curated by the project from public listings; each row links the organiser's own page. Wikipedia summaries, where present, are CC BY-SA 4.0.",,,,marinamarket-2025-10-01
marinamarket-2025-10-01-s4,marinamarket,Marina Market season (January 2026),retail,marina,Dubai Marina and JBR,25.079,55.135,2026-01-01,2026-01-31,31,small,0.25,1,annual_window,https://www.visitdubai.com/,"Curated by the project from public listings; each row links the organiser's own page. Wikipedia summaries, where present, are CC BY-SA 4.0.",,,,marinamarket-2025-10-01
marinamarket-2025-10-01-s5,marinamarket,Marina Market season (February 2026),retail,marina,Dubai Marina and JBR,25.079,55.135,2026-02-01,2026-02-28,28,small,0.25,1,annual_window,https://www.visitdubai.com/,"Curated by the project from public listings; each row links the organiser's own page. Wikipedia summaries, where present, are CC BY-SA 4.0.",,,,marinamarket-2025-10-01
marinamarket-2025-10-01-s6,marinamarket,Marina Market season (March 2026),retail,marina,Dubai Marina and JBR,25.079,55.135,2026-03-01,2026-03-31,31,small,0.25,1,annual_window,https://www.visitdubai.com/,"Curated by the project from public listings; each row links the organiser's own page. Wikipedia summaries, where present, are CC BY-SA 4.0.",,,,marinamarket-2025-10-01
marinamarket-2025-10-01-s7,marinamarket,Marina Market season (April 2026),retail,marina,Dubai Marina and JBR,25.079,55.135,2026-04-01,2026-04-30,30,small,0.25,1,annual_window,https://www.visitdubai.com/,"Curated by the project from public listings; each row links the organiser's own page. Wikipedia summaries, where present, are CC BY-SA 4.0.",,,,marinamarket-2025-10-01
marinamarket-2026-10-01-s1,marinamarket,Marina Market season (October 2026),retail,marina,Dubai Marina and JBR,25.079,55.135,2026-10-01,2026-10-31,31,small,0.25,1,annual_window,https://www.visitdubai.com/,"Curated by the project from public listings; each row links the organiser's own page. Wikipedia summaries, where present, are CC BY-SA 4.0.",,,,marinamarket-2026-10-01
marinamarket-2026-10-01-s2,marinamarket,Marina Market season (November 2026),retail,marina,Dubai Marina and JBR,25.079,55.135,2026-11-01,2026-11-30,30,small,0.25,1,annual_window,https://www.visitdubai.com/,"Curated by the project from public listings; each row links the organiser's own page. Wikipedia summaries, where present, are CC BY-SA 4.0.",,,,marinamarket-2026-10-01
marinamarket-2026-10-01-s3,marinamarket,Marina Market season (December 2026),retail,marina,Dubai Marina and JBR,25.079,55.135,2026-12-01,2026-12-31,31,small,0.25,1,annual_window,https://www.visitdubai.com/,"Curated by the project from public listings; each row links the organiser's own page. Wikipedia summaries, where present, are CC BY-SA 4.0.",,,,marinamarket-2026-10-01
marinamarket-2026-10-01-s4,marinamarket,Marina Market season (January 2027),retail,marina,Dubai Marina and JBR,25.079,55.135,2027-01-01,2027-01-31,31,small,0.25,1,annual_window,https://www.visitdubai.com/,"Curated by the project from public listings; each row links the organiser's own page. Wikipedia summaries, where present, are CC BY-SA 4.0.",,,,marinamarket-2026-10-01
marinamarket-2026-10-01-s5,marinamarket,Marina Market season (February 2027),retail,marina,Dubai Marina and JBR,25.079,55.135,2027-02-01,2027-02-28,28,small,0.25,1,annual_window,https://www.visitdubai.com/,"Curated by the project from public listings; each row links the organiser's own page. Wikipedia summaries, where present, are CC BY-SA 4.0.",,,,marinamarket-2026-10-01
marinamarket-2026-10-01-s6,marinamarket,Marina Market season (March 2027),retail,marina,Dubai Marina and JBR,25.079,55.135,2027-03-01,2027-03-31,31,small,0.25,1,annual_window,https://www.visitdubai.com/,"Curated by the project from public listings; each row links the organiser's own page. Wikipedia summaries, where present, are CC BY-SA 4.0.",,,,marinamarket-2026-10-01
marinamarket-2026-10-01-s7,marinamarket,Marina Market season (April 2027),retail,marina,Dubai Marina and JBR,25.079,55.135,2027-04-01,2027-04-30,30,small,0.25,1,annual_window,https://www.visitdubai.com/,"Curated by the project from public listings; each row links the organiser's own page. Wikipedia summaries, where present, are CC BY-SA 4.0.",,,,marinamarket-2026-10-01
marinamarket-2027-10-01-s1,marinamarket,Marina Market season (October 2027),retail,marina,Dubai Marina and JBR,25.079,55.135,2027-10-01,2027-10-31,31,small,0.25,1,annual_window,https://www.visitdubai.com/,"Curated by the project from public listings; each row links the organiser's own page. Wikipedia summaries, where present, are CC BY-SA 4.0.",,,,marinamarket-2027-10-01
ripemarket-2024-11-01-s1,ripemarket,Ripe Market season (November 2024),retail,zabeel,Zabeel Park,25.232,55.304,2024-11-01,2024-11-30,30,small,0.25,1,annual_window,https://ripeme.com/,"Curated by the project from public listings; each row links the organiser's own page. Wikipedia summaries, where present, are CC BY-SA 4.0.",,,,ripemarket-2024-11-01
ripemarket-2024-11-01-s2,ripemarket,Ripe Market season (December 2024),retail,zabeel,Zabeel Park,25.232,55.304,2024-12-01,2024-12-31,31,small,0.25,1,annual_window,https://ripeme.com/,"Curated by the project from public listings; each row links the organiser's own page. Wikipedia summaries, where present, are CC BY-SA 4.0.",,,,ripemarket-2024-11-01
ripemarket-2024-11-01-s3,ripemarket,Ripe Market season (January 2025),retail,zabeel,Zabeel Park,25.232,55.304,2025-01-01,2025-01-31,31,small,0.25,1,annual_window,https://ripeme.com/,"Curated by the project from public listings; each row links the organiser's own page. Wikipedia summaries, where present, are CC BY-SA 4.0.",,,,ripemarket-2024-11-01
ripemarket-2024-11-01-s4,ripemarket,Ripe Market season (February 2025),retail,zabeel,Zabeel Park,25.232,55.304,2025-02-01,2025-02-28,28,small,0.25,1,annual_window,https://ripeme.com/,"Curated by the project from public listings; each row links the organiser's own page. Wikipedia summaries, where present, are CC BY-SA 4.0.",,,,ripemarket-2024-11-01
ripemarket-2024-11-01-s5,ripemarket,Ripe Market season (March 2025),retail,zabeel,Zabeel Park,25.232,55.304,2025-03-01,2025-03-31,31,small,0.25,1,annual_window,https://ripeme.com/,"Curated by the project from public listings; each row links the organiser's own page. Wikipedia summaries, where present, are CC BY-SA 4.0.",,,,ripemarket-2024-11-01
ripemarket-2024-11-01-s6,ripemarket,Ripe Market season (April 2025),retail,zabeel,Zabeel Park,25.232,55.304,2025-04-01,2025-04-15,15,small,0.25,1,annual_window,https://ripeme.com/,"Curated by the project from public listings; each row links the organiser's own page. Wikipedia summaries, where present, are CC BY-SA 4.0.",,,,ripemarket-2024-11-01
ripemarket-2025-11-01-s1,ripemarket,Ripe Market season (November 2025),retail,zabeel,Zabeel Park,25.232,55.304,2025-11-01,2025-11-30,30,small,0.25,1,annual_window,https://ripeme.com/,"Curated by the project from public listings; each row links the organiser's own page. Wikipedia summaries, where present, are CC BY-SA 4.0.",,,,ripemarket-2025-11-01
ripemarket-2025-11-01-s2,ripemarket,Ripe Market season (December 2025),retail,zabeel,Zabeel Park,25.232,55.304,2025-12-01,2025-12-31,31,small,0.25,1,annual_window,https://ripeme.com/,"Curated by the project from public listings; each row links the organiser's own page. Wikipedia summaries, where present, are CC BY-SA 4.0.",,,,ripemarket-2025-11-01
ripemarket-2025-11-01-s3,ripemarket,Ripe Market season (January 2026),retail,zabeel,Zabeel Park,25.232,55.304,2026-01-01,2026-01-31,31,small,0.25,1,annual_window,https://ripeme.com/,"Curated by the project from public listings; each row links the organiser's own page. Wikipedia summaries, where present, are CC BY-SA 4.0.",,,,ripemarket-2025-11-01
ripemarket-2025-11-01-s4,ripemarket,Ripe Market season (February 2026),retail,zabeel,Zabeel Park,25.232,55.304,2026-02-01,2026-02-28,28,small,0.25,1,annual_window,https://ripeme.com/,"Curated by the project from public listings; each row links the organiser's own page. Wikipedia summaries, where present, are CC BY-SA 4.0.",,,,ripemarket-2025-11-01
ripemarket-2025-11-01-s5,ripemarket,Ripe Market season (March 2026),retail,zabeel,Zabeel Park,25.232,55.304,2026-03-01,2026-03-31,31,small,0.25,1,annual_window,https://ripeme.com/,"Curated by the project from public listings; each row links the organiser's own page. Wikipedia summaries, where present, are CC BY-SA 4.0.",,,,ripemarket-2025-11-01
ripemarket-2025-11-01-s6,ripemarket,Ripe Market season (April 2026),retail,zabeel,Zabeel Park,25.232,55.304,2026-04-01,2026-04-15,15,small,0.25,1,annual_window,https://ripeme.com/,"Curated by the project from public listings; each row links the organiser's own page. Wikipedia summaries, where present, are CC BY-SA 4.0.",,,,ripemarket-2025-11-01
ripemarket-2026-11-01-s1,ripemarket,Ripe Market season (November 2026),retail,zabeel,Zabeel Park,25.232,55.304,2026-11-01,2026-11-30,30,small,0.25,1,annual_window,https://ripeme.com/,"Curated by the project from public listings; each row links the organiser's own page. Wikipedia summaries, where present, are CC BY-SA 4.0.",,,,ripemarket-2026-11-01
ripemarket-2026-11-01-s2,ripemarket,Ripe Market season (December 2026),retail,zabeel,Zabeel Park,25.232,55.304,2026-12-01,2026-12-31,31,small,0.25,1,annual_window,https://ripeme.com/,"Curated by the project from public listings; each row links the organiser's own page. Wikipedia summaries, where present, are CC BY-SA 4.0.",,,,ripemarket-2026-11-01
ripemarket-2026-11-01-s3,ripemarket,Ripe Market season (January 2027),retail,zabeel,Zabeel Park,25.232,55.304,2027-01-01,2027-01-31,31,small,0.25,1,annual_window,https://ripeme.com/,"Curated by the project from public listings; each row links the organiser's own page. Wikipedia summaries, where present, are CC BY-SA 4.0.",,,,ripemarket-2026-11-01
ripemarket-2026-11-01-s4,ripemarket,Ripe Market season (February 2027),retail,zabeel,Zabeel Park,25.232,55.304,2027-02-01,2027-02-28,28,small,0.25,1,annual_window,https://ripeme.com/,"Curated by the project from public listings; each row links the organiser's own page. Wikipedia summaries, where present, are CC BY-SA 4.0.",,,,ripemarket-2026-11-01
ripemarket-2026-11-01-s5,ripemarket,Ripe Market season (March 2027),retail,zabeel,Zabeel Park,25.232,55.304,2027-03-01,2027-03-31,31,small,0.25,1,annual_window,https://ripeme.com/,"Curated by the project from public listings; each row links the organiser's own page. Wikipedia summaries, where present, are CC BY-SA 4.0.",,,,ripemarket-2026-11-01
ripemarket-2026-11-01-s6,ripemarket,Ripe Market season (April 2027),retail,zabeel,Zabeel Park,25.232,55.304,2027-04-01,2027-04-15,15,small,0.25,1,annual_window,https://ripeme.com/,"Curated by the project from public listings; each row links the organiser's own page. Wikipedia summaries, where present, are CC BY-SA 4.0.",,,,ripemarket-2026-11-01
